"id","filename","ident","name","type","frequency_khz","latitude_deg","longitude_deg","elevation_ft","iso_country","dme_frequency_khz","dme_channel","dme_latitude_deg","dme_longitude_deg","dme_elevation_ft","slaved_variation_deg","magnetic_variation_deg","usageType","power","associated_airport"
85169,"Auckland_VOR-DME_NZ","AA","Auckland","VOR-DME",114800,-37.004600524902344,174.81399536132812,13,"NZ",114800,"095X",,,,19.011,19.282,"BOTH","HIGH","NZAA"
85181,"Ahmedabad_VOR-DME_IN","AAE","Ahmedabad","VOR-DME",113100,23.072200775146484,72.625,184,"IN",113100,"078X",,,,0.011,-0.099,"BOTH","HIGH","VAAH"
85184,"Aalborg_VOR-DME_DK","AAL","Aalborg","VOR-DME",116700,57.10369873046875,9.995579719543457,57,"DK",116700,"114X",57.1039,9.99281,57,1.008,0.589,"RNAV","HIGH","EKYT"
85186,"Arar_VORTAC_SA","AAR","Arar","VORTAC",113300,30.908000946044922,41.1422004699707,1811,"SA",113300,"080X",,,,2.007,3.355,"BOTH","HIGH","OERR"
85187,"Amritsar_VOR-DME_IN","AAR","Amritsar","VOR-DME",115500,31.706899642944336,74.80079650878906,752,"IN",115500,"102X",,,,2.011,1.28,"BOTH","HIGH","VIAR"
85188,"Agartala_VOR-DME_IN","AAT","Agartala","VOR-DME",116100,23.88960075378418,91.23970031738281,47,"IN",116100,"108X",,,,0.011,-0.302,"BOTH","HIGH","VEAT"
85189,"Aurangabad_VOR-DME_IN","AAU","Aurangabad","VOR-DME",116300,19.864700317382812,75.39409637451172,1908,"IN",116300,"110X",,,,-1.011,-0.464,"BOTH","HIGH","VAAU"
85202,"Aruba_VOR-DME_AW","ABA","Aruba","VOR-DME",112500,12.50979995727539,-69.9406967163086,59,"AW",112500,"072X",,,,-4.001,-9.37,"BOTH","HIGH","TNCA"
85204,"Nabb_VORTAC_US","ABB","Nabb","VORTAC",112400,38.58879852294922,-85.63600158691406,710,"US",112400,"071X",,,,1.001,-4.045,"LO","MEDIUM",
85205,"Abbeville_VOR-DME_FR","ABB","Abbeville","VOR-DME",108450,50.135101318359375,1.8546899557113647,223,"FR",108450,"021Y",,,,-3.007,-1.232,"BOTH","HIGH","LFOI"
85206,"Abuja_VOR-DME_NG","ABC","Abuja","VOR-DME",116300,9.037799835205078,7.285099983215332,1240,"NG",116300,"110X",,,,,-2.022,"BOTH","MEDIUM","DNAA"
85207,"Abadan_VOR-DME_IR","ABD","Abadan","VOR-DME",114500,30.386999130249023,48.21760177612305,10,"IR",114500,"092X",,,,3.001,3.069,"BOTH","HIGH","OIAA"
85210,"Abha_VORTAC_SA","ABH","Abha","VORTAC",112900,18.241899490356445,42.656898498535156,6862,"SA",112900,"076X",,,,1.007,2.111,"BOTH","HIGH","OEAB"
85211,"Abilene_VORTAC_US","ABI","Abilene","VORTAC",113700,32.481300354003906,-99.8635025024414,1810,"US",113700,"084X",,,,10.012,6.246,"BOTH","HIGH","KDYS"
85213,"Abakan_VOR-DME_RU","ABK","Abakan","VOR-DME",113300,53.744998931884766,91.38500213623047,830,"RU",113300,"080X",,,,4.007,4.192,"BOTH","HIGH","UNAA"
85217,"Albuquerque_VORTAC_US","ABQ","Albuquerque","VORTAC",113200,35.043800354003906,-106.81600189208984,5743,"US",113200,"079X",,,,13.001,9.551,"BOTH","HIGH",
85218,"Aberdeen_VOR-DME_US","ABR","Aberdeen","VOR-DME",113000,45.41740036010742,-98.36869812011719,1301,"US",113000,"077X",,,,7.001,5.316,"BOTH","HIGH",
85220,"Abu_Argub_VOR-DME_LY","ABU","Abu Argub","VOR-DME",115100,32.462799072265625,13.169400215148926,470,"LY",115100,"098X",,,,,1.291,"BOTH","HIGH","LY-0019"
85222,"Alexander_Bay_VOR-DME_ZA","ABV","Alexander Bay","VOR-DME",112100,-28.57069969177246,16.533899307250977,98,"ZA",112100,"058X",,,,-18.007,-19.183,"BOTH","HIGH","FAAB"
85227,"Acapulco_VOR-DME_MX","ACA","Acapulco","VOR-DME",115900,16.758499145507812,-99.75399780273438,13,"MX",115900,"106X",,,,8.007,6.192,"BOTH","HIGH","MMAA"
85228,"Accra_VOR-DME_GH","ACC","Accra","VOR-DME",113100,5.634109973907471,-0.15534399449825287,205,"GH",113100,"078X",,,,-7.009,-4.426,"BOTH","HIGH","DGAA"
85231,"Anton_Chico_VORTAC_US","ACH","Anton Chico","VORTAC",117800,35.111698150634766,-105.04000091552734,5450,"US",117800,"125X",,,,12.001,9.091,"BOTH","HIGH","US-11921"
85232,"Aracaju_VOR-DME_BR","ACJ","Aracaju","VOR-DME",112000,-10.984000205993652,-37.0713996887207,26,"BR",112000,"057X",,,,-22.007,-22.589,"BOTH","HIGH","SBAR"
85234,"Nantucket_VOR-DME_US","ACK","Nantucket","VOR-DME",116200,41.28179931640625,-70.02670288085938,100,"US",116200,"109X",,,,-15.001,-15.298,"BOTH","HIGH","KACK"
85235,"Akron_VOR-DME_US","ACO","Akron","VOR-DME",114400,41.1078987121582,-81.20149993896484,1200,"US",114400,"091X",,,,-4.004,-8.159,"LO","MEDIUM",
85238,"Waco_VORTAC_US","ACT","Waco","VORTAC",115300,31.66230010986328,-97.26899719238281,510,"US",115300,"100X",,,,9.008,4.574,"BOTH","HIGH",
85239,"Arcata_VOR-DME_US","ACV","Arcata","VOR-DME",110200,40.98139953613281,-124.10800170898438,193,"US",110200,"039X",,,,17.001,15.535,"LO","LOW","KACV"
85240,"Atlantic_City_VORTAC_US","ACY","Atlantic City","VORTAC",108600,39.45589828491211,-74.57630157470703,70,"US",108600,"023X",,,,-10.002,-12.268,"LO","MEDIUM","KACY"
85242,"Adelaide_VOR-DME_AU","AD","Adelaide","VOR-DME",116400,-34.9468994140625,138.5240020751953,32,"AU",116400,"111X",,,,7.007,8.07,"BOTH","HIGH","YPAD"
85243,"Abidjan_VOR-DME_CI","AD","Abidjan","VOR-DME",114300,5.282810211181641,-3.9170000553131104,30,"CI",114300,"090X",,,,-7.003,-6.003,"BOTH","HIGH","DIAP"
85256,"Aldeia_VOR-DME_BR","ADA","Aldeia","VOR-DME",112100,-22.81279945373535,-42.095298767089844,61,"BR",112100,"058X",,,,,-22.048,"BOTH","HIGH","SBES"
85257,"Adana_VOR-DME_TR","ADA","Adana","VOR-DME",112700,36.94060134887695,35.21030044555664,49,"TR",112700,"074X",,,,3.007,4.175,"BOTH","HIGH","LTAF"
85263,"Ada_VOR-DME_US","ADH","Ada","VOR-DME",117800,34.8026008605957,-96.67009735107422,987,"US",117800,"125X",,,,6.001,4.33,"LO","LOW",
85265,"Sochi_VOR-DME_RU","ADL","Sochi","VOR-DME",112700,43.40330123901367,39.948299407958984,36,"RU",112700,"074X",,,,5.006,5.527,"BOTH","HIGH","URSS"
85266,"Ardmore_VORTAC_US","ADM","Ardmore","VORTAC",116700,34.21160125732422,-97.16829681396484,925,"US",116700,"114X",,,,6.003,4.523,"BOTH","HIGH",
85267,"Agadir_VOR-DME_MA","ADM","Agadir","VOR-DME",117200,30.3218994140625,-9.383330345153809,295,"MA",117200,"119X",,,,-5.007,-3.548,"BOTH","HIGH","GMAD"
85268,"Roberto_VOR-DME_MX","ADN","Roberto","VOR-DME",115400,25.865400314331055,-100.23899841308594,1476,"MX",115400,"101X",,,,7.004,6.258,"BOTH","HIGH","MMAN"
85269,"Aberdeen_VOR-DME_GB","ADN","Aberdeen","VOR-DME",114300,57.31060028076172,-2.2672200202941895,600,"GB",114300,"090X",,,,-5.001,-4.148,"BOTH","HIGH","EGPD"
85271,"Adrar_VOR-DME_DZ","ADR","Adrar","VOR-DME",112600,27.816999435424805,-0.2058670073747635,920,"DZ",112600,"073X",,,,,-1.172,"BOTH","LOW","DAUA"
85273,"Addis_Abeba_VOR-DME_ET","ADS","Addis Abeba","VOR-DME",112900,8.975040435791016,38.799400329589844,7656,"ET",112900,"076X",,,,,1.393,"BOTH","HIGH","HAAB"
85276,"Andrews_VORTAC_US","ADW","Andrews","VORTAC",113100,38.80720138549805,-76.86620330810547,260,"US",113100,"078X",,,,-10.005,-10.463,"LO","MEDIUM","KADW"
85278,"Abeche_VOR_TD","AE","Abeche","VOR",114500,13.845100402832031,20.844999313354492,1804,"TD",,,,,,,1.03,"BOTH","HIGH","FTTC"
85282,"Albert_Lea_VOR-DME_US","AEL","Albert Lea","VOR-DME",109800,43.681800842285156,-93.37079620361328,1265,"US",109800,"035X",,,,5.001,1.315,"TERMINAL","LOW",
85284,"Alexandria_VORTAC_US","AEX","Alexandria","VORTAC",116100,31.25670051574707,-92.5009994506836,80,"US",116100,"108X",,,,3.009,2.012,"BOTH","HIGH",
85289,"Affligem_VOR-DME_BE","AFI","Affligem","VOR-DME",114900,50.907798767089844,4.138889789581299,284,"BE",114900,"096X",,,,-2.01,-0.416,"TERMINAL","HIGH","EBBR"
85302,"Allegheny_VOR-DME_US","AGC","Allegheny","VOR-DME",110000,40.27870178222656,-80.04090118408203,1290,"US",110000,"037X",,,,-9.004,-8.553,"LO","MEDIUM",
85304,"Agra_VOR-DME_IN","AGG","Agra","VOR-DME",112000,27.150699615478516,77.94750213623047,551,"IN",112000,"057X",,,,0.011,0.219,"BOTH","MEDIUM","VIAG"
85306,"Anchialos_VOR-DME_GR","AGH","Anchialos","VOR-DME",110400,39.21620178222656,22.791900634765625,65,"GR",110400,"041X",,,,0.011,3.164,"BOTH","MEDIUM","LGBL"
504648,"Gooch Springs_VORTAC_US","AGJ","Gooch Springs","VORTAC",112500,31.185,-98.141,1191,"US",,,,,,,,"HI","HIGH",
85308,"Agen_VOR-DME_FR","AGN","Agen","VOR-DME",114800,43.88800048828125,0.8728610277175903,868,"FR",114800,"095X",,,,-2.007,-1.062,"BOTH","HIGH",
85310,"Aguascalientes_VOR-DME_MX","AGU","Aguascalientes","VOR-DME",113600,21.71139907836914,-102.31900024414062,6112,"MX",113600,"083X",,,,8.001,7.097,"BOTH","HIGH","MMAS"
85312,"Aggeneys_VOR-DME_ZA","AGV","Aggeneys","VOR-DME",116700,-29.48110008239746,18.5625,3356,"ZA",116700,"114X",,,,,-20.1,"BOTH","HIGH",
85313,"Acarigua_VOR-DME_VE","AGV","Acarigua","VOR-DME",113400,9.554750442504883,-69.23619842529297,640,"VE",113400,"081X",,,,-6.007,-9.393,"BOTH","HIGH","SVAC"
85315,"Ayaguz_VOR_KZ","AGZ","Ayaguz","VOR",113600,47.93109893798828,80.44969940185547,,"KZ",,,,,,,5.555,"BOTH","HIGH",
85319,"Amedee_VOR-DME_US","AHC","Amedee","VOR-DME",109000,40.26789855957031,-120.1520004272461,4028,"US",109000,"027X",,,,17.001,15.017,"TERMINAL","LOW",
85321,"Athens_VORTAC_US","AHN","Athens","VORTAC",109600,33.947601318359375,-83.32479858398438,790,"US",109600,"033X",,,,0.001,-4.57,"BOTH","MEDIUM","KAHN"
85333,"Alliance_VOR-DME_US","AIA","Alliance","VOR-DME",111800,42.055599212646484,-102.80400085449219,3925,"US",111800,"055X",,,,11.001,8.342,"LO","MEDIUM",
85338,"Bellaire_VOR-DME_US","AIR","Bellaire","VOR-DME",117100,40.016998291015625,-80.81729888916016,1290,"US",117100,"118X",,,,-7.01,-8.152,"BOTH","HIGH",
85348,"Awaji_VOR-DME_JP","AJE","Awaji","VOR-DME",115600,34.270301818847656,134.71299743652344,884,"JP",115600,"103X",,,,-7.011,-6.56,"BOTH","LOW",
85349,"Al_Jouf_VORTAC_SA","AJF","Al Jouf","VORTAC",117800,29.788999557495117,40.07419967651367,2261,"SA",117800,"125X",,,,,3.29,"BOTH","HIGH","OESK"
85351,"Ajaccio_VOR-DME_FR","AJO","Ajaccio","VOR-DME",114800,41.77050018310547,8.774669647216797,2142,"FR",114800,"095X",41.7701,8.77447,,0.007,1.002,"BOTH","HIGH",
85363,"Aktyubinsk_VOR-DME_KZ","AKB","Aktyubinsk","VOR-DME",113400,50.263099670410156,57.18389892578125,735,"KZ",113400,"081X",,,,8.007,9.443,"BOTH","HIGH","UATT"
85365,"Amakusa_VOR-DME_JP","AKE","Amakusa","VOR-DME",113450,32.48099899291992,130.16000366210938,354,"JP",113450,"081Y",,,,-6.011,-6.25,"LO","LOW","RJDA"
85367,"Akureyri_VOR-DME_IS","AKI","Akureyri","VOR-DME",113600,65.75969696044922,-18.004199981689453,2053,"IS",113600,"083X",,,,-19.007,-15.392,"BOTH","HIGH","BIAR"
85369,"Al_Kharj_VORTAC_SA","AKJ","Al Kharj","VORTAC",117300,24.068199157714844,47.40760040283203,1479,"SA",117300,"120X",,,,,2.156,"BOTH","LOW",
85371,"King_Salmon_VORTAC_US","AKN","King Salmon","VORTAC",112800,58.724700927734375,-156.7519989013672,89,"US",112800,"075X",,,,21.001,16.44,"BOTH","HIGH","PAKN"
85372,"Akron_VOR-DME_US","AKO","Akron","VOR-DME",114400,40.155601501464844,-103.18000030517578,4620,"US",114400,"091X",,,,13.001,8.391,"LO","HIGH",
85377,"Preveza_Aktion_VOR-DME_GR","AKT","Preveza/Aktion","VOR-DME",110000,38.92490005493164,20.761499404907227,-10,"GR",110000,"037X",,,,,3.003,"TERMINAL","MEDIUM",
85378,"Aktau_VOR-DME_KZ","AKT","Aktau","VOR-DME",113300,43.85860061645508,51.101898193359375,59,"KZ",113300,"080X",,,,6.007,6.372,"BOTH","HIGH","UATE"
85394,"Albany_VORTAC_US","ALB","Albany","VORTAC",115300,42.74720001220703,-73.8031997680664,275,"US",115300,"100X",,,,-13.004,-14.006,"BOTH","MEDIUM","KALB"
85395,"Allersberg_VOR-DME_DE","ALB","Allersberg","VOR-DME",111200,49.21440124511719,11.221400260925293,1434,"DE",111200,"049X",,,,1.01,1.326,"BOTH","HIGH",
85396,"Albenga_VOR-DME_IT","ALB","Albenga","VOR-DME",116950,44.04819869995117,8.127619743347168,136,"IT",116950,"116Y",44.0483,8.12761,136,,0.501,"BOTH","MEDIUM","LIMG"
85397,"Amami_VORTAC_JP","ALC","Amami","VORTAC",115500,28.443700790405273,129.58399963378906,996,"JP",115500,"102X",28.4435,129.583,996,-4.007,-5.084,"BOTH","HIGH","RJKA"
85399,"Allendale_VOR_US","ALD","Allendale","VOR",116700,33.01250076293945,-81.29219818115234,190,"US",,,,,,-1.001,-6.129,"LO","MEDIUM",
85400,"Al_Udeid_VORTAC_QA","ALD","Al Udeid","VORTAC",115200,25.13949966430664,51.30509948730469,37,"QA",115200,"099X",,,,,1.568,"BOTH","LOW","OTBH"
85402,"Aleppo_VOR-DME_SY","ALE","Aleppo","VOR-DME",114500,36.17919921875,37.209598541259766,1276,"SY",114500,"092X",,,,2.007,4.171,"BOTH","HIGH","OSAP"
85405,"Alghero_VORTAC_IT","ALG","Alghero","VORTAC",113800,40.62810134887695,8.243889808654785,1447,"IT",113800,"085X",,,,0.007,0.533,"BOTH","HIGH","LIEA"
85408,"Alice_VOR_US","ALI","Alice","VOR",114500,27.73979949951172,-98.02130126953125,170,"US",,,,,,6.012,5.234,"LO","MEDIUM","KALI"
85409,"Aligarh_VOR-DME_IN","ALI","Aligarh","VOR-DME",117900,27.829299926757812,78.17829895019531,587,"IN",117900,"126X",,,,1.011,0.287,"BOTH","HIGH",
85412,"Alma_VOR_SE","ALM","Alma","VOR",116400,55.41130065917969,13.557499885559082,,"SE",,,,,,2.001,2.181,"RNAV","HIGH",
85413,"Almaty_VOR-DME_KZ","ALM","Almaty","VOR-DME",112300,43.3744010925293,77.08580017089844,2211,"KZ",112300,"070X",,,,4.007,4.451,"BOTH","HIGH","UAAA"
85414,"Al_Hoceima_VOR-DME_MA","ALM","Al Hoceima","VOR-DME",115000,35.19110107421875,-3.8417301177978516,46,"MA",115000,"097X",,,,-5.007,-2.05,"BOTH","HIGH","GMTA"
85416,"Al_Ain_VOR-DME_AE","ALN","Al Ain","VOR-DME",112600,24.25979995727539,55.60639953613281,842,"AE",112600,"073X",,,,0.007,1.196,"BOTH","HIGH","OMAL"
85417,"Waterloo_VORTAC_US","ALO","Waterloo","VORTAC",112200,42.55649948120117,-92.3989028930664,865,"US",112200,"059X",,,,6.001,0.509,"BOTH","HIGH","KALO"
85420,"Alger_VOR-DME_DZ","ALR","Alger","VOR-DME",112500,36.69110107421875,3.215559959411621,82,"DZ",112500,"072X",,,,-1.006,-0.139,"BOTH","HIGH","DAAG"
85421,"Alsie_VOR_DK","ALS","Alsie","VOR",114700,54.905399322509766,9.993379592895508,,"DK",,,,,,1.008,1.031,"RNAV","HIGH",
85422,"Alamosa_VORTAC_US","ALS","Alamosa","VORTAC",113900,37.34920120239258,-105.81600189208984,7535,"US",113900,"086X",,,,13.001,9.45,"BOTH","HIGH",
85424,"Alicante_VOR-DME_ES","ALT","Alicante","VOR-DME",113800,38.2682991027832,-0.570114016532898,166,"ES",113800,"085X",38.2683,-0.570061,166,,-1.138,"BOTH","HIGH","LEAL"
85427,"Walla_Walla_VOR-DME_US","ALW","Walla Walla","VOR-DME",116400,46.08700180053711,-118.29299926757812,1150,"US",116400,"111X",,,,20.001,16.139,"LO","MEDIUM","KALW"
85428,"Alexandroupolis_VOR-DME_GR","ALX","Alexandroupolis","VOR-DME",113800,40.85499954223633,25.957199096679688,26,"GR",113800,"085X",,,,3.007,3.516,"BOTH","HIGH","LGAL"
85442,"Santiago_VOR-DME_CL","AMB","Santiago","VOR-DME",116100,-33.419700622558594,-70.7844009399414,1572,"CL",116100,"108X",,,,5.007,3.354,"BOTH","HIGH","SCEL"
85443,"Amboise_VOR-DME_FR","AMB","Amboise","VOR-DME",113700,47.42890167236328,1.0644400119781494,361,"FR",113700,"084X",,,,-3.007,-1.212,"BOTH","HIGH","LFOT"
85447,"Kasari_VOR-DME_JP","AME","Kasari","VOR-DME",113950,28.43470001220703,129.71099853515625,47,"JP",113950,"086Y",,,,-5.011,-5.083,"LO","LOW","RJKA"
85450,"Alma_VORTAC_US","AMG","Alma","VORTAC",115100,31.536500930786133,-82.50810241699219,200,"US",115100,"098X",,,,0.001,-5.027,"BOTH","HIGH",
85452,"Armel_VORTAC_US","AML","Armel","VORTAC",113500,38.934600830078125,-77.4666976928711,297,"US",113500,"082X",,,,-8.001,-10.239,"BOTH","MEDIUM","KIAD"
85456,"Ambon_VOR-DME_ID","AMN","Ambon","VOR-DME",115500,-3.614919900894165,128.18600463867188,33,"ID",115500,"102X",,,,2.007,2.06,"BOTH","HIGH","WAPP"
85457,"Amman_VOR-DME_JO","AMN","Amman","VOR-DME",116300,32.00410079956055,36.066001892089844,2264,"JO",116300,"110X",,,,,3.433,"LO","MEDIUM","OJAM"
85461,"Almeria_VOR-DME_ES","AMR","Almeria","VOR-DME",114100,36.83319854736328,-2.2594199180603027,233,"ES",114100,"088X",36.8331,-2.25944,233,-3.007,-1.404,"BOTH","HIGH","LEAM"
85462,"Amsterdam_VOR-DME_NL","AMS","Amsterdam","VOR-DME",113950,52.332801818847656,4.705560207366943,-7,"NL",113950,"086Y",,,,,-0.383,"TERMINAL","LOW",
85465,"Ambato_VOR-DME_EC","AMV","Ambato","VOR-DME",112700,-1.285889983177185,-78.54630279541016,9978,"EC",112700,"074X",,,,1.007,-1.263,"LO","HIGH","SEAM"
85481,"Annaba_VOR-DME_DZ","ANB","Annaba","VOR-DME",113500,36.81669998168945,7.800000190734863,16,"DZ",113500,"082X",,,,-2.007,0.471,"BOTH","HIGH","DABB"
85483,"Ancona_VOR-DME_IT","ANC","Ancona","VOR-DME",110650,43.58639907836914,13.471099853515625,842,"IT",110650,"043Y",,,,1.007,2.004,"BOTH","HIGH","LIPY"
85484,"Anchorage_VOR-DME_US","ANC","Anchorage","VOR-DME",114300,61.15079879760742,-150.20700073242188,287,"US",114300,"090X",,,,25.001,20.108,"BOTH","HIGH","PANC"
85486,"Andong_VOR-DME_CN","AND","Andong","VOR-DME",114800,30.253299713134766,121.21800231933594,17,"CN",114800,"095X",,,,,-4.592,"BOTH","HIGH",
85487,"Andoya_VOR-DME_NO","AND","Andoya","VOR-DME",112200,69.28780364990234,16.141399383544922,54,"NO",112200,"059X",,,,3.007,4.303,"RNAV","HIGH","ENAN"
85488,"Andahuaylas_VOR-DME_PE","AND","Andahuaylas","VOR-DME",114300,-13.714200019836426,-73.37779998779297,11997,"PE",114300,"090X",,,,-1.007,-2.146,"BOTH","HIGH","SPHY"
85493,"Angers_VOR_FR","ANG","Angers","VOR",113000,47.53689956665039,-0.8518329858779907,283,"FR",,,,,,-3.007,-2,"BOTH","HIGH",
85496,"Anarak_VOR-DME_IR","ANK","Anarak","VOR-DME",112700,33.537498474121094,53.729698181152344,3348,"IR",112700,"074X",,,,3.001,3.213,"BOTH","HIGH",
85499,"Annette_Island_VOR-DME_US","ANN","Annette Island","VOR-DME",117100,55.06039810180664,-131.5780029296875,174,"US",117100,"118X",,,,27.001,21.341,"BOTH","HIGH","PANT"
85500,"Anapolis_VOR-DME_BR","ANP","Anapolis","VOR-DME",115400,-16.260700225830078,-48.992000579833984,2960,"BR",115400,"101X",,,,,-19.435,"BOTH","HIGH","SBAN"
85505,"Antwerpen_VOR-DME_BE","ANT","Antwerpen","VOR-DME",113500,51.19060134887695,4.472499847412109,78,"BE",113500,"082X",,,,,-0.364,"TERMINAL","LOW","EBAW"
85506,"Antoni_VOR-DME_FI","ANT","Antoni","VOR-DME",113700,60.862998962402344,25.126800537109375,314,"FI",113700,"084X",,,,5.007,7.219,"RNAV","HIGH",
85508,"V_C_Bird_VOR-DME_AG","ANU","V C Bird","VOR-DME",114500,17.125900268554688,-61.800201416015625,400,"AG",114500,"092X",,,,-13.007,-14.252,"BOTH","HIGH","TAPA"
85511,"Ainsworth_VOR-DME_US","ANW","Ainsworth","VOR-DME",112700,42.56909942626953,-99.98970031738281,2582,"US",112700,"074X",,,,9.001,6.449,"LO","MEDIUM",
85513,"Napoleon_VORTAC_US","ANX","Napoleon","VORTAC",114000,39.095401763916016,-94.12879943847656,878,"US",114000,"087X",,,,7.001,2.354,"LO","MEDIUM",
85514,"Anthony_VORTAC_US","ANY","Anthony","VORTAC",112900,37.15890121459961,-98.17070007324219,1390,"US",112900,"076X",,,,7.01,5.293,"BOTH","MEDIUM",
85515,"Achmad_Yani_VOR-DME_ID","ANY","Achmad Yani","VOR-DME",115200,-6.974720001220703,110.37999725341797,10,"ID",115200,"099X",,,,0.007,1.114,"BOTH","HIGH","WARS"
85522,"Allen_Co_VOR_US","AOH","Allen Co","VOR",108400,40.70709991455078,-83.96820068359375,980,"US",,,,,,-4.001,-5.554,"TERMINAL","LOW",
85523,"Altoona_VOR_US","AOO","Altoona","VOR",108800,40.325401306152344,-78.30370330810547,1630,"US",,,,,,-7.002,-10.131,"LO","MEDIUM","KAOO"
85538,"Appleton_VORTAC_US","APE","Appleton","VORTAC",116700,40.151100158691406,-82.58830261230469,1350,"US",116700,"114X",,,,-6.001,-6.539,"BOTH","HIGH","KLCK"
85542,"Alpena_VORTAC_US","APN","Alpena","VORTAC",108800,45.082801818847656,-83.55699920654297,680,"US",108800,"025X",,,,-7.001,-7.332,"LO","MEDIUM","KAPN"
85543,"Apan_VOR-DME_MX","APN","Apan","VOR-DME",114800,19.63719940185547,-98.39859771728516,8000,"MX",114800,"095X",,,,7.007,5.426,"BOTH","HIGH",
85545,"Anpu_VOR-DME_TW","APU","Anpu","VOR-DME",112500,25.17690086364746,121.52200317382812,3546,"TW",112500,"072X",,,,-3.007,-3.444,"BOTH","HIGH","RCSS"
85551,"Aqaba_VOR-DME_JO","AQB","Aqaba","VOR-DME",113100,29.583499908447266,35.008201599121094,175,"JO",113100,"078X",,,,,3.275,"TERMINAL","HIGH","OJAQ"
85568,"Araxos_VOR-DME_GR","ARA","Araxos","VOR-DME",112700,38.10969924926758,21.42530059814453,56,"GR",112700,"074X",,,,1.007,2.599,"BOTH","HIGH","LGRX"
85571,"Ardabil_VOR-DME_IR","ARB","Ardabil","VOR-DME",115700,38.3031005859375,48.441001892089844,4315,"IR",115700,"104X",,,,4.001,4.496,"BOTH","HIGH","OITL"
85574,"Arad_VOR-DME_RO","ARD","Arad","VOR-DME",109000,46.18410110473633,21.143600463867188,341,"RO",109000,"027X",,,,2.007,3.397,"BOTH","HIGH","LRAR"
85575,"Yardley_VOR-DME_US","ARD","Yardley","VOR-DME",108200,40.253299713134766,-74.90760040283203,300,"US",108200,"019X",,,,-10.002,-12.293,"BOTH","MEDIUM","KTTN"
85577,"Monts_D_Arree_VOR_FR","ARE","Monts D Arree","VOR",112500,48.33259963989258,-3.6024699211120605,588,"FR",,,,,,-5.007,-3.048,"BOTH","HIGH",
85581,"Walnut_Ridge_VORTAC_US","ARG","Walnut Ridge","VORTAC",114500,36.11000061035156,-90.95369720458984,260,"US",114500,"092X",,,,4.001,0.292,"BOTH","HIGH",
85582,"Argyle_VOR-DME_AU","ARG","Argyle","VOR-DME",113900,-16.63170051574707,128.44900512695312,536,"AU",113900,"086X",-16.6347,128.447,536,3.007,3.244,"BOTH","HIGH","YARG"
85585,"El_Arish_VOR-DME_EG","ARH","El Arish","VOR-DME",113600,31.072999954223633,33.83190155029297,140,"EG",113600,"083X",,,,3.005,3.332,"BOTH","HIGH","HEAR"
85586,"Arica_VOR-DME_CL","ARI","Arica","VOR-DME",116500,-18.369400024414062,-70.34639739990234,88,"CL",116500,"112X",,,,-1.007,-3.172,"BOTH","HIGH","SCAR"
85587,"Nador_Arwi_VOR-DME_MA","ARI","Nador Arwi","VOR-DME",116000,34.986698150634766,-3.029170036315918,574,"MA",116000,"107X",,,,,-1.521,"BOTH","HIGH","GMMW"
85588,"Agri_VOR-DME_TR","ARI","Agri","VOR-DME",116700,39.67169952392578,43.020599365234375,5354,"TR",116700,"114X",,,,,5.083,"BOTH","MEDIUM","LTCO"
85591,"Arlanda_VOR-DME_SE","ARL","Arlanda","VOR-DME",116000,59.65340042114258,17.914400100708008,141,"SE",116000,"107X",,,,3.001,4.138,"BOTH","HIGH","ESSA"
85597,"Ardrossan_VOR_AU","ARS","Ardrossan","VOR",115800,-34.416528,137.893347,291,"AU",,,,,,7.007,7.457,"BOTH","HIGH",
85598,"Aros_VOR-DME_SE","ARS","Aros","VOR-DME",112800,59.58620071411133,16.650400161743164,50,"SE",112800,"075X",,,,2.001,3.426,"RNAV","HIGH","ESOW"
85601,"Watertown_VORTAC_US","ART","Watertown","VORTAC",109800,43.95199966430664,-76.0645980834961,370,"US",109800,"035X",,,,-12.004,-13.013,"BOTH","MEDIUM","KGTB"
430643,"Rize-Artvin_VOR-DME_TN","ART","Rize-Artvin","VOR-DME",110450,41.1815,40.858,,"TN",,,,,,,,"TERMINAL","MEDIUM","LTFO"
85605,"Araxa_VOR-DME_BR","ARX","Araxa","VOR-DME",117000,-19.68899917602539,-47.06050109863281,3989,"BR",117000,"117X",,,,-19.007,-20.187,"BOTH","HIGH","SBAX"
85607,"Agades_VOR_NE","AS","Agades","VOR",113500,16.975000381469727,8.02322006225586,1673,"NE",,,,,,,-0.394,"BOTH","HIGH","DRZA"
85608,"Alice_Springs_VOR-DME_AU","AS","Alice Springs","VOR-DME",115900,-23.79290008544922,133.8780059814453,1857,"AU",115900,"106X",-23.7927,133.878,1857,5.007,5.082,"BOTH","HIGH","YBAS"
85619,"Ali_Al_Salem_VORTAC_KW","ASB","Ali Al Salem","VORTAC",116000,29.3439998626709,47.51890182495117,455,"KW",116000,"107X",,,,2.001,2.598,"BOTH","LOW","OKAS"
85620,"Ashgabat_VOR-DME_TM","ASB","Ashgabat","VOR-DME",114500,37.98500061035156,58.35169982910156,710,"TM",114500,"092X",,,,4.007,4.216,"BOTH","HIGH","UTAA"
85622,"Al-Shigar_VOR-DME_SA","ASH","Al-Shigar","VOR-DME",112300,30.122800827026367,38.798099517822266,1810,"SA",112300,"070X",,,,,3.325,"BOTH","HIGH",
85623,"Ascension_Aux_Af_VORTAC_SH","ASI","Ascension Aux Af","VORTAC",112200,-7.969880104064941,-14.397299766540527,495,"SH",112200,"059X",,,,,-16.386,"RNAV","HIGH","FHAW"
85624,"Asia_VOR-DME_PE","ASI","Asia","VOR-DME",115300,-12.760600090026855,-76.60639953613281,186,"PE",115300,"100X",,,,0.007,-0.037,"BOTH","HIGH",
85629,"Asmara_VOR-DME_ER","ASM","Asmara","VOR-DME",113700,15.284000396728516,38.900901794433594,7661,"ER",113700,"084X",,,,,2.158,"BOTH","HIGH","HHAS"
85630,"Aswan_VOR-DME_EG","ASN","Aswan","VOR-DME",112300,23.971799850463867,32.81700134277344,668,"EG",112300,"070X",,,,3.007,2.578,"BOTH","HIGH","HESN"
85632,"Au_Sable_VOR-DME_US","ASP","Au Sable","VOR-DME",116100,44.449100494384766,-83.39430236816406,627,"US",116100,"108X",,,,-7.001,-7.291,"BOTH","HIGH",
85634,"Asyut_VOR-DME_EG","AST","Asyut","VOR-DME",117700,27.031200408935547,31.032499313354492,850,"EG",117700,"124X",,,,2.007,3.053,"BOTH","HIGH","HEAT"
85635,"Astana_VOR-DME_KZ","AST","Astana","VOR-DME",114200,51.0010986328125,71.43419647216797,1178,"KZ",114200,"089X",,,,,9.196,"BOTH","MEDIUM","UACC"
85636,"Astoria_VOR-DME_US","AST","Astoria","VOR-DME",114000,46.16170120239258,-123.87999725341797,10,"US",114000,"087X",,,,19.001,17.281,"LO","MEDIUM",
85640,"Ashland_VOR-DME_US","ASX","Ashland","VOR-DME",110200,46.549400329589844,-90.91719818115234,820,"US",110200,"039X",,,,2.001,-1.106,"LO","LOW",
85654,"Alta_VOR-DME_NO","ATA","Alta","VOR-DME",117400,69.97760009765625,23.37179946899414,32,"NO",117400,"121X",,,,7.001,8.569,"RNAV","HIGH","ENAT"
85658,"Akita_VOR-DME_JP","ATE","Akita","VOR-DME",116100,39.71160125732422,140.06199645996094,54,"JP",116100,"108X",,,,-7.007,-8.162,"BOTH","HIGH","RJSK"
85659,"Alicante_VOR-DME_ES","ATE","Alicante","VOR-DME",114650,38.28609848022461,-0.5866000056266785,192,"ES",114650,"093Y",38.2861,-0.586617,192,,-1.141,"LO","HIGH","LEAL"
85660,"Alta_Floresta_VOR-DME_BR","ATF","Alta Floresta","VOR-DME",113400,-9.868359565734863,-56.10490036010742,947,"BR",113400,"081X",,,,-14.007,-16.131,"BOTH","HIGH","SBAT"
85664,"Atlanta_VORTAC_US","ATL","Atlanta","VORTAC",116900,33.62910079956055,-84.43509674072266,1000,"US",116900,"116X",33.6246,-84.4258,1000,0.003,-4.022,"BOTH","HIGH","KATL"
85665,"Altamira_VOR_BR","ATM","Altamira","VOR",113200,-3.2493300437927246,-52.24769973754883,367,"BR",,,,,,-17.007,-18.279,"BOTH","HIGH","SBHT"
85667,"Autun_VOR-DME_FR","ATN","Autun","VOR-DME",114900,46.80590057373047,4.2591400146484375,2244,"FR",114900,"096X",46.8055,4.25939,,-1.007,-0.188,"BOTH","HIGH",
85668,"Atyrau_VOR-DME_KZ","ATR","Atyrau","VOR-DME",112300,47.14390182495117,51.802799224853516,-82,"KZ",112300,"070X",,,,7.007,8.019,"BOTH","HIGH","UATG"
85669,"Waterloo_VOR-DME_US","ATR","Waterloo","VOR-DME",112600,38.80979919433594,-75.2113037109375,5,"US",112600,"073X",,,,-9.001,-11.514,"BOTH","MEDIUM",
85673,"Athinai_VOR-DME_GR","ATV","Athinai","VOR-DME",114400,37.88859939575195,23.81439971923828,1535,"GR",114400,"091X",,,,1.007,3.174,"BOTH","HIGH",
85674,"Watertown_VORTAC_US","ATY","Watertown","VORTAC",116600,44.979698181152344,-97.1417007446289,1750,"US",116600,"113X",,,,9.001,4.335,"LO","MEDIUM","KATY"
85682,"Arauca_VOR-DME_CO","AUC","Arauca","VOR-DME",114000,7.067150115966797,-70.7322006225586,424,"CO",114000,"087X",,,,-6.006,-8.183,"BOTH","HIGH","SKUC"
85683,"Augusta_VOR-DME_US","AUG","Augusta","VOR-DME",111400,44.31999969482422,-69.79660034179688,349,"US",111400,"051X",,,,-18.001,-16.422,"LO","MEDIUM",
85685,"Abu_Dhabi_VOR-DME_AE","AUH","Abu Dhabi","VOR-DME",113000,24.443199157714844,54.64649963378906,68,"AE",113000,"077X",,,,0.007,1.282,"BOTH","HIGH","OMAA"
85687,"La_Aurora_VOR-DME_GT","AUR","La Aurora","VOR-DME",114500,14.590999603271484,-90.5260009765625,4952,"GT",114500,"092X",,,,4.007,2.363,"BOTH","HIGH","MGGT"
85688,"Wausau_VORTAC_US","AUW","Wausau","VORTAC",111600,44.8468017578125,-89.58660125732422,1210,"US",111600,"053X",,,,2.001,-2.019,"LO","MEDIUM",
85689,"Avalon_VOR-DME_AU","AV","Avalon","VOR-DME",116100,-38.04890060424805,144.45899963378906,35,"AU",116100,"108X",-38.0489,144.459,35,11.011,11.288,"BOTH","HIGH","YMAV"
85700,"Avenal_VORTAC_US","AVE","Avenal","VORTAC",117100,35.64699935913086,-119.97899627685547,710,"US",117100,"118X",,,,16.001,13.488,"BOTH","HIGH",
85704,"Avignon_VOR_FR","AVN","Avignon","VOR",112300,43.995399475097656,4.746389865875244,,"FR",,,,,,-2.007,-0.01,"BOTH","HIGH",
85710,"Asahikawa_VOR-DME_JP","AWE","Asahikawa","VOR-DME",113500,43.667301177978516,142.45700073242188,769,"JP",113500,"082X",,,,-8.007,-9.114,"BOTH","HIGH","RJEC"
85712,"Wake_Island_VORTAC_UM","AWK","Wake Island","VORTAC",113500,19.28499984741211,166.6280059814453,10,"UM",113500,"082X",,,,6.002,5.464,"BOTH","HIGH","PWAK"
85715,"Ahwaz_VOR-DME_IR","AWZ","Ahwaz","VOR-DME",114000,31.337600708007812,48.76430130004883,66,"IR",114000,"087X",,,,3.001,3.147,"BOTH","HIGH","OIAW"
87328,"Decatur_VORTAC_US","AXC","Decatur","VORTAC",117200,39.7375214,-88.8564314,708,"US",117200,"119X",,,,3,3,"BOTH","HIGH","KDEC"
85722,"Alexandria_VOR-DME_US","AXN","Alexandria","VOR-DME",112800,45.95840072631836,-95.23259735107422,1380,"US",112800,"075X",,,,7.001,2.519,"LO","MEDIUM","KAXN"
85723,"Albury_VOR-DME_AU","AY","Albury","VOR-DME",115600,-36.06809997558594,146.96600341796875,550,"AU",115600,"103X",-36.0681,146.966,550,11.007,11.519,"BOTH","HIGH","YMAY"
85734,"Waycross_VORTAC_US","AYS","Waycross","VORTAC",110200,31.269399642944336,-82.556396484375,150,"US",110200,"039X",,,,0.001,-4.575,"LO","MEDIUM",
85736,"Antalya_VOR-DME_TR","AYT","Antalya","VOR-DME",114000,36.922167,30.7955,167,"TR",114000,"087X",,,,2,3.6,"BOTH","HIGH","LTAI"
85744,"Kalamazoo_VOR-DME_US","AZO","Kalamazoo","VOR-DME",109000,42.23699951171875,-85.5531997680664,870,"US",109000,"027X",,,,-1.001,-4.59,"LO","MEDIUM","KAZO"
85745,"Hazard_VOR-DME_US","AZQ","Hazard","VOR-DME",111200,37.391300201416016,-83.26300048828125,1247,"US",111200,"049X",,,,-4.001,-5.417,"LO","MEDIUM",
85746,"Nice_Cote_D_Azur_VOR-DME_FR","AZR","Nice Cote D Azur","VOR-DME",109650,43.659698486328125,7.224420070648193,12,"FR",109650,"033Y",,,,,0.375,"BOTH","HIGH","LFMN"
85781,"Banda_Aceh_VOR-DME_ID","BAC","Banda Aceh","VOR-DME",113400,5.522630214691162,95.42220306396484,64,"ID",113400,"081X",,,,0.007,-0.597,"BOTH","HIGH","WITT"
85783,"Badger_VORTAC_US","BAE","Badger","VORTAC",116400,43.11690139770508,-88.2843017578125,1080,"US",116400,"111X",,,,2.001,-2.489,"BOTH","HIGH",
85784,"Barnes_VORTAC_US","BAF","Barnes","VORTAC",113000,42.1619987487793,-72.71620178222656,270,"US",113000,"077X",,,,-14.001,-14.256,"BOTH","MEDIUM","KBAF"
85785,"Garcas_VOR-DME_BR","BAG","Garcas","VOR-DME",113300,-15.853500366210938,-52.39569854736328,1147,"BR",113300,"080X",,,,-16.907,-17.532,"BOTH","HIGH","SBBW"
85786,"Baglum_VOR-DME_TR","BAG","Baglum","VOR-DME",113100,40.06949996948242,32.81039810180664,4783,"TR",113100,"078X",,,,3.007,4.332,"BOTH","LOW",
85789,"Bahrain_VOR-DME_BH","BAH","Bahrain","VOR-DME",115300,26.26420021057129,50.64889907836914,24,"BH",115300,"100X",,,,2.007,2.119,"BOTH","HIGH","OBBI"
85792,"Backa_VOR-DME_SE","BAK","Backa","VOR-DME",112700,57.555198669433594,11.976900100708008,301,"SE",112700,"074X",,,,1.001,1.449,"RNAV","HIGH",
85793,"Baltimore_VORTAC_US","BAL","Baltimore","VORTAC",115100,39.17110061645508,-76.66130065917969,140,"US",115100,"098X",,,,-11.001,-11.01,"BOTH","MEDIUM","KBWI"
85794,"El_Libertador_VORTAC_VE","BAL","El Libertador","VORTAC",113900,10.186100006103516,-67.5469970703125,1450,"VE",113900,"086X",,,,,-10.474,"BOTH","HIGH","SVBL"
85795,"Balmaceda_VOR-DME_CL","BAL","Balmaceda","VOR-DME",115500,-45.91310119628906,-71.71279907226562,1719,"CL",115500,"102X",,,,13.007,11.02,"BOTH","HIGH","SCBA"
85796,"Baldonnel_VOR-DME_IE","BAL","Baldonnel","VOR-DME",115800,53.29990005493164,-6.447780132293701,300,"IE",115800,"105X",,,,,-5.097,"BOTH","HIGH","EIME"
85798,"Barmen_VORTAC_DE","BAM","Barmen","VORTAC",113600,51.32780075073242,7.176980018615723,879,"DE",113600,"083X",,,,0.009,0.165,"BOTH","HIGH",
85799,"Battle_Mountain_VORTAC_US","BAM","Battle Mountain","VORTAC",112200,40.56919860839844,-116.9219970703125,4536,"US",112200,"059X",,,,18.001,14.219,"BOTH","HIGH",
85800,"Bam_VOR-DME_IR","BAM","Bam","VOR-DME",114900,29.077499389648438,58.45759963989258,3231,"IR",114900,"096X",,,,2.001,1.559,"BOTH","HIGH","OIKM"
85802,"Sidi_Ben_Aoun_VOR_TN","BAN","Sidi Ben Aoun","VOR",115300,34.86330032348633,9.167779922485352,,"TN",,,,,,-1.007,0.573,"BOTH","HIGH",
85803,"Barahona_VOR-DME_ES","BAN","Barahona","VOR-DME",112800,41.32360076904297,-2.6297900676727295,3717,"ES",112800,"075X",41.3235,-2.62989,3717,-3.007,-1.595,"BOTH","HIGH",
85807,"Barranquilla_VOR-DME_CO","BAQ","Barranquilla","VOR-DME",113700,10.796699523925781,-74.86029815673828,295,"CO",113700,"084X",,,,-4.007,-6.106,"BOTH","HIGH","SKBQ"
85810,"San_Carlos_De_Bariloche_VOR-DME_AR","BAR","San Carlos De Bariloche","VOR-DME",117400,-41.14030075073242,-71.18890380859375,2776,"AR",117400,"121X",,,,8.007,8.037,"BOTH","HIGH","SAZS"
85811,"Bari_VOR-DME_IT","BAR","Bari","VOR-DME",116400,41.1442985534668,16.776399612426758,108,"IT",116400,"111X",,,,1.007,2.306,"BOTH","HIGH","LIBD"
85816,"Batman_VOR-DME_TR","BAT","Batman","VOR-DME",116200,37.9375,41.11970138549805,1818,"TR",116200,"109X",,,,,4.429,"BOTH","HIGH","LTCJ"
85819,"Baotou_VOR-DME_CN","BAV","Baotou","VOR-DME",117300,40.560001373291016,109.99500274658203,3330,"CN",117300,"120X",,,,,-4.235,"BOTH","HIGH",
85821,"Bad_Axe_VOR-DME_US","BAX","Bad Axe","VOR-DME",108200,43.782798767089844,-82.98380279541016,755,"US",108200,"019X",,,,-5.001,-7.373,"TERMINAL","LOW",
85822,"El_Bayadh_VOR_DZ","BAY","El Bayadh","VOR",114800,33.705299377441406,0.9502779841423035,,"DZ",,,,,,,-0.462,"BOTH","HIGH",
85823,"Bayreuth_VOR_DE","BAY","Bayreuth","VOR",110600,49.985198974609375,11.636699676513672,1625,"DE",,,,,,1.009,1.392,"BOTH","MEDIUM","EDQD"
85835,"Mumbai_VOR-DME_IN","BBB","Mumbai","VOR-DME",116600,19.085399627685547,72.87539672851562,36,"IN",116600,"113X",,,,-1.011,-0.504,"BOTH","HIGH","VABB"
85838,"Bagdogra_VOR-DME_IN","BBD","Bagdogra","VOR-DME",116600,26.687599182128906,88.32599639892578,412,"IN",116600,"113X",,,,0.011,-0.089,"BOTH","HIGH","VEBD"
85841,"Bangalore_VOR-DME_IN","BBG","Bangalore","VOR-DME",115500,12.949700355529785,77.68099975585938,2908,"IN",115500,"102X",,,,-2.011,-1.503,"BOTH","HIGH","VOBG"
85842,"Bellary_VOR-DME_IN","BBI","Bellary","VOR-DME",112800,15.16510009765625,76.88059997558594,30,"IN",112800,"075X",,,,-2.011,-1.304,"BOTH","HIGH",
85843,"Salamanca_VOR-DME_ES","BBI","Salamanca","VOR-DME",112200,41.01679992675781,-5.456439971923828,2982,"ES",112200,"059X",41.0168,-5.45653,2982,,-2.53,"BOTH","HIGH","LESA"
85844,"Bhuj_VOR-DME_IN","BBJ","Bhuj","VOR-DME",112600,23.271099090576172,69.66780090332031,268,"IN",112600,"073X",,,,0.011,-0.006,"BOTH","HIGH","VABJ"
85846,"Belgaum_VOR-DME_IN","BBM","Belgaum","VOR-DME",112100,15.856200218200684,74.61689758300781,2488,"IN",112100,"058X",,,,-1.011,-1.232,"BOTH","HIGH","VABM"
85848,"Varanasi_VOR-DME_IN","BBN","Varanasi","VOR-DME",113900,25.45400047302246,82.85929870605469,262,"IN",113900,"086X",,,,0.011,-0.056,"BOTH","HIGH","VEBN"
85850,"Beni_Abbes_VOR-DME_DZ","BBS","Beni Abbes","VOR-DME",115300,30.00830078125,-2.216670036315918,1713,"DZ",115300,"100X",,,,,-1.408,"BOTH","HIGH",
85851,"Bhubaneshwar_VOR-DME_IN","BBS","Bhubaneshwar","VOR-DME",113500,20.244800567626953,85.8113021850586,146,"IN",113500,"082X",,,,-1.011,-0.468,"BOTH","HIGH","VEBS"
85853,"Brandbu_VOR-DME_NO","BBU","Brandbu","VOR-DME",112750,60.4718017578125,10.338899612426758,2148,"NO",112750,"074Y",,,,-1.001,1.018,"RNAV","HIGH",
85855,"Vijayawada_VOR-DME_IN","BBZ","Vijayawada","VOR-DME",116200,16.52079963684082,80.79419708251953,82,"IN",116200,"109X",,,,,-1.172,"BOTH","HIGH","VOBZ"
85856,"Bacolod_VOR_PH","BC","Bacolod","VOR",114900,10.63759994506836,122.92500305175781,30,"PH",,,,,,0.011,-0.334,"TERMINAL","LOW","PH-0682"
85865,"Bahia_Blanca_VOR-DME_AR","BCA","Bahia Blanca","VOR-DME",114300,-38.720001220703125,-62.15829849243164,246,"AR",114300,"090X",,,,0.007,-1.187,"BOTH","HIGH","SAZB"
85867,"Bryce_Canyon_VORTAC_US","BCE","Bryce Canyon","VORTAC",112800,37.68920135498047,-112.30400085449219,9040,"US",112800,"075X",,,,15.001,12.222,"BOTH","HIGH",
85872,"Barcelona_VOR-DME_ES","BCN","Barcelona","VOR-DME",116700,41.307098388671875,2.1078100204467773,23,"ES",116700,"114X",41.3072,2.10797,23,,-0.363,"BOTH","HIGH","LEBL"
85873,"Brecon_VOR-DME_GB","BCN","Brecon","VOR-DME",117450,51.72560119628906,-3.2630600929260254,1450,"GB",117450,"121Y",,,,-4.001,-3.313,"RNAV","HIGH",
85875,"Bonsucesso_VOR-DME_BR","BCO","Bonsucesso","VOR-DME",116000,-23.406299591064453,-46.385501861572266,2726,"BR",116000,"107X",,,,-18.007,-20.025,"BOTH","HIGH","SBGR"
85878,"Bechar_VOR-DME_DZ","BCR","Bechar","VOR-DME",113900,31.685300827026367,-2.2572200298309326,2692,"DZ",113900,"086X",,,,,-1.393,"BOTH","HIGH","DAOR"
85880,"Bacau_VOR-DME_RO","BCU","Bacau","VOR-DME",109400,46.51089859008789,26.82550048828125,1752,"RO",109400,"031X",,,,4.007,4.45,"BOTH","HIGH","LRBC"
85882,"Bobo_Dioulasso_VOR-DME_BF","BD","Bobo Dioulasso","VOR-DME",114700,11.145000457763672,-4.350860118865967,1404,"BF",114700,"094X",,,,,-4.335,"BOTH","HIGH","DFOO"
85894,"Bermuda_VOR-DME_BM","BDA","Bermuda","VOR-DME",113900,32.36439895629883,-64.6895980834961,11,"BM",113900,"086X",,,,-15.003,-15.154,"BOTH","HIGH","TXKF"
85895,"Bida_VOR-DME_NG","BDA","Bida","VOR-DME",112700,9.10216999053955,6.017509937286377,450,"NG",112700,"074X",,,,-4.007,-2.178,"BOTH","MEDIUM",
85896,"Bhattedanda_VOR-DME_NP","BDA","Bhattedanda","VOR-DME",113200,27.535600662231445,85.28939819335938,16,"NP",113200,"079X",,,,0.011,0.06,"BOTH","HIGH",
85898,"Bir_Darb_VOR-DME_SA","BDB","Bir Darb","VOR-DME",115100,24.330799102783203,41.82440185546875,3281,"SA",115100,"098X",,,,,2.496,"BOTH","HIGH",
85901,"Baudette_VOR-DME_US","BDE","Baudette","VOR-DME",111600,48.722801208496094,-94.6072998046875,1081,"US",111600,"053X",,,,4.009,1.554,"LO","MEDIUM","KBDE"
85903,"Bradford_VORTAC_US","BDF","Bradford","VORTAC",114700,41.159698486328125,-89.58789825439453,810,"US",114700,"094X",,,,0.009,-1.184,"BOTH","HIGH",
85904,"Bardufoss_VOR-DME_NO","BDF","Bardufoss","VOR-DME",114200,69.06490325927734,18.46619987487793,598,"NO",114200,"089X",,,,4.001,5.516,"RNAV","HIGH","ENDU"
85908,"Bradley_VORTAC_US","BDL","Bradley","VORTAC",109000,41.941001892089844,-72.6885986328125,160,"US",109000,"027X",,,,-14.001,-14.219,"LO","LOW","KBDL"
85910,"Banjarmasin_VOR-DME_ID","BDM","Banjarmasin","VOR-DME",112100,-3.436800003051758,114.73100280761719,66,"ID",112100,"058X",,,,1.007,1.199,"BOTH","HIGH","WAOO"
85912,"Bodo_VOR-DME_NO","BDO","Bodo","VOR-DME",117200,67.2667007446289,14.364899635314941,31,"NO",117200,"119X",,,,,3.159,"RNAV","MEDIUM","ENBO"
85915,"Milas_Bodrum_VOR-DME_TR","BDR","Milas Bodrum","VOR-DME",116700,37.253299713134766,27.669200897216797,33,"TR",116700,"114X",,,,,3.408,"BOTH","HIGH","LTFE"
85916,"Bridgeport_VOR-DME_US","BDR","Bridgeport","VOR-DME",108800,41.160701751708984,-73.12449645996094,9,"US",108800,"025X",,,,-12.001,-13.512,"LO","MEDIUM","KBDR"
85918,"Bocas_Del_Toro_VOR-DME_PA","BDT","Bocas Del Toro","VOR-DME",114900,9.339969635009766,-82.25160217285156,10,"PA",114900,"096X",,,,,-1.084,"BOTH","HIGH","MPBO"
85919,"Bondoukou_Soko_VOR_CI","BDU","Bondoukou/Soko","VOR",116100,8.036499977111816,-2.754610061645508,1247,"CI",,,,,,,-4.494,"BOTH","HIGH","DIBU"
85920,"Burgersdorp_VOR_ZA","BDV","Burgersdorp","VOR",113100,-30.96500015258789,26.32270050048828,4715,"ZA",,,,,,-21.007,-23.287,"BOTH","HIGH","FABD"
85932,"Reina_Beatrix_VOR-DME_AW","BEA","Reina Beatrix","VOR-DME",113800,12.50570011138916,-70.01820373535156,60,"AW",113800,"085X",,,,-8.001,-9.341,"BOTH","LOW","TNCA"
92093,"BERGAMO_VOR-DME_IT","BEG","BERGAMO","VOR-DME",11495,45.6694722,9.7091944,810,"IT",11495,"073X",45.6696,9.70925,,,1,"LO","MEDIUM","LIME"
85935,"Beja_VORTAC_PT","BEJ","Beja","VORTAC",115800,38.12839889526367,-7.926690101623535,620,"PT",115800,"105X",,,,-5.007,-3.316,"BOTH","HIGH","LPBJ"
85936,"Belem_VOR-DME_BR","BEL","Belem","VOR-DME",117300,-1.3843300342559814,-48.47850036621094,54,"BR",117300,"120X",,,,-19.007,-19.431,"BOTH","HIGH","SBBE"
85937,"Belfast_VOR-DME_GB","BEL","Belfast","VOR-DME",117200,54.66109848022461,-6.230000019073486,194,"GB",117200,"119X",,,,-7.001,-5.236,"RNAV","HIGH","EGAA"
85939,"Benin_VOR-DME_NG","BEN","Benin","VOR-DME",116500,6.280509948730469,5.562580108642578,258,"NG",116500,"112X",,,,,-3.011,"LO","MEDIUM","DNBE"
85940,"Benbecula_VOR-DME_GB","BEN","Benbecula","VOR-DME",113950,57.477901458740234,-7.365300178527832,130,"GB",113950,"086Y",,,,-8.001,-6.402,"BOTH","HIGH","EGPL"
85945,"Tumbes_VOR_PE","BES","Tumbes","VOR",112900,-3.5444400310516357,-80.38919830322266,82,"PE",,,,,,,0.154,"BOTH","HIGH","SPME"
85948,"Bethel_VORTAC_US","BET","Bethel","VORTAC",114100,60.7848014831543,-161.82400512695312,92,"US",114100,"088X",,,,19.001,14.501,"BOTH","HIGH","PABE"
85952,"Bafoussam_VOR-DME_CM","BF","Bafoussam","VOR-DME",116500,5.50832986831665,10.36970043182373,4347,"CM",116500,"112X",,,,,-2.043,"BOTH","HIGH","FKKU"
85959,"Bradford_VOR-DME_US","BFD","Bradford","VOR-DME",116600,41.786399841308594,-78.61940002441406,2100,"US",116600,"113X",,,,-7.002,-10.268,"LO","MEDIUM","KBFD"
85962,"Scottsbluff_VORTAC_US","BFF","Scottsbluff","VORTAC",112600,41.89419937133789,-103.48200225830078,4170,"US",112600,"073X",,,,13.001,8.58,"BOTH","HIGH","KBFF"
85965,"Brookley_VORTAC_US","BFM","Brookley","VORTAC",112800,30.612699508666992,-88.05549621582031,10,"US",112800,"075X",,,,4.001,-0.562,"LO","MEDIUM",
85968,"Burns_Flat_VORTAC_US","BFV","Burns Flat","VORTAC",110000,35.236900329589844,-99.2061996459961,1780,"US",110000,"037X",,,,8.001,6.064,"LO","MEDIUM",
85979,"Bucaramanga_VOR-DME_CO","BGA","Bucaramanga","VOR-DME",113500,7.1315598487854,-73.18440246582031,3958,"CO",113500,"082X",,,,-5.007,-6.399,"BOTH","HIGH","SKBG"
85980,"Braganca_VOR-DME_BR","BGC","Braganca","VOR-DME",116200,-22.953100204467773,-46.56809997558594,2737,"BR",116200,"109X",,,,-19.007,-20.022,"BOTH","HIGH","SDBP"
85941,"Beograd_VOR-DME_RS","BGD","Beograd","VOR-DME",112050,44.8193,20.3111,331,"RS",,"070X",,,,4,4,"BOTH","HIGH","LYBE"
85983,"Baghdad_VOR_IQ","BGD","Baghdad","VOR",110600,33.26070022583008,44.24919891357422,110,"IQ",,,,,,4.001,3.507,"RNAV","HIGH",
85984,"Borger_VORTAC_US","BGD","Borger","VORTAC",108600,35.807098388671875,-101.38200378417969,3130,"US",108600,"023X",,,,11.012,7.22,"BOTH","MEDIUM",
85986,"Bage_VOR_BR","BGE","Bage","VOR",115300,-31.39069938659668,-54.109798431396484,600,"BR",,,,,,-11.007,-12.188,"BOTH","HIGH","SBBG"
85990,"Adams_VOR-DME_BB","BGI","Adams","VOR-DME",112700,13.074999809265137,-59.4838981628418,169,"BB",112700,"074X",,,,-13.007,-15.11,"BOTH","HIGH","TBPB"
85993,"Ben_Gurion_VOR-DME_IL","BGN","Ben Gurion","VOR-DME",113500,32.013099670410156,34.87519836425781,100,"IL",113500,"082X",,,,2.007,3.426,"BOTH","HIGH","LLBG"
85995,"Bago_VOR-DME_MM","BGO","Bago","VOR-DME",112600,17.319599151611328,96.5165023803711,27,"MM",112600,"073X",,,,0.007,-0.451,"BOTH","HIGH",
85998,"Big_Lake_VORTAC_US","BGQ","Big Lake","VORTAC",112500,61.56949996948242,-149.9669952392578,160,"US",112500,"072X",,,,25.001,20.248,"BOTH","HIGH",
85999,"Bangor_VORTAC_US","BGR","Bangor","VORTAC",114800,44.841800689697266,-68.8740005493164,359,"US",114800,"095X",,,,-19.001,-17.185,"BOTH","HIGH","KBGR"
86000,"Bagur_VOR-DME_ES","BGR","Bagur","VOR-DME",112200,41.94770050048828,3.208859920501709,1082,"ES",112200,"059X",41.9476,3.20886,1082,-1.007,-0.202,"BOTH","HIGH",
86001,"Big_Spring_VORTAC_US","BGS","Big Spring","VORTAC",114300,32.38560104370117,-101.48400115966797,2670,"US",114300,"090X",,,,11.012,7.147,"BOTH","MEDIUM",
86002,"Burgas_VOR-DME_BG","BGS","Burgas","VOR-DME",112000,42.57109832763672,27.519899368286133,197,"BG",112000,"057X",,,,3.007,4.17,"BOTH","HIGH","LBBG"
86013,"Al_Baha_VORTAC_SA","BHA","Al Baha","VORTAC",113500,20.292499542236328,41.62910079956055,5468,"SA",113500,"082X",,,,,2.283,"BOTH","HIGH","OEBA"
86015,"Berry_Head_VOR-DME_GB","BHD","Berry Head","VOR-DME",112050,50.39860153198242,-3.49360990524292,215,"GB",112050,"057Y",,,,-5.001,-3.224,"RNAV","HIGH",
86019,"Broken_Hill_VOR-DME_AU","BHI","Broken Hill","VOR-DME",114200,-32.0005989074707,141.47999572753906,968,"AU",114200,"089X",-32.0008,141.48,968,9.011,8.416,"BOTH","HIGH","YBHI"
86023,"Barahona_VOR-DME_DO","BHO","Barahona","VOR-DME",112000,18.254499435424805,-71.13020324707031,34,"DO",112000,"057X",,,,-8.007,-9.479,"BOTH","HIGH","MDBH"
86025,"Baihesi_VOR-DME_CN","BHS","Baihesi","VOR-DME",117900,30.50830078125,104.2030029296875,1667,"CN",117900,"126X",,,,,-1.471,"BOTH","HIGH","ZUUU"
86031,"Belo_Horizonte_VOR-DME_BR","BHZ","Belo Horizonte","VOR-DME",117700,-19.835800170898438,-44.00360107421875,2889,"BR",117700,"124X",,,,,-21.393,"RNAV","HIGH","SBBH"
86033,"Bindo_VOR_PK","BI","Bindo","VOR",113300,29.68000030517578,71.03109741210938,,"PK",,,,,,0.007,1.129,"BOTH","HIGH",
86045,"Biboohra_VOR_AU","BIB","Biboohra","VOR",112300,-16.91670036315918,145.41200256347656,,"AU",,,,,,7.007,7.036,"BOTH","HIGH",
86046,"Bible_Grove_VORTAC_US","BIB","Bible Grove","VORTAC",109000,38.9202995300293,-88.48179626464844,540,"US",109000,"027X",,,,3.001,-1.501,"LO","MEDIUM",
86047,"Beatrice_VOR_US","BIE","Beatrice","VOR",110600,40.30139923095703,-96.75460052490234,1300,"US",,,,,,7.001,4.28,"TERMINAL","LOW",
86048,"Big_Delta_VORTAC_US","BIG","Big Delta","VORTAC",114900,64.00440216064453,-145.7169952392578,1230,"US",114900,"096X",,,,29.001,22.559,"BOTH","HIGH","PABI"
86049,"Biga_VOR-DME_TR","BIG","Biga","VOR-DME",116900,40.285301208496094,27.365800857543945,417,"TR",116900,"116X",,,,2.007,3.585,"BOTH","HIGH",
86050,"Biggin_VOR-DME_GB","BIG","Biggin","VOR-DME",115100,51.33089828491211,0.034811001271009445,590,"GB",115100,"098X",,,,-3.001,-2.117,"BOTH","HIGH","EGKB"
86051,"Bishop_VOR-DME_US","BIH","Bishop","VOR-DME",109600,37.37699890136719,-118.36699676513672,4110,"US",109600,"033X",,,,15.001,13.546,"LO","LOW",
86052,"Bindook_VOR-DME_AU","BIK","Bindook","VOR-DME",116800,-34.1786003112793,150.10699462890625,3041,"AU",116800,"115X",-34.1789,150.107,3041,11.007,12.214,"BOTH","HIGH",
86053,"Biak_VOR-DME_ID","BIK","Biak","VOR-DME",112500,-1.1824599504470825,136.08599853515625,46,"ID",112500,"072X",,,,3.107,2.543,"BOTH","HIGH","WABB"
86055,"Billings_VORTAC_US","BIL","Billings","VORTAC",114500,45.80860137939453,-108.625,3808,"US",114500,"092X",,,,14.001,12.207,"BOTH","HIGH","KBIL"
86057,"Biskra_VOR-DME_DZ","BIS","Biskra","VOR-DME",115000,34.775001525878906,5.75832986831665,586,"DZ",115000,"097X",,,,-2.006,0.182,"BOTH","HIGH","DAUB"
86058,"Bissau_Oswaldo_Vieira_VOR-DME_GW","BIS","Bissau/Oswaldo Vieira","VOR-DME",114300,11.936800003051758,-15.644599914550781,129,"GW",114300,"090X",,,,-12.007,-8.411,"BOTH","HIGH","GGOV"
86059,"Bismarck_VOR-DME_US","BIS","Bismarck","VOR-DME",116500,46.76179885864258,-100.66500091552734,1841,"US",116500,"112X",,,,12.001,7.19,"LO","MEDIUM","KBIS"
86060,"Ballidu_VOR_AU","BIU","Ballidu","VOR",114300,-30.5939998626709,116.77999877929688,,"AU",,,,,,-1.007,-0.458,"BOTH","HIGH",
86063,"Bizerte_VOR-DME_TN","BIZ","Bizerte","VOR-DME",114200,37.23529815673828,9.765560150146484,12,"TN",114200,"089X",,,,,1.084,"BOTH","HIGH",
86064,"Banjul_VOR-DME_GM","BJ","Banjul","VOR-DME",112900,13.33810043334961,-16.655500411987305,95,"GM",112900,"076X",,,,,-8.469,"BOTH","HIGH","GBYD"
86068,"Bujumbura_VOR-DME_BI","BJA","Bujumbura","VOR-DME",112300,-3.3463399410247803,29.32200050354004,2605,"BI",112300,"070X",,,,,-0.124,"BOTH","HIGH","HBBA"
86071,"West_Bend_VOR_US","BJB","West Bend","VOR",109800,43.422000885009766,-88.12519836425781,871,"US",,,,,,-1.001,-3.015,"LO","LOW",
86072,"Jeffco_VOR-DME_US","BJC","Jeffco","VOR-DME",115400,39.91299819946289,-105.13899993896484,5734,"US",115400,"101X",,,,11.001,9.42,"BOTH","HIGH",
86073,"Birjand_VOR-DME_IR","BJD","Birjand","VOR-DME",113500,32.9724006652832,59.20009994506836,4952,"IR",113500,"082X",,,,2.001,2.486,"BOTH","HIGH","OIMB"
86075,"Bemidji_VORTAC_US","BJI","Bemidji","VORTAC",108600,47.57590103149414,-95.0248031616211,1410,"US",108600,"023X",,,,4.001,2.29,"LO","MEDIUM",
86080,"Leon_VOR-DME_MX","BJX","Leon","VOR-DME",115800,20.997299194335938,-101.48300170898438,5956,"MX",115800,"105X",,,,8.004,6.514,"BOTH","HIGH","MMLO"
86095,"Biorka_Island_VORTAC_US","BKA","Biorka Island","VORTAC",113800,56.85940170288086,-135.55099487304688,240,"US",113800,"085X",,,,28.001,22.092,"BOTH","HIGH","PASI"
86096,"Brunkendorf_VOR-DME_DE","BKD","Brunkendorf","VOR-DME",117700,53.03450012207031,11.546199798583984,92,"DE",117700,"124X",,,,0.007,1.395,"BOTH","HIGH",
86098,"Baker_City_VOR-DME_US","BKE","Baker City","VOR-DME",115300,44.840599060058594,-117.80799865722656,3360,"US",115300,"100X",,,,20.001,15.44,"RNAV","HIGH","KBKE"
86102,"Bangkok_VOR-DME_TH","BKK","Bangkok","VOR-DME",117700,13.893600463867188,100.59600067138672,54,"TH",117700,"124X",,,,0.011,-0.342,"BOTH","HIGH","VTBD"
86105,"Bengkulu_VOR-DME_ID","BKL","Bengkulu","VOR-DME",114300,-3.8605101108551025,102.33300018310547,50,"ID",114300,"090X",,,,0.011,0.006,"BOTH","HIGH","WIPL"
86107,"Bamako_Senou_VOR-DME_ML","BKO","Bamako/Senou","VOR-DME",113700,12.546099662780762,-7.930469989776611,1279,"ML",113700,"084X",,,,,-5.272,"BOTH","HIGH","GABS"
86110,"Bekes_VOR-DME_HU","BKS","Bekes","VOR-DME",115800,46.79999923706055,21.07390022277832,312,"HU",115800,"105X",,,,3.007,3.426,"BOTH","HIGH",
86117,"Beckley_VORTAC_US","BKW","Beckley","VORTAC",117700,37.78030014038086,-81.12349700927734,2500,"US",117700,"124X",,,,-6.001,-7.256,"BOTH","MEDIUM","KBKW"
86118,"Brookings_VOR-DME_US","BKX","Brookings","VOR-DME",108800,44.303199768066406,-96.81510162353516,1641,"US",108800,"025X",,,,6.001,4.199,"TERMINAL","LOW",
86119,"Bouake_VOR-DME_CI","BKY","Bouake","VOR-DME",115100,7.747280120849609,-5.074940204620361,1230,"CI",115100,"098X",,,,-8.007,-5.392,"BOTH","HIGH","DIBK"
86120,"Barkway_VOR-DME_GB","BKY","Barkway","VOR-DME",116250,51.98970031738281,0.06194400042295456,486,"GB",116250,"109Y",,,,-4.001,-2.17,"BOTH","HIGH","EGSS"
86121,"Beykoz_VOR-DME_TR","BKZ","Beykoz","VOR-DME",117300,41.12689971923828,29.142799377441406,1073,"TR",117300,"120X",,,,2.007,4.18,"BOTH","HIGH",
86141,"Biella_Cerrione_VOR-DME_IT","BLA","Biella Cerrione","VOR-DME",116100,45.49420166015625,8.100580215454102,921,"IT",116100,"108X",,,,,0.478,"TERMINAL","LOW","LILE"
86143,"Blace_VOR-DME_RS","BLC","Blace","VOR-DME",116100,43.24869918823242,21.361600875854492,1161,"RS",116100,"108X",,,,2.007,3.252,"BOTH","MEDIUM",
86146,"Balad_VORTAC_IQ","BLD","Balad","VORTAC",114600,33.9359016418457,44.368099212646484,157,"IQ",114600,"093X",,,,4.012,3.575,"BOTH","LOW","ORBD"
86147,"Boulder_City_VORTAC_US","BLD","Boulder City","VORTAC",116700,35.99580001831055,-114.86399841308594,3650,"US",116700,"114X",,,,15.001,12.471,"BOTH","HIGH",
86149,"Bluefield_VORTAC_US","BLF","Bluefield","VORTAC",110000,37.306400299072266,-81.19429779052734,2900,"US",110000,"037X",,,,-3.001,-7.154,"LO","MEDIUM",
86150,"Blagoveschensk_VOR-DME_RU","BLG","Blagoveschensk","VOR-DME",113600,50.3932991027832,127.427001953125,751,"RU",113600,"083X",,,,-11.001,-11.531,"BOTH","HIGH","UHBB"
86151,"Blythe_VORTAC_US","BLH","Blythe","VORTAC",117400,33.596099853515625,-114.76100158691406,410,"US",117400,"121X",,,,14.001,12.161,"BOTH","HIGH","US-9600"
86152,"Balkhash_VOR-DME_KZ","BLH","Balkhash","VOR-DME",113700,46.881099700927734,74.98139953613281,1326,"KZ",113700,"084X",,,,6.007,6.341,"BOTH","HIGH","UAAH"
86153,"Bali_VOR-DME_ID","BLI","Bali","VOR-DME",116200,-8.750570297241211,115.16300201416016,14,"ID",116200,"109X",,,,1.007,1.382,"BOTH","HIGH","WADD"
86156,"Bale_Mulhouse_VOR-DME_FR","BLM","Bale Mulhouse","VOR-DME",117450,47.6328010559082,7.499499797821045,886,"FR",117450,"121Y",,,,0.007,0.34,"BOTH","HIGH","LFSB"
86157,"Bailen_VOR-DME_ES","BLN","Bailen","VOR-DME",116200,38.15250015258789,-3.6250100135803223,1788,"ES",116200,"109X",38.1525,-3.62507,1788,-3.607,-2.075,"BOTH","HIGH",
86159,"Bailovo_VOR-DME_BG","BLO","Bailovo","VOR-DME",117500,42.667198181152344,23.813899993896484,3051,"BG",117500,"122X",,,,2.007,3.476,"BOTH","HIGH",
86160,"Gbadolite_VOR-DME_CD","BLT","Gbadolite","VOR-DME",112100,4.246990203857422,20.966400146484375,1509,"CD",112100,"058X",,,,,-0.01,"BOTH","HIGH","FZFD"
86161,"Baltim_VOR-DME_EG","BLT","Baltim","VOR-DME",116900,31.528900146484375,31.122499465942383,10,"EG",116900,"116X",,,,3.007,3.267,"BOTH","HIGH",
86164,"Bluefields_VOR-DME_NI","BLU","Bluefields","VOR-DME",116700,11.994500160217285,-83.77259826660156,51,"NI",116700,"114X",,,,,-0.427,"BOTH","MEDIUM","MNBL"
86165,"Bloemfontein_VORTAC_ZA","BLV","Bloemfontein","VORTAC",114100,-29.100500106811523,26.30069923400879,4416,"ZA",114100,"088X",,,,-19.007,-21.09,"BOTH","HIGH","FABL"
86166,"Bilbao_VOR-DME_ES","BLV","Bilbao","VOR-DME",115900,43.30440139770508,-2.935879945755005,141,"ES",115900,"106X",,,,-3.007,-2.146,"BOTH","HIGH","LEBB"
86179,"Bordeaux_VOR-DME_FR","BMC","Bordeaux","VOR-DME",113750,44.826900482177734,-0.721110999584198,161,"FR",113750,"084Y",44.8272,-0.723278,210,-2.007,-1.402,"BOTH","HIGH","LFBD"
86181,"Bloomington_VOR-DME_US","BMI","Bloomington","VOR-DME",108200,40.48080062866211,-88.93119812011719,880,"US",108200,"019X",,,,3.001,-1.442,"LO","MEDIUM","KBMI"
86182,"Berlin_VOR-DME_US","BML","Berlin","VOR-DME",110400,44.633399963378906,-71.18609619140625,1730,"US",110400,"041X",,,,-17.004,-16.101,"LO","LOW",
86184,"Bremen_VOR-DME_DE","BMN","Bremen","VOR-DME",117450,53.04399871826172,8.782139778137207,40,"DE",117450,"121Y",,,,0.009,0.424,"BOTH","HIGH","EDDW"
86187,"Buon_Ma_Thuot_VOR-DME_VN","BMT","Buon Ma Thuot","VOR-DME",112100,12.666500091552734,108.12300109863281,1736,"VN",112100,"058X",,,,0.011,-0.252,"BOTH","HIGH","VVBM"
86189,"Brisbane_VOR-DME_AU","BN","Brisbane","VOR-DME",113200,-27.365800857543945,153.13900756835938,28,"AU",113200,"079X",,,,11.007,11.073,"BOTH","HIGH","YBBN"
86190,"Butuan_VOR-DME_PH","BN","Butuan","VOR-DME",112500,8.955349922180176,125.48600006103516,141,"PH",112500,"072X",,,,0.007,-0.101,"BOTH","HIGH","RPME"
86202,"Nashville_VORTAC_US","BNA","Nashville","VORTAC",114100,36.137001037597656,-86.68479919433594,566,"US",114100,"088X",,,,-2.007,-2.468,"BOTH","HIGH","KBNA"
86203,"Barcelona_VORTAC_VE","BNA","Barcelona","VORTAC",115900,10.133099555969238,-64.70559692382812,3,"VE",115900,"106X",,,,-11.007,-12.273,"BOTH","HIGH","SVBC"
86204,"Benina_VOR-DME_LY","BNA","Benina","VOR-DME",117400,32.125,20.253299713134766,433,"LY",117400,"121X",,,,0.007,2.246,"BOTH","HIGH","HLLB"
86205,"Banak_VOR-DME_NO","BNA","Banak","VOR-DME",114400,70.17630004882812,24.948400497436523,103,"NO",114400,"091X",,,,7.001,9.558,"BOTH","HIGH","ENNA"
86211,"Bamenda_VOR-DME_CM","BND","Bamenda","VOR-DME",114500,6.050559997558594,10.116100311279297,4065,"CM",114500,"092X",,,,,-2.011,"BOTH","HIGH","FKKV"
86212,"Bandung_VOR-DME_ID","BND","Bandung","VOR-DME",117000,-6.882080078125,107.51200103759766,2576,"ID",117000,"117X",,,,0.007,0.5,"BOTH","HIGH","WICC"
86213,"Bandar_Abbass_VOR-DME_IR","BND","Bandar Abbass","VOR-DME",117200,27.197099685668945,56.366798400878906,16,"IR",117200,"119X",,,,1.001,1.445,"BOTH","HIGH","OIKB"
86215,"Boulogne-sur-Mer_VOR_FR","BNE","Boulogne-sur-Mer","VOR",113800,50.62480163574219,1.9071099758148193,,"FR",,,,,,-3.007,-1.256,"BOTH","HIGH",
86216,"Hewanorra_VOR-DME_LC","BNE","Hewanorra","VOR-DME",112400,13.733400344848633,-60.97710037231445,11,"LC",112400,"071X",,,,-13.007,-14.345,"BOTH","HIGH","TLPL"
86220,"Xishuangbanna_VOR-DME_CN","BNN","Xishuangbanna","VOR-DME",116300,21.984600067138672,100.75199890136719,1840,"CN",116300,"110X",,,,,-0.548,"BOTH","HIGH","ZPJH"
86221,"Bronnoy_VOR-DME_NO","BNN","Bronnoy","VOR-DME",115300,65.45709991455078,12.214300155639648,68,"NO",115300,"100X",,,,0.001,1.585,"RNAV","HIGH","ENBN"
86222,"Bovingdon_VOR-DME_GB","BNN","Bovingdon","VOR-DME",113750,51.72610092163086,-0.5497220158576965,500,"GB",113750,"084Y",,,,-4.001,-2.284,"HI","HIGH",
86223,"Brno_VOR-DME_CZ","BNO","Brno","VOR-DME",113900,49.15010070800781,16.69260025024414,800,"CZ",113900,"086X",,,,1.007,2.565,"BOTH","HIGH","LKTB"
86228,"Ben_Slimane_VOR-DME_MA","BNS","Ben Slimane","VOR-DME",117450,33.64179992675781,-7.208000183105469,676,"MA",117450,"121Y",,,,,-3.074,"BOTH","HIGH","GMMB"
86229,"Barinas_VOR-DME_VE","BNS","Barinas","VOR-DME",117500,8.614439964294434,-70.21869659423828,666,"VE",117500,"122X",,,,-7.007,-8.534,"BOTH","HIGH","SVBI"
86242,"Bologna_VOR-DME_IT","BOA","Bologna","VOR-DME",117100,44.536999,11.2907,156,"IT",112200,"059X",,,,,1.3,"BOTH","HIGH","LIPE"
86245,"Bordj_Omar_Driss_VOR-DME_DZ","BOD","Bordj Omar Driss","VOR-DME",114300,28.133100509643555,6.839169979095459,1125,"DZ",114300,"090X",,,,,0.123,"BOTH","HIGH",
86248,"Bogota_VOR-DME_CO","BOG","Bogota","VOR-DME",113900,4.845399856567383,-74.32460021972656,9906,"CO",113900,"086X",,,,-3.007,-5.298,"BOTH","HIGH","SKBO"
86250,"Boise_VORTAC_US","BOI","Boise","VORTAC",113300,43.552799224853516,-116.19200134277344,2876,"US",113300,"080X",,,,17.001,14.549,"BOTH","HIGH",
86252,"Bolsena_VORTAC_IT","BOL","Bolsena","VORTAC",114400,42.61830139160156,12.048600196838379,2082,"IT",114400,"091X",,,,0.007,1.418,"BOTH","HIGH",
86256,"Bordertown_VOR_AU","BOR","Bordertown","VOR",112700,-36.392799377441406,140.74200439453125,265,"AU",,,,,,9.007,9.222,"BOTH","HIGH",
86257,"San_Borja_VOR_BO","BOR","San Borja","VOR",117700,-14.852100372314453,-66.73650360107422,636,"BO",,,,,,-5.007,-7.22,"BOTH","HIGH","SLSB"
86258,"Borlange_VOR-DME_SE","BOR","Borlange","VOR-DME",117600,60.42150115966797,15.519200325012207,518,"SE",117600,"123X",,,,2.001,3.184,"RNAV","HIGH","ESSD"
86260,"Boston_VORTAC_US","BOS","Boston","VORTAC",112700,42.357398986816406,-70.989501953125,20,"US",112700,"074X",,,,-16.001,-15.243,"BOTH","HIGH","KBOS"
86264,"Boysen_Reservoir_VOR-DME_US","BOY","Boysen Reservoir","VOR-DME",117800,43.463199615478516,-108.30000305175781,7550,"US",117800,"125X",,,,16.001,11.467,"BOTH","HIGH",
86271,"Big_Piney_VOR-DME_US","BPI","Big Piney","VOR-DME",116500,42.57939910888672,-110.10900115966797,6949,"US",116500,"112X",,,,16.001,12.278,"BOTH","HIGH",
86272,"Brookmans_Park_VOR-DME_GB","BPK","Brookmans Park","VOR-DME",117500,51.749698638916016,-0.10666699707508087,382,"GB",117500,"122X",,,,-4.001,-2.186,"BOTH","HIGH",
86273,"Bhopal_VOR-DME_IN","BPL","Bhopal","VOR-DME",117100,23.28219985961914,77.33709716796875,1716,"IN",117100,"118X",,,,0.011,-0.164,"BOTH","HIGH","VABP"
86275,"Balikpapan_VOR-DME_ID","BPN","Balikpapan","VOR-DME",117200,-1.2456899881362915,116.94000244140625,10,"ID",117200,"119X",,,,1.007,1.12,"BOTH","HIGH","WALL"
86276,"Barapani_VOR-DME_IN","BPN","Barapani","VOR-DME",116000,25.706499099731445,91.97869873046875,158,"IN",116000,"107X",,,,,-0.245,"BOTH","HIGH","VEGT"
86277,"Bopan_VOR-DME_SA","BPN","Bopan","VOR-DME",113700,27.05389976501465,45.4453010559082,1812,"SA",113700,"084X",,,,1.007,2.506,"BOTH","HIGH",
86279,"Beaumont_VOR-DME_US","BPT","Beaumont","VOR-DME",114500,29.94610023498535,-94.01619720458984,10,"US",114500,"092X",,,,7.008,3.041,"LO","MEDIUM","KBPT"
86284,"Bowman_VOR-DME_US","BQM","Bowman","VOR-DME",112200,38.230201721191406,-85.66470336914062,540,"US",112200,"059X",,,,-1.001,-3.587,"TERMINAL","LOW","KLOU"
86285,"Borinquen_VORTAC_PR","BQN","Borinquen","VORTAC",113500,18.49799919128418,-67.1083984375,214,"PR",113500,"082X",,,,-10.01,-12.045,"BOTH","HIGH","TJBQ"
86287,"Braymer_VOR-DME_US","BQS","Braymer","VOR-DME",111200,39.63059997558594,-93.87529754638672,930,"US",111200,"049X",,,,3.012,2.213,"LO","HIGH",
86288,"Bullion_VOR-DME_US","BQU","Bullion","VOR-DME",114500,40.759700775146484,-115.76100158691406,6464,"US",114500,"092X",,,,17.001,14.055,"LO","MEDIUM","KEKO"
86289,"Robert_VOR-DME_US","BQZ","Robert","VOR-DME",112200,40.46369934082031,-106.87200164794922,8250,"US",112200,"059X",,,,13.012,10.382,"LO","MEDIUM","KSBS"
86305,"Barajas_VOR-DME_ES","BRA","Barajas","VOR-DME",116450,40.46910095214844,-3.557539939880371,1962,"ES",116450,"111Y",40.469,-3.55766,1962,,-2.135,"RNAV","HIGH","LEMD"
86308,"Casablanca_VOR-DME_MA","BRC","Casablanca","VOR-DME",114000,33.27859878540039,-7.557330131530762,715,"MA",114000,"087X",,,,,-3.16,"BOTH","HIGH","GMMN"
86309,"Brindisi_VORTAC_IT","BRD","Brindisi","VORTAC",113200,40.61090087890625,18.002899169921875,85,"IT",113200,"079X",40.6107,18.0028,85,2.006,2.407,"BOTH","HIGH","LIBR"
86310,"Brainerd_VORTAC_US","BRD","Brainerd","VORTAC",116900,46.34830093383789,-94.0260009765625,1250,"US",116900,"116X",,,,3.004,1.445,"BOTH","HIGH",
86311,"Bojnord_VOR-DME_IR","BRD","Bojnord","VOR-DME",114800,37.49549865722656,57.32350158691406,3543,"IR",114800,"095X",,,,,4.152,"TERMINAL","HIGH","OIMN"
86317,"Black_Forest_VORTAC_US","BRK","Black Forest","VORTAC",112500,38.94449996948242,-104.63300323486328,6934,"US",112500,"072X",,,,13.001,9.202,"LO","MEDIUM",
86319,"Burlington_VORTAC_US","BRL","Burlington","VORTAC",111400,40.7234001159668,-90.9259033203125,730,"US",111400,"051X",,,,5.001,-0.073,"LO","MEDIUM",
86322,"Buri_Ram_VOR-DME_TH","BRM","Buri Ram","VOR-DME",117200,15.23960018157959,103.25900268554688,590,"TH",117200,"119X",,,,-1.011,-0.361,"BOTH","HIGH","VTUO"
86323,"Barquisimeto_VOR-DME_VE","BRM","Barquisimeto","VOR-DME",112200,10.047499656677246,-69.35179901123047,2042,"VE",112200,"059X",,,,-8.007,-9.39,"BOTH","HIGH","SVBM"
86325,"Sidi_Barrani_VOR-DME_EG","BRN","Sidi Barrani","VOR-DME",116200,31.575599670410156,26.005599975585938,120,"EG",116200,"109X",,,,3.005,3.009,"BOTH","HIGH",
86327,"Brownsville_VORTAC_US","BRO","Brownsville","VORTAC",116300,25.924100875854492,-97.37529754638672,10,"US",116300,"110X",,,,9.008,5.051,"BOTH","HIGH","KBRO"
86328,"Boryspil_VOR-DME_UA","BRP","Boryspil","VOR-DME",115900,50.28559875488281,30.89929962158203,499,"UA",115900,"106X",50.2856,30.8993,499,,6.19,"BOTH","HIGH","UKBB"
86329,"Barreiras_VOR_BR","BRR","Barreiras","VOR",114300,-12.079999923706055,-45.007198333740234,2444,"BR",,,,,,-20.007,-21.315,"BOTH","HIGH","SNBR"
86332,"Brasilia_VOR-DME_BR","BRS","Brasilia","VOR-DME",115900,-15.873700141906738,-48.021400451660156,3974,"BR",115900,"106X",,,,-19.007,-20.138,"BOTH","HIGH","SBBR"
86335,"Biratnagar_VOR-DME_NP","BRT","Biratnagar","VOR-DME",114100,26.48080062866211,87.26309967041016,236,"NP",114100,"088X",,,,0.011,-0.074,"BOTH","HIGH","VNVT"
86336,"Bratsk_VOR-DME_RU","BRT","Bratsk","VOR-DME",113600,56.371700286865234,101.68699645996094,1608,"RU",113600,"083X",,,,0.007,-1.145,"BOTH","HIGH","UIBB"
86338,"Brunei_VOR-DME_BN","BRU","Brunei","VOR-DME",112000,4.874589920043945,114.88500213623047,229,"BN",112000,"057X",,,,0.007,0.277,"BOTH","HIGH","WBSB"
86341,"Brooke_VORTAC_US","BRV","Brooke","VORTAC",114500,38.336299896240234,-77.35289764404297,145,"US",114500,"092X",,,,-9.001,-10.184,"BOTH","MEDIUM",
86342,"Brasov_VOR-DME_RO","BRV","Brasov","VOR-DME",117600,45.56760025024414,25.564699172973633,5866,"RO",117600,"123X",,,,3.807,4.232,"BOTH","HIGH",
86343,"Barrow_VOR-DME_US","BRW","Barrow","VOR-DME",116200,71.27339935302734,-156.78799438476562,40,"US",116200,"109X",,,,25.001,20.29,"BOTH","HIGH","PABR"
86345,"Bray-sur-Seine_VOR-DME_FR","BRY","Bray-sur-Seine","VOR-DME",114100,48.40700149536133,3.2947800159454346,258,"FR",114100,"088X",,,,-2.007,-0.44,"BOTH","HIGH",
86346,"Yenisehir_VOR-DME_TR","BRY","Yenisehir","VOR-DME",115300,40.26250076293945,29.5939998626709,766,"TR",115300,"100X",,,,,4.144,"BOTH","MEDIUM","LTBR"
86357,"Beer-Sheba_VOR_IL","BSA","Beer-Sheba","VOR",114300,31.28619956970215,34.72129821777344,853,"IL",,,,,,2.007,3.365,"BOTH","HIGH",
86358,"Bou_Saada_VOR-DME_DZ","BSA","Bou Saada","VOR-DME",115900,35.51530075073242,4.401669979095459,1328,"DZ",115900,"106X",,,,,0.017,"BOTH","HIGH","DAAD"
86359,"Montichiari_VOR-DME_IT","BSA","Montichiari","VOR-DME",117700,45.4379997253418,10.315999984741211,332,"IT",117700,"124X",45.4378,10.3159,332,,1.204,"BOTH","LOW","LIPO"
86361,"Bose_VOR-DME_CN","BSE","Bose","VOR-DME",115900,23.895000457763672,106.64800262451172,520,"CN",115900,"106X",,,,,-1.336,"BOTH","HIGH",
86364,"Bisha_VORTAC_SA","BSH","Bisha","VORTAC",112300,19.977699279785156,42.62459945678711,3877,"SA",112300,"070X",,,,1.007,2.21,"BOTH","HIGH","OEBH"
86365,"Boursonne_VOR-DME_FR","BSN","Boursonne","VOR-DME",114850,49.18830108642578,3.0564699172973633,476,"FR",114850,"095Y",,,,,-0.53,"BOTH","HIGH",
86367,"Big_Sur_VORTAC_US","BSR","Big Sur","VORTAC",114000,36.18130111694336,-121.64199829101562,4085,"US",114000,"087X",,,,16.001,14.129,"BOTH","MEDIUM","HGT"
86368,"Basrah_VOR-DME_IQ","BSR","Basrah","VOR-DME",112300,30.525699615478516,47.68669891357422,15,"IQ",112300,"070X",,,,3.007,3.108,"LO","HIGH","ORMM"
86373,"Briggs_VOR-DME_US","BSV","Briggs","VOR-DME",112400,40.740699768066406,-81.43209838867188,1230,"US",112400,"071X",,,,-4.012,-7.587,"LO","MEDIUM","15G"
86375,"Berberati_VOR_CF","BT","Berberati","VOR",113900,4.229360103607178,15.78380012512207,1942,"CF",,,,,,,-1.061,"BOTH","HIGH","FEFT"
86376,"Le Bourget_VOR-DME_FR","BT","Le Bourget","VOR-DME",116100,48.9747009277,2.45516991615,200,"FR",108800,"025X",,,,,-1.035,"BOTH","HIGH","LFPB"
86384,"Bastia_VOR-DME_FR","BTA","Bastia","VOR-DME",114150,42.57360076904297,9.47482967376709,36,"FR",114150,"088Y",,,,0.007,1.094,"BOTH","HIGH","LFKB"
86386,"Chimbote_VOR_PE","BTE","Chimbote","VOR",112500,-9.147500038146973,-78.52189636230469,70,"PE",,,,,,1.007,0.194,"BOTH","HIGH","SPEO"
86387,"Batoh_VOR-DME_JP","BTE","Batoh","VOR-DME",109400,36.76839828491211,140.0330047607422,882,"JP",109400,"031X",,,,-7.011,-7.156,"BOTH","HIGH",
86389,"Battle_Ground_VORTAC_US","BTG","Battle Ground","VORTAC",116600,45.747798919677734,-122.59200286865234,253,"US",116600,"113X",45.7477,-122.592,253,21.001,17.067,"BOTH","HIGH",
86393,"Battle_Creek_VORTAC_US","BTL","Battle Creek","VORTAC",109400,42.30979919433594,-85.2522964477539,930,"US",109400,"031X",,,,-2.001,-5.155,"LO","LOW","KBTL"
86394,"Batam_VOR-DME_ID","BTM","Batam","VOR-DME",116000,1.1368800401687622,104.13300323486328,131,"ID",116000,"107X",,,,0.011,0.17,"BOTH","HIGH","WIDD"
86395,"Batna_VOR-DME_DZ","BTN","Batna","VOR-DME",115700,35.77149963378906,6.343790054321289,2786,"DZ",115700,"104X",,,,,0.266,"BOTH","HIGH","DABT"
86398,"Potou_VOR-DME_CN","BTO","Potou","VOR-DME",115900,38.108299255371094,116.5780029296875,50,"CN",115900,"106X",,,,,-5.553,"BOTH","HIGH",
86399,"Bonito_VOR-DME_HN","BTO","Bonito","VOR-DME",113500,15.736800193786621,-86.86399841308594,49,"HN",113500,"082X",,,,1.003,0.27,"BOTH","HIGH","MHLC"
86400,"Budiarto_VOR-DME_ID","BTO","Budiarto","VOR-DME",115800,-6.292479991912842,106.58300018310547,151,"ID",115800,"105X",,,,1.011,0.423,"BOTH","HIGH","WICB"
86401,"Baton_Rouge_VORTAC_US","BTR","Baton Rouge","VORTAC",116500,30.48509979248047,-91.29409790039062,20,"US",116500,"112X",,,,6.001,1.172,"BOTH","HIGH","KBTR"
86404,"Bettles_VOR-DME_US","BTT","Bettles","VOR-DME",116000,66.90499877929688,-151.53599548339844,634,"US",116000,"107X",,,,27.001,21.396,"BOTH","HIGH","PABT"
86406,"Burlington_VORTAC_US","BTV","Burlington","VORTAC",117500,44.397098541259766,-73.18260192871094,420,"US",117500,"122X",,,,-15.004,-15,"LO","MEDIUM","KBTV"
86407,"Beatty_VORTAC_US","BTY","Beatty","VORTAC",114700,36.80059814453125,-116.74800109863281,2925,"US",114700,"094X",,,,16.001,13.258,"BOTH","HIGH",
86408,"Biarritz_VOR-DME_FR","BTZ","Biarritz","VOR-DME",114150,43.46659851074219,-1.5102800130844116,233,"FR",114150,"088Y",,,,-3.007,-1.48,"BOTH","HIGH","LFBZ"
86420,"Buffalo_VOR-DME_US","BUA","Buffalo","VOR-DME",109400,45.55220031738281,-103.45600128173828,3020,"US",109400,"031X",,,,13.001,9.151,"TERMINAL","LOW",
86421,"Brussels_VOR-DME_BE","BUB","Brussels","VOR-DME",114600,50.9021987915,4.53806018829,187,"BE",114600,"093X",,,,-2.007,-0.335,"BOTH","HIGH","EBBR"
86423,"Buckeye_VOR_US","BUD","Buckeye","VOR",109800,40.616600036621094,-83.06379699707031,991,"US",,,,,,-5.001,-6.383,"TERMINAL","LOW",
86424,"Budapest_VOR-DME_HU","BUD","Budapest","VOR-DME",117300,47.450401306152344,19.249399185180664,531,"HU",117300,"120X",,,,4.007,3.238,"BOTH","HIGH","LHBP"
86427,"Buffalo_VOR-DME_US","BUF","Buffalo","VOR-DME",116400,42.92900085449219,-78.64630126953125,730,"US",116400,"111X",,,,-8.001,-10.486,"BOTH","HIGH","KBUF"
86428,"Bugac_VOR-DME_HU","BUG","Bugac","VOR-DME",113400,46.67770004272461,19.681699752807617,404,"HU",113400,"081X",,,,3.007,3.252,"RNAV","HIGH",
86431,"Budisavci_VOR-DME_RS","BUI","Budisavci","VOR-DME",115200,42.632999420166016,20.495800018310547,1575,"RS",115200,"099X",,,,2.007,3.134,"BOTH","HIGH",
86432,"Cubuk_VOR-DME_TR","BUK","Cubuk","VOR-DME",114300,40.24169921875,33.104698181152344,4068,"TR",114300,"090X",,,,3.007,4.365,"BOTH","HIGH","LTAC"
86435,"Butler_VORTAC_US","BUM","Butler","VORTAC",115900,38.272098541259766,-94.48819732666016,890,"US",115900,"106X",,,,7.001,2.549,"BOTH","HIGH",
86436,"Bunia_VOR_CD","BUN","Bunia","VOR",114000,1.5638799667358398,30.21660041809082,4045,"CD",,,,,,,0.505,"BOTH","HIGH","FZKA"
86437,"Bruno_VOR-DME_BE","BUN","Bruno","VOR-DME",110600,51.11859893798828,4.841939926147461,69,"BE",110600,"043X",,,,,-0.286,"LO","LOW","EBBR"
86438,"Buenaventura_VOR-DME_CO","BUN","Buenaventura","VOR-DME",112900,3.8255300521850586,-76.99539947509766,50,"CO",112900,"076X",,,,,-3.292,"BOTH","HIGH","SKBU"
86443,"U_Taphao_VOR-DME_TH","BUT","U Taphao","VOR-DME",110800,12.668399810791016,100.99700164794922,20,"TH",110800,"045X",,,,0.007,-0.302,"BOTH","HIGH","VTBU"
86445,"Burbun_VOR-DME_US","BUU","Burbun","VOR-DME",114500,42.689300537109375,-88.30180358886719,780,"US",114500,"092X",,,,-1.001,-2.424,"TERMINAL","LOW",
86446,"Buvis_VOR-DME_CO","BUV","Buvis","VOR-DME",116200,5.532219886779785,-73.85859680175781,9845,"CO",116200,"109X",,,,-4.007,-5.561,"BOTH","HIGH",
86448,"Bushehr_VOR-DME_IR","BUZ","Bushehr","VOR-DME",117450,28.951400756835938,50.82609939575195,24,"IR",117450,"121Y",,,,2.501,2.378,"BOTH","HIGH","OIBB"
86459,"Boa_Vista_VOR-DME_BR","BVI","Boa Vista","VOR-DME",113100,2.852169990539551,-60.686798095703125,274,"BR",113100,"078X",,,,-13.007,-14.137,"BOTH","HIGH","SBBV"
86463,"Bonneville_VORTAC_US","BVL","Bonneville","VORTAC",112300,40.72610092163086,-113.75700378417969,4220,"US",112300,"070X",,,,17.001,13.284,"BOTH","HIGH",
86465,"Bartlesville_VOR-DME_US","BVO","Bartlesville","VOR-DME",117900,36.83420181274414,-96.01830291748047,940,"US",117900,"126X",,,,8.001,4.041,"LO","MEDIUM",
86468,"Bhavnagar_VOR-DME_IN","BVR","Bhavnagar","VOR-DME",114100,21.750099182128906,72.18890380859375,20,"IN",114100,"088X",,,,0.011,-0.227,"BOTH","HIGH","VABV"
86469,"Byers_VOR-DME_US","BVR","Byers","VOR-DME",113500,39.76580047607422,-103.9280014038086,5252,"US",113500,"082X",,,,10.009,9.024,"BOTH","HIGH","8CO4"
86470,"Beauvais_VOR_FR","BVS","Beauvais","VOR",115900,49.4364013671875,2.1531898975372314,,"FR",,,,,,,-1.124,"BOTH","HIGH","LFOB"
86472,"Boiler_VORTAC_US","BVT","Boiler","VORTAC",115100,40.55609893798828,-87.06929779052734,750,"US",115100,"098X",,,,1.001,-3.185,"BOTH","HIGH","KLAF"
86481,"Bhairahawa_VOR-DME_NP","BWA","Bhairahawa","VOR-DME",114700,27.503299713134766,83.43280029296875,358,"NP",114700,"094X",,,,0.011,0.111,"BOTH","HIGH","VNBW"
86482,"Brownwood_VOR-DME_US","BWD","Brownwood","VOR-DME",108600,31.89259910583496,-98.9574966430664,1571,"US",108600,"023X",,,,8.012,5.544,"LO","MEDIUM",
86483,"Bowling_Green_VORTAC_US","BWG","Bowling Green","VORTAC",117900,36.9286994934082,-86.44339752197266,565,"US",117900,"126X",,,,2.001,-3.066,"BOTH","HIGH","KBWG"
86488,"Boles_VOR-DME_US","BWS","Boles","VOR-DME",109600,32.8213005065918,-106.01300048828125,4100,"US",109600,"033X",,,,11.001,9.198,"TERMINAL","MEDIUM","KALM"
86490,"Broadway_VOR-DME_US","BWZ","Broadway","VOR-DME",114200,40.79840087890625,-74.8218002319336,1048,"US",114200,"089X",,,,-11.002,-12.43,"BOTH","MEDIUM",
86497,"Buckeye_VORTAC_US","BXK","Buckeye","VORTAC",110600,33.45349884033203,-112.82499694824219,1060,"US",110600,"043X",,,,14.001,11.442,"BOTH","MEDIUM",
86499,"West_Branch_VOR-DME_US","BXZ","West Branch","VOR-DME",113200,44.242698669433594,-84.18350219726562,805,"US",113200,"079X",,,,-6.001,-6.44,"TERMINAL","LOW",
86504,"Burley_VOR-DME_US","BYI","Burley","VOR-DME",114100,42.5802001953125,-113.86599731445312,4230,"US",114100,"088X",,,,18.001,13.555,"BOTH","MEDIUM","KBYI"
86506,"Bonham_VORTAC_US","BYP","Bonham","VORTAC",114600,33.537498474121094,-96.23410034179688,700,"US",114600,"093X",,,,6.01,4.182,"BOTH","HIGH",
86508,"Brazzaville_Maya_Maya_VOR-DME_CG","BZ","Brazzaville Maya Maya","VOR-DME",113100,-4.245610237121582,15.263799667358398,1048,"CG",113100,"078X",,,,,-3.122,"BOTH","HIGH","FCBB"
86518,"Bard_VORTAC_US","BZA","Bard","VORTAC",116800,32.76810073852539,-114.60299682617188,130,"US",116800,"115X",,,,14.001,12.039,"BOTH","HIGH",
86519,"Belize_VOR-DME_BZ","BZE","Belize","VOR-DME",114300,17.54010009765625,-88.31549835205078,39,"BZ",114300,"090X",,,,-2.007,0.598,"BOTH","HIGH","MZBZ"
86523,"Barretts_Mt_VOR-DME_US","BZM","Barretts Mt","VOR-DME",110800,35.868900299072266,-81.2405014038086,1880,"US",110800,"045X",,,,-6.001,-6.528,"LO","MEDIUM","KHKY"
86525,"Bozeman_VOR-DME_US","BZN","Bozeman","VOR-DME",112400,45.78390121459961,-111.15499877929688,4430,"US",112400,"071X",,,,18.001,13.342,"LO","HIGH","KBZN"
86552,"Cabanatuan_VOR-DME_PH","CAB","Cabanatuan","VOR-DME",112700,15.4822998046875,121.02400207519531,177,"PH",112700,"074X",,,,0.007,-1.303,"BOTH","HIGH",
86553,"Catbi_VOR-DME_VN","CAB","Catbi","VOR-DME",115100,20.818199157714844,106.72799682617188,54,"VN",115100,"098X",,,,-1.011,-1.139,"BOTH","HIGH","VVCI"
86557,"Columbia_VORTAC_US","CAE","Columbia","VORTAC",114700,33.8572998046875,-81.05390167236328,400,"US",114700,"094X",,,,-2.001,-6.34,"BOTH","HIGH",
86560,"Caiguna_VOR-DME_AU","CAG","Caiguna","VOR-DME",112500,-32.263301849365234,125.49600219726562,370,"AU",112500,"072X",-32.2636,125.496,370,1.007,2.324,"BOTH","HIGH",
86561,"Cagliari_VOR-DME_IT","CAG","Cagliari","VOR-DME",113400,39.249000549316406,9.05408000946045,13,"IT",113400,"081X",39.2489,9.05397,13,,1.028,"LO","MEDIUM","LIEE"
86563,"Cairo_VOR-DME_EG","CAI","Cairo","VOR-DME",112500,30.152000427246094,31.423900604248047,200,"EG",112500,"072X",,,,3.005,3.209,"BOTH","HIGH","HECA"
86565,"Chekka_VOR-DME_LB","CAK","Chekka","VOR-DME",116200,34.29899978637695,35.69969940185547,725,"LB",116200,"109X",,,,2.007,3.583,"BOTH","HIGH",
86566,"Calamarca_VOR-DME_BO","CAL","Calamarca","VOR-DME",114100,-16.879199981689453,-68.0802993774414,13412,"BO",114100,"088X",,,,,-5.402,"BOTH","HIGH",
86567,"Calabar_VOR-DME_NG","CAL","Calabar","VOR-DME",114100,4.921870231628418,8.320039749145508,211,"NG",114100,"088X",,,,,-2.406,"LO","HIGH","DNCA"
86569,"Cambridge_VOR-DME_US","CAM","Cambridge","VOR-DME",115000,42.994300842285156,-73.34400177001953,1490,"US",115000,"097X",,,,-14.001,-14.221,"BOTH","MEDIUM",
86573,"Caen_VOR_FR","CAN","Caen","VOR",114450,49.173195,-0.455282,256,"FR",,,,,,-4,-2,"BOTH","HIGH","LFRK"
86576,"Carnarvon_VOR-DME_AU","CAR","Carnarvon","VOR-DME",113000,-24.881900787353516,113.6729965209961,13,"AU",113000,"077X",-24.8819,113.673,23,0.007,-0.104,"BOTH","HIGH","YCAR"
86577,"Concepcion_VOR-DME_CL","CAR","Concepcion","VOR-DME",114300,-36.75550079345703,-73.0531005859375,7,"CL",114300,"090X",,,,9.007,7.166,"BOTH","HIGH","SCIE"
86578,"Carbonara_VOR-DME_IT","CAR","Carbonara","VOR-DME",115100,39.11140060424805,9.508060455322266,167,"IT",115100,"098X",,,,0.007,1.08,"RNAV","HIGH",
86584,"Cascais_VOR-DME_PT","CAS","Cascais","VOR-DME",114300,38.74829864501953,-9.361940383911133,326,"PT",114300,"090X",,,,,-4.039,"BOTH","HIGH","LPCS"
86586,"Catamarca_VOR-DME_AR","CAT","Catamarca","VOR-DME",114300,-28.583599090576172,-65.74669647216797,1522,"AR",114300,"090X",,,,-1.007,-3.219,"BOTH","HIGH","SANC"
86587,"El_Salvador_VOR-DME_SV","CAT","El Salvador","VOR-DME",117500,13.441399574279785,-89.04779815673828,114,"SV",117500,"122X",,,,3.002,2.009,"BOTH","HIGH","MSLP"
86588,"Catania_VOR-DME_IT","CAT","Catania","VOR-DME",112100,37.456199645996094,14.969300270080566,217,"IT",112100,"058X",,,,2.007,2.016,"RNAV","HIGH","LICZ"
86593,"Vatry_VOR-DME_FR","CAV","Vatry","VOR-DME",111650,48.78110122680664,4.146940231323242,538,"FR",111650,"053Y",,,,,-0.298,"LO","MEDIUM","LFOK"
86596,"Caxias_VOR-DME_BR","CAX","Caxias","VOR-DME",113000,-22.77630043029785,-43.33319854736328,56,"BR",113000,"077X",,,,,-21.339,"BOTH","HIGH","SBGL"
86600,"Canberra_VOR-DME_AU","CB","Canberra","VOR-DME",116700,-35.28139877319336,149.1959991455078,1910,"AU",116700,"114X",,,,12.007,12.257,"BOTH","HIGH","YSCB"
86608,"Cordoba_VOR-DME_AR","CBA","Cordoba","VOR-DME",114500,-31.31329917907715,-64.20359802246094,1588,"AR",114500,"092X",,,,-2.007,-3.3,"BOTH","HIGH","SACO"
86609,"Cochabamba_VOR-DME_BO","CBA","Cochabamba","VOR-DME",112100,-17.421300888061523,-66.17900085449219,8360,"BO",112100,"058X",,,,-4.007,-7.079,"BOTH","HIGH","SLCB"
86610,"Casablanca_VOR-DME_MA","CBA","Casablanca","VOR-DME",116900,33.52149963378906,-7.677189826965332,365,"MA",116900,"116X",,,,-5.007,-3.184,"BOTH","HIGH","MA-0012"
86615,"Cabo_Codera_VOR-DME_VE","CBC","Cabo Codera","VOR-DME",113500,10.57699966430664,-66.04840087890625,3,"VE",113500,"082X",,,,-10.007,-11.437,"BOTH","HIGH","SVHG"
86617,"Chubu_VOR-DME_JP","CBE","Chubu","VOR-DME",117800,34.858001708984375,136.80299377441406,39,"JP",117800,"125X",,,,,-6.59,"BOTH","HIGH","RJGG"
86621,"Chah_Bahar_VORTAC_IR","CBH","Chah Bahar","VORTAC",116900,25.44540023803711,60.42129898071289,50,"IR",116900,"116X",,,,1.001,1.01,"BOTH","HIGH","OIZC"
86622,"Ciudad_Bolivar_VOR-DME_VE","CBL","Ciudad Bolivar","VOR-DME",115100,8.124190330505371,-63.53139877319336,197,"VE",115100,"098X",,,,-11.007,-12.572,"BOTH","HIGH","SVCB"
86625,"Caledonia_VORTAC_US","CBM","Caledonia","VORTAC",115200,33.64149856567383,-88.4384994506836,220,"US",115200,"099X",,,,0.009,-1.042,"TERMINAL","LOW","KCBM"
86626,"Cap_Bon_VOR_TN","CBN","Cap Bon","VOR",112700,36.895599365234375,11.088299751281738,,"TN",,,,,,0.007,1.219,"BOTH","HIGH",
86630,"Chambery_VOR-DME_FR","CBY","Chambery","VOR-DME",115400,45.881900787353516,5.757309913635254,4783,"FR",115400,"101X",,,,,0.098,"LO","MEDIUM",
86631,"Cocos_(Keeling)_Island_VOR-DME_CC","CC","Cocos (Keeling) Island","VOR-DME",114100,-12.200599670410156,96.84089660644531,10,"CC",114100,"088X",-12.2004,96.8411,10,-3.007,-2.404,"BOTH","HIGH","YPCC"
86638,"Coimbatore_VOR-DME_IN","CCB","Coimbatore","VOR-DME",112900,11.03380012512207,77.04810333251953,1319,"IN",112900,"076X",,,,-2.011,-2.092,"BOTH","HIGH","VOCB"
86639,"Calverton_VOR-DME_US","CCC","Calverton","VOR-DME",117200,40.92959976196289,-72.79889678955078,86,"US",117200,"119X",,,,-13.004,-13.576,"LO","MEDIUM",
86645,"Cochin_VOR-DME_IN","CCN","Cochin","VOR-DME",114600,9.944680213928223,76.27290344238281,8,"IN",114600,"093X",,,,-2.011,-2.211,"BOTH","HIGH","VOCC"
86646,"Concord_VOR-DME_US","CCR","Concord","VOR-DME",117000,38.044898986816406,-122.04499816894531,5,"US",117000,"117X",,,,17.001,14.461,"LO","LOW",
86647,"Caceres_VOR-DME_ES","CCS","Caceres","VOR-DME",114200,39.52450180053711,-6.43474006652832,1394,"ES",114200,"089X",39.5246,-6.43468,1394,-4.007,-3.062,"BOTH","HIGH",
86648,"Central_City_VORTAC_US","CCT","Central City","VORTAC",109800,37.38240051269531,-87.26370239257812,450,"US",109800,"035X",,,,-1.001,-2.327,"LO","MEDIUM",
86649,"Cape_Charles_VORTAC_US","CCV","Cape Charles","VORTAC",112200,37.34749984741211,-75.9977035522461,10,"US",112200,"059X",,,,-10.001,-10.561,"LO","MEDIUM",
86655,"Codan_VOR-DME_DK","CDA","Codan","VOR-DME",114900,55.00149917602539,12.379199981689453,90,"DK",114900,"096X",,,,2.008,1.532,"RNAV","HIGH",
86656,"Cold_Bay_VORTAC_US","CDB","Cold Bay","VORTAC",112600,55.267398834228516,-162.7740020751953,97,"US",112600,"073X",,,,14.001,13.27,"BOTH","HIGH","PACD"
86657,"Cordoba_VOR-DME_ES","CDB","Cordoba","VOR-DME",112400,37.84590148925781,-4.844979763031006,325,"ES",112400,"071X",37.8459,-4.84491,325,,-2.296,"LO","HIGH","LEBA"
86658,"Caraffa_VORTAC_IT","CDC","Caraffa","VORTAC",117300,38.75590133666992,16.36910057067871,3273,"IT",117300,"120X",,,,1.007,2.186,"BOTH","HIGH",
86659,"Cedar_City_VOR-DME_US","CDC","Cedar City","VOR-DME",117300,37.78730010986328,-113.06800079345703,5464,"US",117300,"120X",,,,16.001,12.382,"BOTH","HIGH","KCDC"
86665,"Punta_Caucedo_VOR-DME_DO","CDO","Punta Caucedo","VOR-DME",114700,18.432899475097656,-69.66729736328125,77,"DO",114700,"094X",,,,-8.007,-10.404,"BOTH","HIGH","MDSD"
86666,"Caicara_Del_Orinoco_VOR-DME_VE","CDO","Caicara Del Orinoco","VOR-DME",112300,7.628330230712891,-66.15779876708984,146,"VE",112300,"070X",,,,-9.007,-11.2,"BOTH","HIGH","SVCD"
86669,"Capdepera_VOR-DME_ES","CDP","Capdepera","VOR-DME",112900,39.69770050048828,3.4343700408935547,778,"ES",112900,"076X",39.6975,3.43406,778,-1.507,-0.126,"BOTH","HIGH",
86670,"Concepcion_VOR-DME_MX","CDR","Concepcion","VOR-DME",117100,24.159700393676758,-101.48799896240234,6217,"MX",117100,"118X",,,,9.007,6.548,"BOTH","HIGH",
86671,"Chadron_VOR-DME_US","CDR","Chadron","VOR-DME",113400,42.558799743652344,-103.31199645996094,4630,"US",113400,"081X",,,,13.001,8.551,"LO","MEDIUM",
86672,"Childress_VORTAC_US","CDS","Childress","VORTAC",117600,34.36909866333008,-100.28900146484375,1920,"US",117600,"123X",,,,10.012,6.422,"LO","MEDIUM",
86681,"Kolkata_VOR-DME_IN","CEA","Kolkata","VOR-DME",112500,22.645200729370117,88.4529037475586,17,"IN",112500,"072X",,,,0.011,-0.329,"BOTH","HIGH","VECC"
86682,"Crescent_City_VORTAC_US","CEC","Crescent City","VORTAC",109000,41.779598236083984,-124.24099731445312,50,"US",109000,"027X",,,,19.001,16.088,"BOTH","MEDIUM","KCEC"
86683,"Westover_VORTAC_US","CEF","Westover","VORTAC",114000,42.1974983215332,-72.52629852294922,241,"US",114000,"087X",,,,-14.001,-14.327,"TERMINAL","MEDIUM","KCEF"
86687,"Cencun_VOR-DME_CN","CEN","Cencun","VOR-DME",114600,23.149999618530273,113.41699981689453,342,"CN",114600,"093X",,,,,-2.194,"BOTH","HIGH","ZGGG"
86688,"Obregon_VOR-DME_MX","CEN","Obregon","VOR-DME",115100,27.394800186157227,-109.83699798583984,205,"MX",115100,"098X",,,,11.006,9.567,"BOTH","HIGH","MMCN"
86695,"Crestview_VORTAC_US","CEW","Crestview","VORTAC",115900,30.826200485229492,-86.6791000366211,255,"US",115900,"106X",,,,3.001,-1.562,"BOTH","HIGH",
86696,"Cortez_VOR-DME_US","CEZ","Cortez","VOR-DME",108400,37.389801025390625,-108.56199645996094,6223,"US",108400,"021X",,,,14.001,10.572,"LO","MEDIUM",
86697,"Makoua_VOR_CG","CF","Makoua","VOR",112500,-0.0215000007301569,15.57919979095459,1289,"CG",,,,,,,-2,"BOTH","HIGH",
86700,"Clermont_VOR-DME_FR","CFA","Clermont","VOR-DME",114350,45.787498474121094,3.192189931869507,1093,"FR",114350,"090Y",,,,,-0.333,"BOTH","HIGH","LFLC"
86701,"Binghamton_VORTAC_US","CFB","Binghamton","VORTAC",112200,42.157501220703125,-76.1364974975586,1570,"US",112200,"059X",,,,-10.004,-12.193,"BOTH","MEDIUM","KBGM"
86702,"Cranfield_VOR_GB","CFD","Cranfield","VOR",116500,52.07419967651367,-0.6107919812202454,357,"GB",,,,,,-4.001,-2.331,"BOTH","HIGH","EGTC"
86710,"Coolangatta_VOR-DME_AU","CG","Coolangatta","VOR-DME",112300,-28.168899536132812,153.50399780273438,33,"AU",112300,"070X",,,,11.007,11.269,"BOTH","HIGH","YBCG"
86721,"Grayling_VOR_US","CGG","Grayling","VOR",109800,44.68159866333008,-84.72889709472656,1153,"US",,,,,,-6.009,-6.233,"TERMINAL","MEDIUM",
86722,"Cape_Girardeau_VOR-DME_US","CGI","Cape Girardeau","VOR-DME",112900,37.227500915527344,-89.57240295410156,340,"US",112900,"076X",,,,1.001,-0.425,"LO","MEDIUM","KCGI"
86725,"Charles de Gaulle_VOR-DME_FR","CGN","Charles de Gaulle","VOR-DME",115350,49.019901275634766,2.500109910964966,356,"FR",115350,"100Y",,,,,-1.029,"TERMINAL","HIGH","LFPG"
86726,"Congonhas_VOR-DME_BR","CGO","Congonhas","VOR-DME",116900,-23.627500534057617,-46.654701232910156,2631,"BR",116900,"116X",,,,-19.007,-19.515,"BOTH","HIGH","SBSP"
86727,"Zhengzhou_VOR-DME_CN","CGO","Zhengzhou","VOR-DME",114500,34.51499938964844,113.84300231933594,495,"CN",114500,"092X",,,,,-4.286,"BOTH","HIGH","ZHCC"
86728,"Cagayan_De_Oro_VOR-DME_PH","CGO","Cagayan De Oro","VOR-DME",113300,8.415690422058105,124.60900115966797,601,"PH",113300,"080X",,,,0.007,-0.057,"BOTH","HIGH","RPML"
86731,"Campo_Grande_VOR-DME_BR","CGR","Campo Grande","VOR-DME",115700,-20.468799591064453,-54.6702995300293,1833,"BR",115700,"104X",,,,-14.007,-15.354,"BOTH","HIGH","SBCG"
86733,"Cagnes_Sur_Mer_VOR-DME_FR","CGS","Cagnes Sur Mer","VOR-DME",109200,43.645198822021484,7.1459197998046875,13,"FR",109200,"029X",,,,,0.364,"LO","MEDIUM","LFMN"
86734,"Chicago_Heights_VORTAC_US","CGT","Chicago Heights","VORTAC",114200,41.5099983215332,-87.57150268554688,630,"US",114200,"089X",,,,2.001,-3.051,"LO","MEDIUM",
86736,"Coffs_Harbour_VOR-DME_AU","CH","Coffs Harbour","VOR-DME",117000,-30.31920051574707,153.11599731445312,28,"AU",117000,"117X",-30.3194,153.116,28,11.007,12,"BOTH","HIGH","YCFS"
86737,"Cheung_Chau_VOR-DME_HK","CH","Cheung Chau","VOR-DME",112300,22.219499588012695,114.02999877929688,357,"HK",112300,"070X",22.2199,114.03,357,-1.007,-2.133,"BOTH","HIGH","VHHH"
86738,"Christchurch_VOR-DME_NZ","CH","Christchurch","VOR-DME",115300,-43.50410079956055,172.51499938964844,123,"NZ",115300,"100X",-43.5042,172.515,140,23.007,23.188,"BOTH","HIGH","NZCH"
86750,"Charlie_VOR_DE","CHA","Charlie","VOR",115500,49.92110061645508,9.039810180664062,532,"DE",,,,,,,0.549,"BOTH","LOW","DE-0881"
86754,"Chitose_VOR-DME_JP","CHE","Chitose","VOR-DME",116900,42.69990158081055,141.68600463867188,88,"JP",116900,"116X",,,,-9.011,-9.009,"BOTH","HIGH","RJCJ"
86755,"Hayden_VOR-DME_US","CHE","Hayden","VOR-DME",115600,40.52009963989258,-107.30500030517578,7230,"US",115600,"103X",,,,14.001,10.512,"BOTH","HIGH",
86759,"Chaoyang_VOR-DME_CN","CHG","Chaoyang","VOR-DME",114500,41.53670120239258,120.43299865722656,603,"CN",114500,"092X",,,,,-7.48,"BOTH","HIGH","ZYCY"
86760,"Chandigarh_VOR-DME_IN","CHG","Chandigarh","VOR-DME",116500,30.667600631713867,76.80570220947266,1012,"IN",116500,"112X",,,,1.011,1.068,"BOTH","HIGH","VICG"
86762,"Chillan_VOR-DME_CL","CHI","Chillan","VOR-DME",115900,-36.583099365234375,-72.03579711914062,488,"CL",115900,"106X",,,,8.007,6.199,"BOTH","HIGH","SCCH"
86763,"Chillerki_VOR-DME_IN","CHI","Chillerki","VOR-DME",116800,28.34760093688965,76.66600036621094,772,"IN",116800,"115X",,,,1.011,0.388,"BOTH","HIGH",
86764,"Chioggia_VOR-DME_IT","CHI","Chioggia","VOR-DME",114100,45.07120132446289,12.281399726867676,33,"IT",114100,"088X",,,,0.007,1.473,"BOTH","HIGH",
86770,"Chisinau_VOR-DME_MD","CHN","Chisinau","VOR-DME",113700,46.92639923095703,28.899200439453125,418,"MD",113700,"084X",,,,,5.113,"BOTH","HIGH","LUKK"
86772,"Cheongju_VOR-DME_KR","CHO","Cheongju","VOR-DME",109000,36.71780014038086,127.49400329589844,191,"KR",109000,"027X",,,,-7.011,-7.357,"BOTH","LOW","RKTU"
86774,"San_Martin_De_Los_Andes_VOR-DME_AR","CHP","San Martin De Los Andes","VOR-DME",117000,-40.04890060424805,-71.09529876708984,2569,"AR",117000,"117X",,,,8.007,7.235,"BOTH","HIGH","SAZY"
86777,"Charleston_VORTAC_US","CHS","Charleston","VORTAC",113500,32.8942985534668,-80.03780364990234,39,"US",113500,"082X",,,,-5.001,-7.049,"BOTH","HIGH","KCHS"
86781,"Jiayuguan_VOR-DME_CN","CHW","Jiayuguan","VOR-DME",114500,39.849998474121094,98.3499984741211,5091,"CN",114500,"092X",,,,,-0.398,"BOTH","HIGH",
86782,"Chartres_VOR-DME_FR","CHW","Chartres","VOR-DME",115200,48.47999954223633,0.9870560169219971,702,"FR",115200,"099X",,,,-3.007,-1.295,"BOTH","HIGH",
86789,"Cuiaba_VOR-DME_BR","CIA","Cuiaba","VOR-DME",113700,-15.656200408935547,-56.11199951171875,614,"BR",113700,"084X",,,,-14.007,-15.304,"BOTH","HIGH","SBCY"
86790,"Cochin_Intl_VOR-DME_IN","CIA","Cochin Intl","VOR-DME",113500,10.150500297546387,76.37259674072266,49,"IN",113500,"082X",,,,-2.011,-2.188,"BOTH","HIGH","VOCI"
86791,"Clark_VOR-DME_PH","CIA","Clark","VOR-DME",113100,15.18690013885498,120.56099700927734,484,"PH",113100,"078X",,,,0.007,-1.255,"BOTH","HIGH","RPLC"
86795,"Cochin_Intl_VOR-DME_IN","CIB","Cochin Intl","VOR-DME",117300,10.115300178527832,76.68170166015625,28,"IN",117300,"120X",,,,-2.011,-2.189,"BOTH","HIGH","VOCI"
86796,"Chico_VOR-DME_US","CIC","Chico","VOR-DME",109800,39.789798736572266,-121.84700012207031,220,"US",109800,"035X",,,,16.001,15.126,"LO","LOW",
86797,"Cedar_Rapids_VOR-DME_US","CID","Cedar Rapids","VOR-DME",114100,41.88750076293945,-91.78569793701172,870,"US",114100,"088X",,,,5.001,0.256,"LO","HIGH","KCID"
86798,"Cochise_VORTAC_US","CIE","Cochise","VORTAC",115800,32.03340148925781,-109.75800323486328,4230,"US",115800,"105X",,,,13.001,10.35,"BOTH","HIGH",
86804,"Cimarron_VORTAC_US","CIM","Cimarron","VORTAC",116400,36.49140167236328,-104.87200164794922,6550,"US",116400,"111X",,,,13.001,9.127,"BOTH","HIGH",
86805,"Curtin_VOR-DME_AU","CIN","Curtin","VOR-DME",114300,-17.588600158691406,123.85199737548828,27,"AU",114300,"090X",,,,2.007,2.432,"BOTH","HIGH","YCIN"
86808,"Clarion_VOR-DME_US","CIP","Clarion","VOR-DME",112900,41.14630126953125,-79.45800018310547,1530,"US",112900,"076X",,,,-6.002,-9.372,"BOTH","MEDIUM",
86810,"Chièvres_VOR_BE","CIV","Chièvres","VOR",113200,50.57389831542969,3.832779884338379,221,"BE",,,,,,-1.307,-0.458,"BOTH","HIGH","EBCV"
86815,"Cerrejon_VOR-DME_CO","CJN","Cerrejon","VOR-DME",113400,11.231200218200684,-72.4928970336914,295,"CO",113400,"081X",,,,-6.007,-7.479,"BOTH","HIGH","SKLM"
86816,"Castejon_VOR-DME_ES","CJN","Castejon","VOR-DME",115600,40.37200164794922,-2.544610023498535,3501,"ES",115600,"103X",40.3718,-2.54466,3501,-3.007,-1.542,"BOTH","HIGH",
86818,"Juarez_VOR-DME_MX","CJS","Juarez","VOR-DME",116700,31.636199951171875,-106.427001953125,3904,"MX",116700,"114X",,,,11.001,9.217,"BOTH","HIGH","MMCS"
86819,"Jeju_VORTAC_KR","CJU","Jeju","VORTAC",116100,33.384700775146484,126.6240005493164,2450,"KR",116100,"108X",,,,-6.011,-6.298,"BOTH","HIGH","RKPC"
86824,"Clarksburg_VOR-DME_US","CKB","Clarksburg","VOR-DME",112600,39.25320053100586,-80.26789855957031,1430,"US",112600,"073X",,,,-4.001,-8.276,"LO","MEDIUM","KCKB"
86826,"Chongqing_VOR-DME_CN","CKG","Chongqing","VOR-DME",116100,29.72170066833496,106.64299774169922,1463,"CN",116100,"108X",,,,,-2.085,"BOTH","HIGH","ZUCK"
86827,"Cengkareng_VOR-DME_ID","CKG","Cengkareng","VOR-DME",113600,-6.18789005279541,106.52999877929688,31,"ID",113600,"083X",,,,0.007,0.419,"BOTH","HIGH","WIII"
86828,"Koko_Head_VORTAC_US","CKH","Koko Head","VORTAC",113900,21.265199661254883,-157.7030029296875,640,"US",113900,"086X",,,,11.001,9.586,"BOTH","HIGH",
86835,"Clarksville_VOR-DME_US","CKV","Clarksville","VOR-DME",110600,36.62200164794922,-87.41259765625,540,"US",110600,"043X",,,,-1.002,-2.179,"TERMINAL","LOW",
86836,"Cherokee_VOR-DME_US","CKW","Cherokee","VOR-DME",115000,41.755699157714844,-107.58200073242188,7050,"US",115000,"097X",,,,15.001,11.098,"BOTH","HIGH",
86837,"Pennridge_VOR-DME_US","CKZ","Pennridge","VOR-DME",108850,40.390899658203125,-75.28880310058594,552,"US",108850,"025Y",,,,-12.002,-12.175,"TERMINAL","LOW",
86847,"Chiclayo_VOR-DME_PE","CLA","Chiclayo","VOR-DME",114900,-6.717219829559326,-79.81919860839844,121,"PE",114900,"096X",,,,1.007,0.361,"BOTH","HIGH","SPHI"
86849,"Calicut_VOR-DME_IN","CLC","Calicut","VOR-DME",116500,11.135100364685059,75.95480346679688,331,"IN",116500,"112X",,,,-2.011,-2.091,"BOTH","HIGH","VOCL"
86851,"Calella_VOR-DME_ES","CLE","Calella","VOR-DME",115350,41.63999938964844,2.6346700191497803,1351,"ES",115350,"100Y",41.64,2.6345,1411,,-0.287,"TERMINAL","LOW",
86853,"Cluj_VOR-DME_RO","CLJ","Cluj","VOR-DME",111200,46.80009841918945,23.78730010986328,1549,"RO",111200,"049X",,,,,4.141,"LO","HIGH","LRCL"
86855,"College_Station_VORTAC_US","CLL","College Station","VORTAC",113300,30.604999542236328,-96.42070007324219,370,"US",113300,"080X",,,,8.008,4.289,"BOTH","MEDIUM","KCLL"
86856,"Coulommiers_VOR-DME_FR","CLM","Coulommiers","VOR-DME",112900,48.844600677490234,3.013859987258911,486,"FR",112900,"076X",,,,,-0.518,"BOTH","HIGH","LFPK"
86857,"Clacton_VOR-DME_GB","CLN","Clacton","VOR-DME",114550,51.8484001159668,1.1476099491119385,100,"GB",114550,"092Y",,,,-3.006,-1.515,"RNAV","HIGH",
86858,"Cali_VOR-DME_CO","CLO","Cali","VOR-DME",115500,3.401940107345581,-76.40560150146484,3158,"CO",115500,"102X",,,,-3.004,-3.485,"BOTH","HIGH","SKCL"
86860,"Cilacap_VOR-DME_ID","CLP","Cilacap","VOR-DME",114900,-7.6475300788879395,109.03600311279297,69,"ID",114900,"096X",,,,0.007,1.021,"BOTH","HIGH","WAHL"
86862,"Calles_VOR-DME_ES","CLS","Calles","VOR-DME",117550,39.70719909667969,-0.986316978931427,1839,"ES",117550,"122Y",39.7072,-0.986433,1839,,-1.242,"BOTH","HIGH",
86863,"Charlotte_VOR-DME_US","CLT","Charlotte","VOR-DME",115000,35.19029998779297,-80.95169830322266,732,"US",115000,"097X",,,,-5.001,-6.563,"LO","MEDIUM","KCLT"
86870,"Calamocha_VOR-DME_ES","CMA","Calamocha","VOR-DME",116000,40.8672981262207,-1.298050045967102,3150,"ES",116000,"107X",40.8672,-1.29797,3150,-2.007,-1.333,"BOTH","HIGH",
86871,"Chiang_Mai_VOR-DME_TH","CMA","Chiang Mai","VOR-DME",116900,18.76609992980957,98.9613037109375,1043,"TH",116900,"116X",,,,0.007,-0.448,"BOTH","HIGH","VTCC"
86872,"Camarillo_VOR-DME_US","CMA","Camarillo","VOR-DME",115800,34.212501525878906,-119.09400177001953,62,"US",115800,"105X",,,,15.009,13.187,"LO","MEDIUM",
86873,"Canaima_VOR-DME_VE","CMA","Canaima","VOR-DME",117500,6.1997199058532715,-62.85029983520508,1469,"VE",117500,"122X",,,,-12.007,-13.12,"BOTH","HIGH","SVCN"
86874,"Cambrai_VORTAC_FR","CMB","Cambrai","VORTAC",112600,50.22809982299805,3.1514999866485596,257,"FR",112600,"073X",50.2232,3.15089,,-3.007,-0.574,"BOTH","HIGH","FR-1238"
86875,"Chisum_VORTAC_US","CME","Chisum","VORTAC",116100,33.337501525878906,-104.62100219726562,3772,"US",116100,"108X",,,,12.001,8.475,"BOTH","HIGH",
86876,"Carmen_VOR-DME_MX","CME","Carmen","VOR-DME",113000,18.65369987487793,-91.80509948730469,10,"MX",113000,"077X",,,,5.001,2.447,"BOTH","HIGH","MMCE"
86877,"Champaign_VORTAC_US","CMI","Champaign","VORTAC",110000,40.03450012207031,-88.2761001586914,750,"US",110000,"037X",,,,3.001,-2.12,"LO","MEDIUM","KCMI"
86879,"Carmel_VOR-DME_US","CMK","Carmel","VOR-DME",116600,41.28010177612305,-73.5813980102539,690,"US",116600,"113X",,,,-12.001,-13.377,"BOTH","MEDIUM",
86880,"Comilla_VOR_BD","CML","Comilla","VOR",115500,23.433799743652344,91.19010162353516,25,"BD",,,,,,0.011,-0.32,"BOTH","HIGH","VGCM"
86883,"Campagnano_VOR-DME_IT","CMP","Campagnano","VOR-DME",111400,42.12379837036133,12.381500244140625,1442,"IT",111400,"051X",,,,1.007,1.451,"BOTH","HIGH",
86884,"Chum_Phae_VOR-DME_TH","CMP","Chum Phae","VOR-DME",112900,16.636499404907227,101.98500061035156,815,"TH",112900,"076X",,,,0.007,-0.41,"BOTH","HIGH",
86887,"Comitan_VOR-DME_MX","CMT","Comitan","VOR-DME",114700,16.1781005859375,-92.05750274658203,5164,"MX",114700,"094X",,,,,3.096,"LO","MEDIUM","MMCO"
86889,"Cunnamulla_VOR_AU","CMU","Cunnamulla","VOR",115500,-28.038799285888672,145.62399291992188,625,"AU",,,,,,9.007,9.106,"BOTH","HIGH","YCMU"
86892,"Houghton_VOR-DME_US","CMX","Houghton","VOR-DME",112800,47.1702995300293,-88.48539733886719,1072,"US",112800,"075X",,,,-2.001,-3.395,"LO","MEDIUM","KCMX"
86902,"Carolina_VOR_BR","CNA","Carolina","VOR",115300,-7.318729877471924,-47.45479965209961,565,"BR",,,,,,-19.007,-20.305,"BOTH","HIGH","SBCI"
86903,"Cognac_VOR-DME_FR","CNA","Cognac","VOR-DME",114650,45.65959930419922,-0.3116390109062195,85,"FR",114650,"093Y",,,,-3.007,-1.371,"BOTH","HIGH","LFBG"
86907,"Constanta_VOR-DME_RO","CND","Constanta","VOR-DME",112700,44.294498443603516,28.47949981689453,269,"RO",112700,"074X",,,,,4.403,"BOTH","HIGH","LRCK"
86910,"Confins_VOR-DME_BR","CNF","Confins","VOR-DME",114400,-19.55820083618164,-44.048500061035156,2782,"BR",114400,"091X",,,,-20.007,-21.398,"BOTH","HIGH","SBCF"
86911,"Cunningham_VORTAC_US","CNG","Cunningham","VORTAC",113100,37.00859832763672,-88.83689880371094,480,"US",113100,"078X",,,,3.001,-1.149,"LO","MEDIUM","KPAH"
86913,"Canakkale_VOR-DME_TR","CNK","Canakkale","VOR-DME",111200,40.14080047607422,26.4325008392334,39,"TR",111200,"049X",,,,,3.505,"BOTH","HIGH","LTBH"
86918,"Cannes_VOR_FR","CNM","Cannes","VOR",111400,43.56039810180664,6.870940208435059,,"FR",,,,,,-1.007,0.325,"BOTH","HIGH","LFMD"
86919,"Carlsbad_VORTAC_US","CNM","Carlsbad","VORTAC",116300,32.25659942626953,-104.22599792480469,3250,"US",116300,"110X",,,,12.001,8.313,"LO","MEDIUM","KCNM"
86923,"Colmenar_VOR-DME_ES","CNR","Colmenar","VOR-DME",117300,40.645999908447266,-3.735840082168579,2690,"ES",117300,"120X",40.646,-3.73569,2690,-3.007,-2.176,"BOTH","HIGH",
86924,"Chanute_VOR-DME_US","CNU","Chanute","VOR-DME",109200,37.6260986328125,-95.59349822998047,1080,"US",109200,"029X",,,,5.005,3.446,"LO","MEDIUM",
86926,"Corona_VORTAC_US","CNX","Corona","VORTAC",115500,34.367000579833984,-105.6780014038086,6411,"US",115500,"102X",,,,13.001,9.214,"BOTH","HIGH",
86938,"Costa_VOR-DME_BE","COA","Costa","VOR-DME",110050,51.34809875488281,3.3552799224853516,30,"BE",110050,"037Y",,,,-3.207,-1.004,"BOTH","HIGH",
86939,"Canoas_VOR-DME_BR","COA","Canoas","VOR-DME",113600,-29.950300216674805,-51.14580154418945,26,"BR",113600,"083X",,,,,-15.097,"BOTH","HIGH","SBCO"
86942,"Cody_VOR-DME_US","COD","Cody","VOR-DME",111800,44.620399475097656,-108.96499633789062,4794,"US",111800,"055X",,,,14.007,12.183,"LO","MEDIUM",
86944,"Coeur_D_Alene_VOR-DME_US","COE","Coeur D Alene","VOR-DME",108800,47.77370071411133,-116.82099914550781,2290,"US",108800,"025X",,,,19.001,16.177,"BOTH","LOW",
86949,"Cola_VORTAC_DE","COL","Cola","VORTAC",108800,50.78350067138672,7.5941901206970215,990,"DE",108800,"025X",,,,0.009,0.263,"RNAV","HIGH","EDDK"
86950,"Colima_VOR-DME_MX","COL","Colima","VOR-DME",117700,19.275100708007812,-103.5790023803711,2467,"MX",117700,"124X",,,,8.01,7.308,"BOTH","HIGH","MMIA"
86951,"Colts_Neck_VOR-DME_US","COL","Colts Neck","VOR-DME",115400,40.31169891357422,-74.15979766845703,120,"US",115400,"101X",,,,-11.002,-12.581,"LO","MEDIUM","KNEL"
86958,"Concord_VORTAC_US","CON","Concord","VORTAC",112900,43.21979904174805,-71.57550048828125,710,"US",112900,"076X",,,,-15.001,-15.253,"LO","MEDIUM",
86959,"Conghua_VOR-DME_CN","CON","Conghua","VOR-DME",113000,23.588300704956055,113.58499908447266,239,"CN",113000,"077X",,,,,-2.252,"BOTH","HIGH","ZGGG"
86960,"Connaught_VOR-DME_IE","CON","Connaught","VOR-DME",117400,53.90800094604492,-8.820099830627441,700,"IE",117400,"121X",,,,-8.007,-6.165,"BOTH","HIGH","EIKN"
86965,"Carora_VOR-DME_VE","COR","Carora","VOR-DME",112700,10.179200172424316,-70.06539916992188,1437,"VE",112700,"074X",,,,-7.007,-9.129,"BOTH","HIGH","VE-0223"
86970,"Cotulla_VORTAC_US","COT","Cotulla","VORTAC",115800,28.461999893188477,-99.11849975585938,520,"US",115800,"105X",,,,9.012,5.567,"LO","HIGH",
86971,"Cotabato_VOR-DME_PH","COT","Cotabato","VOR-DME",113700,7.165480136871338,124.20999908447266,189,"PH",113700,"084X",,,,0.007,0.076,"BOTH","HIGH","RPMC"
86973,"Columbia_VOR-DME_US","COU","Columbia","VOR-DME",110200,38.81079864501953,-92.21829986572266,883,"US",110200,"039X",,,,3.007,1.092,"LO","MEDIUM","KCOU"
86975,"St_Croix_VOR-DME_VI","COY","St Croix","VOR-DME",108200,17.734399795532227,-64.70069885253906,850,"VI",108200,"019X",,,,-10.001,-13.109,"BOTH","MEDIUM","TISX"
86989,"Compiègne_VOR-DME_FR","CPE","Compiègne","VOR-DME",109650,49.43280029296875,2.7993600368499756,288,"FR",109650,"033Y",,,,,-0.595,"BOTH","HIGH","LFAD"
86990,"Campeche_VOR-DME_MX","CPE","Campeche","VOR-DME",116200,19.830799102783203,-90.50389862060547,34,"MX",116200,"109X",,,,5.002,1.546,"BOTH","HIGH","MMCP"
86993,"Campinas_VOR-DME_BR","CPN","Campinas","VOR-DME",112000,-23.008699417114258,-47.12900161743164,2170,"BR",112000,"057X",,,,-18.007,-19.442,"BOTH","HIGH","SBKP"
86994,"Chumphon_VOR-DME_TH","CPN","Chumphon","VOR-DME",110000,10.711199760437012,99.3656005859375,18,"TH",110000,"037X",,,,0.007,-0.319,"BOTH","HIGH","VTSE"
86995,"Coppertown_VOR-DME_US","CPN","Coppertown","VOR-DME",111600,46.03200149536133,-112.74800109863281,5780,"US",111600,"053X",,,,16.001,14.187,"LO","MEDIUM","KBTM"
86998,"Compton_VOR-DME_GB","CPT","Compton","VOR-DME",114350,51.49169921875,-1.2197200059890747,498,"GB",114350,"090Y",,,,-4.006,-2.414,"BOTH","HIGH",
87011,"Cedar_Creek_VORTAC_US","CQY","Cedar Creek","VORTAC",114800,32.185699462890625,-96.21810150146484,400,"US",114800,"095X",,,,6.01,4.195,"BOTH","MEDIUM","KCRS"
87020,"Cam_Ranh_VOR-DME_VN","CRA","Cam Ranh","VOR-DME",116500,11.994400024414062,109.22000122070312,40,"VN",116500,"112X",,,,,-0.237,"BOTH","HIGH","VVCR"
87023,"Cardak_VOR-DME_TR","CRD","Cardak","VOR-DME",112000,37.78969955444336,29.704200744628906,2828,"TR",112000,"057X",,,,3.007,3.568,"BOTH","HIGH","LTAY"
87026,"Grand_Strand_VORTAC_US","CRE","Grand Strand","VORTAC",117600,33.81380081176758,-78.72450256347656,20,"US",117600,"123X",33.8133,-78.7244,20,-3.001,-8.123,"LO","MEDIUM",
87028,"Craig_VORTAC_US","CRG","Craig","VORTAC",114500,30.338899612426758,-81.50990295410156,40,"US",114500,"092X",,,,-3.001,-5.31,"BOTH","HIGH",
87031,"Canarsie_VOR-DME_US","CRI","Canarsie","VOR-DME",112300,40.61249923706055,-73.89440155029297,10,"US",112300,"070X",,,,-11.001,-13.134,"TERMINAL","LOW","KJFK"
87032,"Carajas_VOR-DME_BR","CRJ","Carajas","VOR-DME",112400,-6.119329929351807,-50.002201080322266,2038,"BR",112400,"071X",,,,-18.007,-19.295,"BOTH","HIGH","SBCJ"
87034,"Cork_VOR-DME_IE","CRK","Cork","VOR-DME",114600,51.840599060058594,-8.494270324707031,500,"IE",114600,"093X",,,,-7.007,-5.413,"BOTH","HIGH","EICK"
87035,"Creil_VORTAC_FR","CRL","Creil","VORTAC",109200,49.25529861450195,2.514780044555664,325,"FR",109200,"029X",49.256,2.51728,,,-1.04,"HI","HIGH","LFPC"
87036,"Carleton_VORTAC_US","CRL","Carleton","VORTAC",115700,42.048099517822266,-83.45760345458984,630,"US",115700,"104X",,,,-3.001,-6.423,"BOTH","HIGH",
87037,"Corlu_VOR-DME_TR","CRL","Corlu","VOR-DME",114800,41.152198791503906,27.93829917907715,538,"TR",114800,"095X",,,,,4.092,"BOTH","HIGH","LTBU"
87039,"Carsamba_VOR-DME_TR","CRM","Carsamba","VOR-DME",112800,41.265499114990234,36.54890060424805,18,"TR",112800,"075X",,,,,5.064,"BOTH","MEDIUM","LTFH"
87041,"Crotone_VOR-DME_IT","CRN","Crotone","VOR-DME",117100,38.99610137939453,17.083099365234375,522,"IT",117100,"118X",,,,1.007,2.262,"BOTH","HIGH","LIBC"
87044,"Coro_VOR-DME_VE","CRO","Coro","VOR-DME",117300,11.414199829101562,-69.69229888916016,52,"VE",117300,"120X",11.4133,-69.6834,52,-8.007,-9.377,"BOTH","HIGH","SVCR"
87045,"Corpus_Christi_VORTAC_US","CRP","Corpus Christi","VORTAC",115500,27.903799057006836,-97.44490051269531,60,"US",115500,"102X",,,,9.008,5.054,"BOTH","HIGH","KNGP"
87046,"Corrientes_VOR-DME_AR","CRR","Corrientes","VOR-DME",115400,-27.43720054626465,-58.76169967651367,203,"AR",115400,"101X",,,,,-10.097,"BOTH","HIGH","SARC"
87047,"Carrasco_VOR-DME_UY","CRR","Carrasco","VOR-DME",116900,-34.832698822021484,-56.02510070800781,98,"UY",116900,"116X",,,,,-8.599,"BOTH","HIGH","SUMU"
87051,"Comodoro_Rivadavia_VOR-DME_AR","CRV","Comodoro Rivadavia","VOR-DME",117500,-45.77330017089844,-67.37169647216797,189,"AR",117500,"122X",,,,8.007,7.269,"BOTH","HIGH","SAVC"
87052,"Craiova_VOR-DME_RO","CRV","Craiova","VOR-DME",110200,44.318599700927734,23.922800064086914,634,"RO",110200,"039X",,,,,3.572,"LO","HIGH","LRCV"
87055,"Cairns_VOR-DME_AU","CS","Cairns","VOR-DME",113000,-16.850000381469727,145.74400329589844,23,"AU",113000,"077X",,,,7.007,7.076,"BOTH","HIGH","YBCS"
87062,"Columbus_VORTAC_US","CSG","Columbus","VORTAC",117100,32.615299224853516,-85.0176010131836,630,"US",117100,"118X",,,,1.001,-3.255,"LO","MEDIUM","KCSG"
87063,"Center_Point_VORTAC_US","CSI","Center Point","VORTAC",117500,29.922300338745117,-99.2145004272461,2080,"US",117500,"122X",,,,8.012,6.008,"BOTH","HIGH","64TE"
87064,"Caselle_VOR-DME_IT","CSL","Caselle","VOR-DME",116750,45.21969985961914,7.649569988250732,1007,"IT",116750,"114Y",,,,,0.414,"BOTH","HIGH","LIMF"
87066,"Casanova_VORTAC_US","CSN","Casanova","VORTAC",116300,38.64120101928711,-77.8655014038086,445,"US",116300,"110X",,,,-6.001,-10.022,"BOTH","HIGH",
87067,"Constantine_VOR-DME_DZ","CSO","Constantine","VOR-DME",115500,36.292598724365234,6.6055498123168945,2303,"DZ",115500,"102X",,,,,0.304,"BOTH","HIGH","DABC"
87070,"Collinsville_VOR_AU","CSV","Collinsville","VOR",112200,-20.591400146484375,147.78500366210938,,"AU",,,,,,8.007,8.14,"BOTH","HIGH","YCSV"
87071,"Changsha_VOR-DME_CN","CSX","Changsha","VOR-DME",113300,28.20330047607422,113.21700286865234,289,"CN",113300,"080X",,,,,-3.091,"BOTH","HIGH","ZGHA"
87072,"Cardinal_VOR-DME_US","CSX","Cardinal","VOR-DME",116450,38.75270080566406,-90.36090087890625,530,"US",116450,"111Y",,,,0.012,-0.18,"BOTH","LOW","KSTL"
87077,"Cut_Bank_VORTAC_US","CTB","Cut Bank","VORTAC",114400,48.56489944458008,-112.34300231933594,3780,"US",114400,"091X",,,,17.001,14.46,"LO","MEDIUM","KCTB"
87078,"Curitiba_VOR-DME_BR","CTB","Curitiba","VOR-DME",116500,-25.531999588012695,-49.167701721191406,2988,"BR",116500,"112X",,,,-16.007,-17.593,"BOTH","HIGH","SBCT"
87080,"Catania_Fontanarossa_VOR-DME_IT","CTF","Catania Fontanarossa","VOR-DME",116250,37.46440124511719,15.0625,45,"IT",116250,"109Y",,,,,2.025,"BOTH","HIGH","LICC"
87081,"Chesterfield_VOR-DME_US","CTF","Chesterfield","VOR-DME",108200,34.6505012512207,-80.27490234375,560,"US",108200,"019X",,,,-3.001,-7.183,"LO","MEDIUM",
87083,"Chittagong_VOR-DME_BD","CTG","Chittagong","VOR-DME",113400,22.257699966430664,91.82749938964844,45,"BD",113400,"081X",,,,-1.007,-0.372,"BOTH","HIGH","VGEG"
87084,"Cartagena_VOR-DME_CO","CTG","Cartagena","VOR-DME",112300,10.209199905395508,-75.50669860839844,165,"CO",112300,"070X",,,,-3.007,-5.388,"BOTH","HIGH","SKCG"
87086,"Châtillon-sur-Marne_VOR-DME_FR","CTL","Châtillon-sur-Marne","VOR-DME",117600,49.137699127197266,3.5776898860931396,641,"FR",117600,"123X",,,,-3.007,-0.426,"BOTH","HIGH",
87089,"Chetumal_VOR-DME_MX","CTM","Chetumal","VOR-DME",116300,18.509300231933594,-88.33370208740234,39,"MX",116300,"110X",,,,4.002,0.519,"BOTH","HIGH","MMCM"
87091,"El_Canton_VOR-DME_VE","CTN","El Canton","VOR-DME",116000,7.516670227050781,-71.4458999633789,618,"VE",116000,"107X",,,,-6.007,-7.55,"BOTH","HIGH",
87093,"Chiang_Rai_VOR-DME_TH","CTR","Chiang Rai","VOR-DME",116500,19.948200225830078,99.8833999633789,1295,"TH",116500,"112X",,,,0.007,-0.475,"BOTH","HIGH","VTCT"
87094,"Chester_VOR-DME_US","CTR","Chester","VOR-DME",115100,42.29130172729492,-72.94940185546875,1600,"US",115100,"098X",,,,-13.001,-14.204,"LO","MEDIUM",
87095,"Shuangliu_VOR-DME_CN","CTU","Shuangliu","VOR-DME",115700,30.575000762939453,103.94300079345703,1612,"CN",115700,"104X",,,,,-1.446,"BOTH","HIGH","ZUUU"
87096,"Cape_Town_VORTAC_ZA","CTV","Cape Town","VORTAC",115700,-33.96950149536133,18.604999542236328,151,"ZA",115700,"104X",,,,-23.007,-24.138,"BOTH","HIGH","FACT"
87097,"Newcomerstown_VOR-DME_US","CTW","Newcomerstown","VOR-DME",111800,40.22919845581055,-81.47650146484375,1180,"US",111800,"055X",,,,-7.001,-7.48,"LO","MEDIUM","9OI8"
87099,"Cross_City_VORTAC_US","CTY","Cross City","VORTAC",112000,29.599000930786133,-83.04869842529297,30,"US",112000,"057X",,,,-2.001,-4.178,"BOTH","MEDIUM",
87105,"Cuautla_VOR-DME_MX","CUA","Cuautla","VOR-DME",116300,18.78529930114746,-98.90080261230469,4313,"MX",116300,"110X",,,,9.007,5.562,"BOTH","HIGH",
87109,"Cucuta_VOR-DME_CO","CUC","Cucuta","VOR-DME",113300,7.933460235595703,-72.51349639892578,1070,"CO",113300,"080X",,,,,-7.149,"BOTH","HIGH","SKCC"
87110,"Otsu_VOR-DME_JP","CUE","Otsu","VOR-DME",117100,35.016998291015625,135.8260040283203,1576,"JP",117100,"118X",,,,-6.007,-7.07,"BOTH","HIGH",
87112,"Culiacan_VOR-DME_MX","CUL","Culiacan","VOR-DME",112200,24.764400482177734,-107.47699737548828,108,"MX",112200,"059X",,,,9.008,8.588,"BOTH","HIGH","MMCL"
87114,"Cumana_VOR-DME_VE","CUM","Cumana","VOR-DME",113300,10.44729995727539,-64.13809967041016,14,"VE",113300,"080X",,,,-10.007,-12.48,"BOTH","HIGH","SVCU"
87115,"Yecheon_VOR-DME_KR","CUN","Yecheon","VOR-DME",114800,36.63199996948242,128.3249969482422,400,"KR",114800,"095X",,,,-8.011,-7.384,"BOTH","HIGH","RKTY"
87116,"Cancun_VOR-DME_MX","CUN","Cancun","VOR-DME",113600,21.025100708007812,-86.85870361328125,20,"MX",113600,"083X",,,,2.011,-0.229,"BOTH","HIGH","MMUN"
87121,"Columbus_VOR-DME_US","CUS","Columbus","VOR-DME",111200,31.81909942626953,-107.5739974975586,4008,"US",111200,"049X",,,,12.001,9.486,"LO","MEDIUM","NM78"
87122,"Chihuahua_VOR-DME_MX","CUU","Chihuahua","VOR-DME",114100,28.798999786376953,-105.9520034790039,4462,"MX",114100,"088X",,,,10.009,8.532,"BOTH","HIGH","MMCU"
87123,"Cuenca_VOR-DME_EC","CUV","Cuenca","VOR-DME",114500,-2.8350000381469727,-78.91690063476562,8975,"EC",114500,"092X",,,,1.007,-0.52,"BOTH","HIGH","SECU"
87125,"Cauayan_VOR-DME_PH","CUY","Cauayan","VOR-DME",116500,16.93160057067871,121.74800109863281,200,"PH",116500,"112X",,,,-2.011,-1.507,"BOTH","HIGH","RPUY"
87126,"Custer_County_VOR-DME_US","CUZ","Custer County","VOR-DME",108200,41.48400115966797,-99.68910217285156,2850,"US",108200,"019X",,,,8.007,6.314,"LO","MEDIUM",
87127,"Charleville_VOR_AU","CV","Charleville","VOR",114300,-26.421100616455078,146.26600646972656,1003,"AU",,,,,,9.011,9.002,"BOTH","MEDIUM","YBCV"
87136,"Davenport_VORTAC_US","CVA","Davenport","VORTAC",113800,41.708499908447266,-90.4832992553711,760,"US",113800,"085X",,,,4.001,-0.386,"LO","MEDIUM",
87139,"Choshi_VORTAC_JP","CVC","Choshi","VORTAC",113600,35.72650146484375,140.7989959716797,236,"JP",113600,"083X",35.7267,140.8,236,-7.011,-6.468,"BOTH","HIGH",
87140,"Cowboy_VOR-DME_US","CVE","Cowboy","VOR-DME",116200,32.89030075073242,-96.90399932861328,450,"US",116200,"109X",,,,6.006,4.436,"BOTH","HIGH",
87141,"Cincinnati_VORTAC_US","CVG","Cincinnati","VORTAC",117300,39.01599884033203,-84.70330047607422,879,"US",117300,"120X",,,,-4.001,-4.552,"LO","MEDIUM","KLUK"
87142,"Cofield_VORTAC_US","CVI","Cofield","VORTAC",114600,36.37289810180664,-76.87159729003906,70,"US",114600,"093X",,,,-9.001,-10.059,"BOTH","MEDIUM",
87143,"Cuernavaca_VOR-DME_MX","CVJ","Cuernavaca","VOR-DME",113900,18.825,-99.27,,"MX",,,,,,,6,"BOTH","MEDIUM","MMCB"
87144,"Caravelas_VOR_BR","CVL","Caravelas","VOR",116000,-17.648500442504883,-39.255699157714844,36,"BR",,,,,,-22.707,-23.158,"BOTH","HIGH","SBCV"
87146,"Victoria_VOR-DME_MX","CVM","Victoria","VOR-DME",113700,23.70549964904785,-98.95899963378906,761,"MX",113700,"084X",,,,8.011,5.515,"BOTH","HIGH","MMCV"
87149,"Cairo_VOR-DME_EG","CVO","Cairo","VOR-DME",115200,30.092300415039062,31.388399124145508,460,"EG",115200,"099X",,,,3.005,3.205,"BOTH","HIGH","HECA"
87150,"Corvallis_VOR-DME_US","CVO","Corvallis","VOR-DME",115400,44.49959945678711,-123.29399871826172,250,"US",115400,"101X",,,,18.001,16.502,"BOTH","HIGH","KCVO"
87153,"Sal_VOR-DME_CV","CVS","Sal","VOR-DME",115300,16.736799240112305,-22.951000213623047,176,"CV",115300,"100X",,,,,-10.454,"BOTH","HIGH","GVAC"
87155,"Penn_Cove_VOR-DME_US","CVV","Penn Cove","VOR-DME",117200,48.24470138549805,-122.7239990234375,200,"US",117200,"119X",,,,19.01,17.584,"LO","MEDIUM",
87166,"Centex_VORTAC_US","CWK","Centex","VORTAC",112800,30.37849998474121,-97.52980041503906,593,"US",112800,"075X",,,,6.009,5.068,"BOTH","HIGH",
87168,"Cowra_VOR_AU","CWR","Cowra","VOR",112400,-33.847900390625,148.64599609375,960,"AU",,,,,,11.007,11.446,"BOTH","HIGH","YCWR"
87170,"Cowes_VOR_AU","CWS","Cowes","VOR",117600,-38.5078010559082,145.21400451660156,125,"AU",,,,,,11.007,11.582,"BOTH","HIGH",
87177,"Cachimbo_VOR-DME_BR","CXB","Cachimbo","VOR-DME",115100,-9.335149765014648,-54.96780014038086,1762,"BR",115100,"098X",,,,,-16.57,"BOTH","HIGH","SBCC"
87181,"Chardon_VOR-DME_US","CXR","Chardon","VOR-DME",112700,41.51689910888672,-81.16320037841797,1310,"US",112700,"074X",,,,-5.001,-8.25,"BOTH","HIGH","KCGF"
87182,"Do_Sul_VOR-DME_BR","CXS","Do Sul","VOR-DME",112300,-29.197999954223633,-51.18870162963867,2472,"BR",112300,"070X",,,,,-15.256,"BOTH","HIGH","SBCX"
87189,"Coyle_VORTAC_US","CYN","Coyle","VORTAC",113400,39.817298889160156,-74.43160247802734,210,"US",113400,"081X",,,,-10.002,-12.388,"BOTH","HIGH","NJ24"
87191,"Cayenne_VOR-DME_GF","CYR","Cayenne","VOR-DME",115950,4.813640117645264,-52.36840057373047,26,"GF",115950,"106Y",,,,-18.002,-18.005,"BOTH","HIGH","SOCA"
87193,"Cheyenne_VORTAC_US","CYS","Cheyenne","VORTAC",113100,41.21099853515625,-104.77300262451172,6210,"US",113100,"078X",,,,13.001,9.385,"BOTH","HIGH","KCYS"
87196,"Cypress_VOR-DME_US","CYY","Cypress","VOR-DME",108600,26.153400421142578,-81.7780990600586,9,"US",108600,"023X",,,,-3.001,-4.322,"RNAV","LOW","KAPF"
87200,"Kaua_VOR-DME_MX","CZA","Kaua","VOR-DME",116500,20.64310073852539,-88.44819641113281,102,"MX",116500,"112X",,,,,0.378,"BOTH","HIGH","MMCT"
87202,"Czempin_VOR-DME_PL","CZE","Czempin","VOR-DME",114500,52.13059997558594,16.727100372314453,295,"PL",114500,"092X",,,,1.007,3.084,"BOTH","HIGH",
87207,"Chongzhou_VOR-DME_CN","CZH","Chongzhou","VOR-DME",114500,30.648300170898438,103.68699645996094,1645,"CN",114500,"092X",,,,,-1.421,"BOTH","HIGH",
87208,"Crazy_Woman_VOR-DME_US","CZI","Crazy Woman","VOR-DME",117300,43.999698638916016,-106.43599700927734,4798,"US",117300,"120X",,,,13.001,10.533,"BOTH","HIGH",
87210,"Cozumel_VOR-DME_MX","CZM","Cozumel","VOR-DME",112600,20.5221004486084,-86.9292984008789,15,"MX",112600,"073X",,,,3.006,-0.158,"BOTH","HIGH","MMCZ"
87212,"Calabozo_VOR-DME_VE","CZO","Calabozo","VOR-DME",116300,8.926690101623535,-67.4092025756836,328,"VE",116300,"110X",,,,-11.007,-10.434,"BOTH","HIGH","SVCL"
87214,"Clovis_VORTAC_US","CZQ","Clovis","VORTAC",112900,36.884300231933594,-119.81500244140625,363,"US",112900,"076X",,,,15.001,14.054,"BOTH","HIGH","KFAT"
87215,"Cruzeiro_Do_Sul_VOR-DME_BR","CZS","Cruzeiro Do Sul","VOR-DME",112000,-7.60683012008667,-72.77349853515625,637,"BR",112000,"057X",,,,-1.007,-4.151,"BOTH","HIGH","SBCZ"
87253,"Dhaka_VOR-DME_BD","DAC","Dhaka","VOR-DME",112700,23.82469940185547,90.41259765625,49,"BD",112700,"074X",,,,0.007,-0.292,"BOTH","HIGH","VGHS"
87256,"Daggett_VORTAC_US","DAG","Daggett","VORTAC",113200,34.962501525878906,-116.5780029296875,1760,"US",113200,"079X",,,,15.001,12.587,"BOTH","MEDIUM","KBYS"
87258,"Drake_VOR-DME_US","DAK","Drake","VOR-DME",108800,36.04290008544922,-94.19760131835938,1530,"US",108800,"025X",,,,7.001,2.508,"LO","LOW","KFYV"
87261,"Dalaman_VOR-DME_TR","DAL","Dalaman","VOR-DME",114700,36.68960189819336,28.78190040588379,33,"TR",114700,"094X",,,,2.007,3.442,"BOTH","HIGH","LTBS"
87264,"Damascus_VOR-DME_SY","DAM","Damascus","VOR-DME",116000,33.364898681640625,36.46860122680664,2033,"SY",116000,"107X",,,,,3.532,"BOTH","HIGH","OSDI"
87265,"Danville_VOR_US","DAN","Danville","VOR",113100,36.56890106201172,-79.33670043945312,570,"US",,,,,,-6.001,-8.264,"LO","MEDIUM","KDAN"
87267,"Danang_VOR-DME_VN","DAN","Danang","VOR-DME",114400,16.052799224853516,108.197998046875,33,"VN",114400,"091X",,,,0.007,-0.483,"BOTH","HIGH","VVDN"
87269,"Davao_VOR-DME_PH","DAO","Davao","VOR-DME",112100,7.131239891052246,125.65399932861328,96,"PH",112100,"058X",,,,0.011,0.115,"BOTH","HIGH","RPMD"
87272,"Dublin_VOR-DME_IE","DAP","Dublin","VOR-DME",111200,53.42359924316406,-6.3027801513671875,280,"IE",111200,"049X",,,,-6.007,-5.06,"BOTH","HIGH","EIDW"
87274,"Darband_VOR-DME_IR","DAR","Darband","VOR-DME",113700,31.783199310302734,56.994598388671875,2057,"IR",113700,"084X",,,,2.001,2.406,"BOTH","HIGH",
87275,"Darlowo_VOR-DME_PL","DAR","Darlowo","VOR-DME",114200,54.41019821166992,16.388099670410156,98,"PL",114200,"089X",,,,2.007,3.116,"BOTH","HIGH",
87276,"Daisetta_VORTAC_US","DAS","Daisetta","VORTAC",116900,30.189699172973633,-94.6449966430664,75,"US",116900,"116X",,,,5.006,3.264,"BOTH","HIGH",
87277,"Atacama_VOR-DME_CL","DAT","Atacama","VOR-DME",117100,-27.279399871826172,-70.7761001586914,670,"CL",117100,"118X",,,,6.007,0.352,"BOTH","HIGH","SCAT"
87279,"David_VOR-DME_PA","DAV","David","VOR-DME",114300,8.38696002960205,-82.4375991821289,89,"PA",114300,"090X",,,,,-0.507,"BOTH","HIGH","MPDA"
87281,"Al_Dawadmi_VOR-DME_SA","DAW","Al Dawadmi","VOR-DME",116100,24.44890022277832,44.11920166015625,3019,"SA",116100,"108X",,,,,2.39,"BOTH","HIGH","OEDM"
87288,"El_Daba_VOR-DME_EG","DBA","El Daba","VOR-DME",115700,31.01140022277832,28.466899871826172,110,"EG",115700,"104X",,,,3.005,3.119,"BOTH","HIGH","HEAL"
87289,"Dubrovnik_VOR-DME_HR","DBK","Dubrovnik","VOR-DME",115400,42.55379867553711,18.27739906311035,525,"HR",115400,"101X",,,,2.007,2.509,"BOTH","HIGH","LDDU"
87290,"Red_Table_VOR-DME_US","DBL","Red Table","VOR-DME",113000,39.439300537109375,-106.8949966430664,11758,"US",113000,"077X",,,,12.001,10.306,"BOTH","HIGH","KASE"
87291,"Dublin_VORTAC_US","DBN","Dublin","VORTAC",113100,32.560699462890625,-82.83319854736328,300,"US",113100,"078X",,,,-1.001,-5.006,"LO","MEDIUM",
87292,"Dubuque_VORTAC_US","DBQ","Dubuque","VORTAC",115800,42.4015007019043,-90.70909881591797,1051,"US",115800,"105X",,,,4.001,-0.339,"BOTH","HIGH","KDBQ"
87295,"Dubois_VORTAC_US","DBS","Dubois","VORTAC",116900,44.08890151977539,-112.20899963378906,4915,"US",116900,"116X",,,,15.001,13.388,"BOTH","HIGH",
87303,"Washington_VOR-DME_US","DCA","Washington","VOR-DME",111000,38.859500885009766,-77.0363998413086,9,"US",111000,"047X",,,,-9.001,-10.403,"LO","MEDIUM","KDCA"
87307,"Cabo_Rojo_VOR-DME_DO","DCR","Cabo Rojo","VOR-DME",114300,17.93160057067871,-71.64830017089844,262,"DO",114300,"090X",,,,-7.007,-9.261,"BOTH","HIGH","MDCR"
87308,"Dean_Cross_VOR-DME_GB","DCS","Dean Cross","VOR-DME",115200,54.721900939941406,-3.340559959411621,700,"GB",115200,"099X",,,,-5.607,-4.092,"BOTH","HIGH",
87309,"Decatur_VOR-DME_US","DCU","Decatur","VOR-DME",112800,34.64830017089844,-86.93949890136719,590,"US",112800,"075X",,,,-1.001,-2.202,"LO","MEDIUM",
87315,"Dodge_City_VORTAC_US","DDC","Dodge City","VORTAC",108200,37.85060119628906,-100.00599670410156,2565,"US",108200,"019X",,,,8.01,6.389,"LO","MEDIUM","KDDC"
87316,"Port_City_VOR-DME_US","DDD","Port City","VOR-DME",116500,41.36640167236328,-91.14910125732422,540,"US",116500,"112X",,,,1.001,-0.018,"LO","MEDIUM",
87317,"Dandong_VOR-DME_CN","DDG","Dandong","VOR-DME",113900,40.2599983215332,124.28800201416016,213,"CN",113900,"086X",,,,,-8.152,"BOTH","HIGH",
87318,"Sheldon_VOR-DME_US","DDL","Sheldon","VOR-DME",108600,43.212100982666016,-95.83390045166016,1417,"US",108600,"023X",,,,5.001,3.368,"LO","LOW",
87319,"Didimon_VOR-DME_GR","DDM","Didimon","VOR-DME",117200,37.477699279785156,23.217199325561523,3609,"GR",117200,"119X",,,,1.007,3.107,"BOTH","HIGH",
87321,"Muddy_Mountain_VORTAC_US","DDY","Muddy Mountain","VORTAC",116200,43.09090042114258,-106.2770004272461,5860,"US",116200,"109X",,,,12.001,10.408,"BOTH","HIGH","KCPR"
87334,"Delicias_VOR-DME_MX","DEL","Delicias","VOR-DME",113500,28.214099884033203,-105.447998046875,3888,"MX",113500,"082X",,,,9.007,8.39,"BOTH","HIGH","MX-2517"
87335,"Mirny_VOR-DME_RU","DEM","Mirny","VOR-DME",113800,62.540000915527344,114.0199966430664,1283,"RU",113800,"085X",,,,,-10.032,"BOTH","MEDIUM","UERR"
87336,"Denver_VOR-DME_US","DEN","Denver","VOR-DME",117900,39.8125,-104.66100311279297,5440,"US",117900,"126X",,,,11.001,9.263,"LO","HIGH",
87338,"Derventa_VOR-DME_BA","DER","Derventa","VOR-DME",112400,44.984100341796875,17.96940040588379,436,"BA",112400,"071X",,,,1.007,2.572,"BOTH","HIGH",
87340,"Detling_VOR-DME_GB","DET","Detling","VOR-DME",117300,51.30390167236328,0.5972219705581665,645,"GB",117300,"120X",,,,-3.007,-1.591,"BOTH","HIGH",
87346,"Dafinah_VOR-DME_SA","DFN","Dafinah","VOR-DME",117500,23.282800674438477,41.719398498535156,3175,"SA",117500,"122X",,,,1.007,2.441,"BOTH","HIGH",
87347,"Dumaguete_VOR_PH","DG","Dumaguete","VOR",114100,9.333660125732422,123.30599975585938,15,"PH",,,,,,0.011,-0.18,"BOTH","HIGH","RPVD"
87352,"Fukuoka_VORTAC_JP","DGC","Fukuoka","VORTAC",114500,33.67620086669922,130.38999938964844,65,"JP",114500,"092X",33.676,130.389,65,-7.011,-6.483,"BOTH","HIGH","RJFF"
87353,"Dogwood_VORTAC_US","DGD","Dogwood","VORTAC",109400,37.02349853515625,-92.87689971923828,1600,"US",109400,"031X",,,,6.001,1.495,"LO","MEDIUM","2K2"
87355,"Digne_VOR_FR","DGN","Digne","VOR",113850,43.99140167236328,6.100830078125,,"FR",,,,,,0.007,0.202,"BOTH","HIGH",
87356,"Durango_VOR-DME_MX","DGO","Durango","VOR-DME",112900,24.13800048828125,-104.51599884033203,6104,"MX",112900,"076X",,,,9.006,8.007,"BOTH","HIGH","MMDO"
87357,"Domingo_VOR-DME_ES","DGO","Domingo","VOR-DME",112600,42.45330047607422,-2.8807098865509033,2126,"ES",112600,"073X",42.4534,-2.88059,2126,-3.007,-2.092,"BOTH","HIGH",
87358,"Daugavpils_VOR-DME_LV","DGP","Daugavpils","VOR-DME",114100,55.94729995727539,26.675500869750977,400,"LV",114100,"088X",,,,,6.383,"BOTH","HIGH",
87361,"Dhahran_VORTAC_SA","DHA","Dhahran","VORTAC",117200,26.260799407958984,50.140201568603516,65,"SA",117200,"119X",,,,2.007,2.153,"BOTH","HIGH","OEDR"
87362,"Helgoland_VOR-DME_DE","DHE","Helgoland","VOR-DME",116300,54.185699462890625,7.910699844360352,44,"DE",116300,"110X",,,,0.007,0.206,"BOTH","HIGH","EDXH"
87365,"Dahushan_VOR-DME_CN","DHN","Dahushan","VOR-DME",116500,41.641700744628906,122.11699676513672,23,"CN",116500,"112X",,,,,-8.135,"BOTH","HIGH",
87366,"Dehnamak_VOR-DME_IR","DHN","Dehnamak","VOR-DME",114500,35.25400161743164,52.720298767089844,2756,"IR",114500,"092X",,,,3.001,3.513,"BOTH","HIGH",
87367,"Dolphin_VORTAC_US","DHP","Dolphin","VORTAC",113900,25.799999237060547,-80.3489990234375,10,"US",113900,"086X",,,,-4.011,-5.257,"BOTH","HIGH","KMIA"
87368,"Dahra_VOR-DME_LY","DHR","Dahra","VOR-DME",116100,29.46739959716797,17.93160057067871,250,"LY",116100,"108X",,,,,1.56,"BOTH","MEDIUM","HLRA"
87370,"Dalhart_VORTAC_US","DHT","Dalhart","VORTAC",112000,36.09149932861328,-102.54499816894531,4020,"US",112000,"057X",,,,12.012,8.006,"LO","MEDIUM",
87371,"D_I_Khan_VOR_PK","DI","D I Khan","VOR",113100,31.912599563598633,70.88569641113281,594,"PK",,,,,,,1.455,"BOTH","HIGH","OPDI"
87376,"Dien_Bien_VOR-DME_VN","DIB","Dien Bien","VOR-DME",113600,21.396099090576172,103.00399780273438,1611,"VN",113600,"083X",,,,-1.011,-1,"BOTH","HIGH","VVDB"
87378,"Dickinson_VORTAC_US","DIK","Dickinson","VORTAC",112900,46.86000061035156,-102.77400207519531,2520,"US",112900,"076X",,,,14.001,8.528,"BOTH","HIGH","KDIK"
87379,"Diekirch_VOR-DME_LU","DIK","Diekirch","VOR-DME",114400,49.86140060424805,6.129720211029053,1109,"LU",114400,"091X",,,,-1.007,0.024,"BOTH","HIGH",
87381,"Tandil_VOR-DME_AR","DIL","Tandil","VOR-DME",115900,-37.224998474121094,-59.229400634765625,574,"AR",115900,"106X",,,,-3.007,-4.503,"BOTH","HIGH","SAZT"
87382,"Dili_VOR-DME_TL","DIL","Dili","VOR-DME",113400,-8.54397964477539,125.52799987792969,10,"TL",113400,"081X",,,,2.011,2.226,"BOTH","HIGH","WPDL"
87383,"Dinard_VOR-DME_FR","DIN","Dinard","VOR-DME",114300,48.58610153198242,-2.0823299884796143,213,"FR",114300,"090X",,,,-4.007,-2.34,"BOTH","HIGH","LFRD"
87385,"Dirkou_VOR_NE","DIR","Dirkou","VOR",113900,18.98150062561035,12.880499839782715,1289,"NE",,,,,,,0.212,"BOTH","HIGH","DRZD"
87392,"Djanet_VOR-DME_DZ","DJA","Djanet","VOR-DME",114100,24.287799835205078,9.453330039978027,3176,"DZ",114100,"088X",,,,-1.007,0.205,"BOTH","HIGH","DAAJ"
87394,"Dryer_VOR-DME_US","DJB","Dryer","VOR-DME",113600,41.35810089111328,-82.16200256347656,780,"US",113600,"083X",,,,-5.001,-7.344,"BOTH","HIGH",
430639,"Wangjiachuan_VOR-DME_CN","DJC","Wangjiachuan","VOR-DME",115200,36.770278,103.443056,,"CN",,,,,,,,"TERMINAL","MEDIUM","ZLLL"
87396,"Dijon_VOR-DME_FR","DJL","Dijon","VOR-DME",111450,47.27080154418945,5.097330093383789,726,"FR",111450,"051Y",,,,,-0.059,"BOTH","HIGH","LFSD"
87404,"Dinkelsbuhl_VORTAC_DE","DKB","Dinkelsbuhl","VORTAC",117800,49.142799377441406,10.238300323486328,1790,"DE",117800,"125X",,,,1.009,1.165,"BOTH","HIGH","EDND"
87407,"Dakhla_VOR-DME_EH","DKH","Dakhla","VOR-DME",115800,23.73979949951172,-15.926300048828125,43,"EH",115800,"105X",,,,-8.007,-6.441,"BOTH","HIGH","GMMH"
87408,"Jakarta_VOR-DME_ID","DKI","Jakarta","VOR-DME",114600,-5.961190223693848,107.03600311279297,-1,"ID",114600,"093X",,,,0.007,0.466,"BOTH","HIGH","WIII"
87410,"Dengkou_VOR-DME_CN","DKO","Dengkou","VOR-DME",113500,40.314998626708984,107,3335,"CN",113500,"082X",,,,,-3.217,"BOTH","HIGH",
87411,"Dunker_VOR_SE","DKR","Dunker","VOR",116800,59.20719909667969,17.012100219726562,,"SE",,,,,,3.001,3.491,"RNAV","HIGH",
87415,"Douala_VOR-DME_CM","DLA","Douala","VOR-DME",112900,3.993920087814331,9.743470191955566,39,"CM",112900,"076X",,,,,-2.33,"BOTH","HIGH","FKKD"
87416,"Dalian_VOR-DME_CN","DLC","Dalian","VOR-DME",112300,38.959999084472656,121.51300048828125,141,"CN",112300,"070X",,,,,-7.209,"BOTH","HIGH","ZYTL"
87418,"Leine_VOR-DME_DE","DLE","Leine","VOR-DME",115200,52.250301361083984,9.883500099182129,398,"DE",115200,"099X",,,,1.009,1.058,"BOTH","HIGH",
87419,"Laughlin_VORTAC_US","DLF","Laughlin","VORTAC",114400,29.36090087890625,-100.77200317382812,1071,"US",114400,"091X",,,,7.012,6.461,"LO","HIGH","KDLF"
87420,"Dillingham_VOR-DME_US","DLG","Dillingham","VOR-DME",116400,58.99420166015625,-158.552001953125,119,"US",116400,"111X",,,,20.001,16.013,"BOTH","HIGH","PADL"
87421,"Duluth_VORTAC_US","DLH","Duluth","VORTAC",112600,46.80220031738281,-92.2029037475586,1430,"US",112600,"073X",,,,5.001,-0.011,"BOTH","HIGH","KDLH"
87422,"Dells_VORTAC_US","DLL","Dells","VORTAC",117000,43.550899505615234,-89.76360321044922,1020,"US",117000,"117X",,,,3.001,-1.36,"BOTH","HIGH",
87424,"Dillon_VOR-DME_US","DLN","Dillon","VOR-DME",113000,45.248600006103516,-112.5469970703125,5260,"US",113000,"077X",,,,18.001,14.027,"BOTH","HIGH",
87438,"Deming_VORTAC_US","DMN","Deming","VORTAC",108600,32.27560043334961,-107.6050033569336,4210,"US",108600,"023X",,,,12.001,9.528,"BOTH","MEDIUM","KDMN"
87441,"Dimapur_VOR-DME_IN","DMR","Dimapur","VOR-DME",114500,25.880800247192383,93.78160095214844,472,"IN",114500,"092X",,,,0.011,-0.297,"BOTH","HIGH","VEMR"
87445,"Darwin_VOR-DME_AU","DN","Darwin","VOR-DME",112600,-12.423100471496582,130.906005859375,127,"AU",112600,"073X",,,,3.007,3.276,"BOTH","HIGH","YPDN"
87452,"Dushanbe_VOR-DME_TJ","DNB","Dushanbe","VOR-DME",113600,38.54169845581055,68.81169891357422,2589,"TJ",113600,"083X",,,,,3.527,"BOTH","HIGH","UTDD"
96022,"Lanzhou_VOR-DME_CN","DNC","Lanzhou","VOR-DME",114300,36.514999,103.625,6388,"CN",114300,"090X",,,,,-2,"BOTH","HIGH","ZLLL"
87458,"Donnelly_VORTAC_US","DNJ","Donnelly","VORTAC",116200,44.7671012878418,-116.20600128173828,7300,"US",116200,"109X",,,,19.001,15.142,"BOTH","HIGH",
87460,"Dnipropetrovsk_VOR-DME_UA","DNP","Dnipropetrovsk","VOR-DME",112500,48.359500885009766,35.102500915527344,509,"UA",112500,"072X",,,,,6.36,"BOTH","HIGH","UKDD"
87463,"Durban_VORTAC_ZA","DNV","Durban","VORTAC",112500,-29.972200393676758,30.951200485229492,21,"ZA",112500,"072X",,,,-22.007,-24.024,"BOTH","HIGH","ZA-0327"
87464,"Danville_VORTAC_US","DNV","Danville","VORTAC",111000,40.293800354003906,-87.55719757080078,700,"US",111000,"047X",,,,2.001,-2.508,"BOTH","MEDIUM",
87465,"Dunoir_VOR-DME_US","DNW","Dunoir","VOR-DME",117200,43.82830047607422,-110.33499908447266,7720,"US",117200,"119X",,,,15.001,12.479,"BOTH","HIGH",
87466,"De_Lancey_VOR-DME_US","DNY","De Lancey","VOR-DME",112100,42.17829895019531,-74.95690155029297,2560,"US",112100,"058X",,,,-11.001,-13.057,"LO","MEDIUM",
87467,"Dasht-E-Naz_VOR-DME_IR","DNZ","Dasht-E-Naz","VOR-DME",113100,36.64459991455078,53.190399169921875,35,"IR",113100,"078X",,,,4.001,4.126,"BOTH","HIGH","OINZ"
87484,"Donchon_VOR-DME_KR","DOC","Donchon","VOR-DME",116500,35.90399932861328,128.64199829101562,116,"KR",116500,"112X",,,,-7.011,-7.264,"BOTH","LOW","RKTN"
87485,"Dongola_VOR-DME_SD","DOG","Dongola","VOR-DME",112300,19.182600021362305,30.42729949951172,802,"SD",112300,"070X",,,,,2.32,"BOTH","HIGH","HSDN"
87486,"Doha_VOR-DME_QA","DOH","Doha","VOR-DME",112400,25.233600616455078,51.57720184326172,48,"QA",112400,"071X",,,,2.007,1.558,"BOTH","HIGH","OTBD"
87487,"Dolsko_VOR-DME_SI","DOL","Dolsko","VOR-DME",112700,46.08409881591797,14.778599739074707,2047,"SI",112700,"074X",,,,1.007,2.215,"BOTH","HIGH","LJLJ"
87488,"Dortmund_VOR-DME_DE","DOM","Dortmund","VOR-DME",112700,51.70949935913086,7.587130069732666,298,"DE",112700,"074X",,,,0.009,0.23,"BOTH","HIGH","EDLW"
87490,"Donetsk_VOR-DME_UA","DON","Donetsk","VOR-DME",115000,48.071800231933594,37.73590087890625,758,"UA",115000,"097X",,,,,6.561,"BOTH","HIGH","UA-9862"
87493,"Wickede_VOR-DME_DE","DOR","Wickede","VOR-DME",108650,51.525299072265625,7.6310601234436035,373,"DE",108650,"023Y",,,,0.009,0.245,"LO","HIGH","EDLW"
87496,"Mendoza_VOR-DME_AR","DOZ","Mendoza","VOR-DME",114900,-32.83190155029297,-68.79080200195312,2306,"AR",114900,"096X",,,,3.007,1.304,"BOTH","HIGH","SAME"
87501,"Du_Page_VOR-DME_US","DPA","Du Page","VOR-DME",108400,41.89039993286133,-88.3501968383789,800,"US",108400,"021X",,,,2.001,-2.298,"LO","MEDIUM",
87502,"Dieppe_VOR_FR","DPE","Dieppe","VOR",115800,49.92539978027344,1.170639991760254,362,"FR",,,,,,-3.007,-1.359,"BOTH","HIGH",
87504,"Deer_Park_VOR-DME_US","DPK","Deer Park","VOR-DME",117700,40.79180145263672,-73.30370330810547,117,"US",117700,"124X",,,,-12.001,-13.377,"BOTH","MEDIUM","KFRG"
87505,"Delhi_VOR-DME_IN","DPN","Delhi","VOR-DME",116100,28.566699981689453,77.09490203857422,776,"IN",116100,"108X",,,,1.011,0.401,"BOTH","HIGH","VIDP"
87506,"Devonport_VOR-DME_AU","DPO","Devonport","VOR-DME",116300,-41.16999816894531,146.4340057373047,43,"AU",116300,"110X",-41.1703,146.434,43,13.007,13.335,"BOTH","HIGH","YDPO"
87508,"Dupree_VORTAC_US","DPR","Dupree","VORTAC",116800,45.07809829711914,-101.71499633789062,2530,"US",116800,"115X",,,,10.012,8.019,"BOTH","HIGH","US-10699"
87511,"Dayton_VOR-DME_US","DQN","Dayton","VOR-DME",114500,40.01639938354492,-84.39689636230469,990,"US",114500,"092X",,,,-1.001,-5.241,"LO","MEDIUM",
87512,"Dupont_VORTAC_US","DQO","Dupont","VORTAC",114000,39.6781005859375,-75.60710144042969,70,"US",114000,"087X",,,,-10.001,-11.519,"BOTH","MEDIUM","KILG"
87520,"Drammen_VOR-DME_NO","DRA","Drammen","VOR-DME",114800,59.733299255371094,10.112500190734863,1398,"NO",114800,"095X",,,,0.007,0.569,"TERMINAL","LOW",
87521,"Drezdenko_VOR-DME_PL","DRE","Drezdenko","VOR-DME",115300,52.81679916381836,15.832500457763672,98,"PL",115300,"100X",,,,1.007,2.555,"BOTH","HIGH",
87523,"Dibrugarh_VOR-DME_IN","DRG","Dibrugarh","VOR-DME",117300,27.48710060119629,95.02110290527344,361,"IN",117300,"120X",,,,0.011,-0.307,"BOTH","HIGH","VEMN"
87524,"Drake_VORTAC_US","DRK","Drake","VORTAC",114100,34.702598571777344,-112.4800033569336,4963,"US",114100,"088X",,,,14.001,11.52,"BOTH","HIGH","KPRC"
87526,"Dresden_VOR-DME_DE","DRN","Dresden","VOR-DME",114350,51.015499114990234,13.598899841308594,1086,"DE",114350,"090Y",,,,2.009,2.127,"RNAV","HIGH","EDDC"
87527,"Durango_VOR-DME_US","DRO","Durango","VOR-DME",108200,37.15330123901367,-107.75,6660,"US",108200,"019X",,,,14.001,10.35,"LO","MEDIUM",
87528,"Drummond_VOR_US","DRU","Drummond","VOR",117100,46.63610076904297,-113.18699645996094,4150,"US",,,,,,17.001,14.385,"LO","MEDIUM",
87530,"Deir_Zzor_VOR-DME_SY","DRZ","Deir Zzor","VOR-DME",117000,35.291900634765625,40.15380096435547,700,"SY",117000,"117X",,,,,4.137,"TERMINAL","HIGH","OSDZ"
87536,"Deschutes_VORTAC_US","DSD","Deschutes","VORTAC",117600,44.25279998779297,-121.30400085449219,4100,"US",117600,"123X",,,,18.001,16.236,"BOTH","HIGH",
87537,"Dangshan_VOR-DME_CN","DSH","Dangshan","VOR-DME",117300,30.148300170898438,120.49800109863281,43,"CN",117300,"120X",,,,,-4.512,"BOTH","HIGH","ZSHC"
87538,"Des_Moines_VORTAC_US","DSM","Des Moines","VORTAC",117500,41.4370002746582,-93.64869689941406,940,"US",117500,"122X",,,,7.001,2.006,"BOTH","HIGH","KDSM"
87542,"Delta_VORTAC_US","DTA","Delta","VORTAC",116100,39.30229949951172,-112.50599670410156,4600,"US",116100,"108X",,,,16.001,12.454,"BOTH","HIGH",
87544,"Djibouti_Ambouli_VOR-DME_DJ","DTI","Djibouti/Ambouli","VOR-DME",113900,11.548800468444824,43.093101501464844,49,"DJ",113900,"086X",,,,,1.27,"BOTH","HIGH","HDAM"
87546,"Detroit_Lakes_VOR-DME_US","DTL","Detroit Lakes","VOR-DME",111200,46.82550048828125,-95.88739776611328,1384,"US",111200,"049X",,,,5.005,3.21,"LO","LOW",
87547,"Downtown_VOR_US","DTN","Downtown","VOR",108600,32.53990173339844,-93.74130249023438,175,"US",,,,,,7.001,2.448,"TERMINAL","LOW","KDTN"
87549,"Daventry_VOR-DME_GB","DTY","Daventry","VOR-DME",116400,52.180301666259766,-1.1138900518417358,600,"GB",116400,"111X",,,,-4.007,-2.458,"BOTH","HIGH",
87550,"Dubbo_VOR-DME_AU","DU","Dubbo","VOR-DME",114400,-32.21950149536133,148.5780029296875,935,"AU",114400,"091X",-32.2197,148.578,935,11.011,11.124,"BOTH","HIGH","YSDU"
87556,"Dubai_VOR-DME_AE","DUB","Dubai","VOR-DME",115700,25.254499435424805,55.365699768066406,37,"AE",115700,"104X",,,,2.001,1.296,"BOTH","HIGH","OMDB"
87557,"Dublin_VOR-DME_IE","DUB","Dublin","VOR-DME",114900,53.4994010925293,-6.307109832763672,200,"IE",114900,"096X",,,,-6.007,-5.089,"BOTH","HIGH","EIDW"
87558,"Duncan_VOR-DME_US","DUC","Duncan","VOR-DME",111000,34.384498596191406,-97.91680145263672,1090,"US",111000,"047X",,,,9.001,5.197,"LO","MEDIUM",
87559,"Douglas_VORTAC_US","DUG","Douglas","VORTAC",108800,31.472700119018555,-109.60199737548828,4160,"US",108800,"025X",,,,13.001,10.271,"LO","MEDIUM","KDUG"
87560,"Durazno_VOR-DME_UY","DUR","Durazno","VOR-DME",117500,-33.356300354003906,-56.49610137939453,295,"UY",117500,"122X",,,,,-9.232,"BOTH","HIGH","SUDU"
87561,"Dusseldorf_VOR-DME_DE","DUS","Dusseldorf","VOR-DME",115150,51.283199310302734,6.753729820251465,151,"DE",115150,"098Y",,,,0.009,0.084,"BOTH","HIGH","EDDL"
87563,"Dar_Es_Salaam_VOR-DME_TZ","DV","Dar Es Salaam","VOR-DME",112700,-6.888649940490723,39.19269943237305,182,"TZ",112700,"074X",,,,-1.007,-2.203,"BOTH","HIGH","HTDA"
87566,"Deva_VOR-DME_RO","DVA","Deva","VOR-DME",109800,45.827999114990234,22.968900680541992,810,"RO",109800,"035X",,,,,3.578,"LO","HIGH",
87567,"Dove_Creek_VORTAC_US","DVC","Dove Creek","VORTAC",114600,37.808799743652344,-108.93099975585938,6990,"US",114600,"093X",,,,14.001,11.099,"BOTH","HIGH",
87570,"Deauville_VOR_FR","DVL","Deauville","VOR",110200,49.310699462890625,0.31272199749946594,497,"FR",,,,,,-3.007,-1.492,"BOTH","HIGH","LFRG"
87571,"Lilongwe_VOR-DME_MW","DVL","Lilongwe","VOR-DME",114900,-13.812600135803223,33.80780029296875,4035,"MW",114900,"096X",,,,,-5.229,"BOTH","HIGH",
87572,"Devils_Lake_VOR-DME_US","DVL","Devils Lake","VOR-DME",111000,48.11520004272461,-98.9124984741211,1450,"US",111000,"047X",,,,7.001,5.534,"LO","MEDIUM",
87574,"Dover_VOR-DME_GB","DVR","Dover","VOR-DME",114950,51.162498474121094,1.3591699600219727,315,"GB",114950,"096Y",,,,-3.007,-1.414,"BOTH","HIGH",
87575,"Mile_High_VORTAC_US","DVV","Mile High","VORTAC",114700,39.89469909667969,-104.6240005493164,5270,"US",114700,"094X",,,,11.001,9.257,"BOTH","HIGH","KDEN"
87585,"Dire_Dawa_VOR-DME_ET","DWA","Dire Dawa","VOR-DME",117700,9.637789726257324,41.848899841308594,3750,"ET",117700,"124X",,,,,1.234,"BOTH","HIGH","HADR"
87588,"Dawei_VOR-DME_MM","DWI","Dawei","VOR-DME",112000,14.098199844360352,98.19969940185547,98,"MM",112000,"057X",,,,0.007,-0.404,"BOTH","HIGH","VYDW"
87592,"Darwin_VORTAC_US","DWN","Darwin","VORTAC",109000,45.087501525878906,-94.45379638671875,1130,"US",109000,"027X",,,,7.001,2.171,"LO","MEDIUM",
87595,"Detroit_VOR-DME_US","DXO","Detroit","VOR-DME",113400,42.21310043334961,-83.36669921875,638,"US",113400,"081X",,,,-6.003,-6.497,"BOTH","HIGH","KDTW"
87601,"Diyarbakir_VOR-DME_TR","DYB","Diyarbakir","VOR-DME",109400,37.87080001831055,40.20859909057617,2162,"TR",109400,"031X",,,,4.007,4.405,"BOTH","HIGH","LTCC"
87607,"Dyersburg_VORTAC_US","DYR","Dyersburg","VORTAC",116800,36.01860046386719,-89.31759643554688,380,"US",116800,"115X",,,,3.001,-0.442,"LO","MEDIUM","KDYR"
87613,"Zhezkazgan_VOR-DME_KZ","DZG","Zhezkazgan","VOR-DME",113300,47.719398498535156,67.75920104980469,1250,"KZ",113300,"080X",,,,,7.565,"BOTH","HIGH","UAKD"
95742,"Zhonghe_VOR_CN","DZH","Zhonghe","VOR",116000,36.235001,103.800003,6373,"CN",,,,,,,-2,"BOTH","HIGH","ZLLL"
87615,"Dzaoudzi_Pamandzi_VOR-DME_YT","DZP","Dzaoudzi Pamandzi","VOR-DME",113500,-12.810999870300293,45.28089904785156,23,"YT",113500,"082X",,,,-7.007,-7.599,"HI","HIGH","FMCZ"
87630,"Kearney_VOR_US","EAR","Kearney","VOR",111200,40.72560119628906,-99.00509643554688,2130,"US",,,,,,10.001,6.03,"LO","MEDIUM",
87632,"Wenatchee_VOR-DME_US","EAT","Wenatchee","VOR-DME",111000,47.39970016479492,-120.21099853515625,1224,"US",111000,"047X",,,,19.001,17.084,"LO","MEDIUM",
87633,"Eau_Claire_VORTAC_US","EAU","Eau Claire","VORTAC",112900,44.897701263427734,-91.47850036621094,900,"US",112900,"076X",,,,4.001,-0.195,"LO","MEDIUM","KEAU"
87636,"El_Borma_VOR_TN","EBA","El Borma","VOR",113800,31.705900192260742,9.254670143127441,827,"TN",,,,,,,0.497,"BOTH","MEDIUM","DTTR"
87641,"Manteca_VORTAC_US","ECA","Manteca","VORTAC",116000,37.83359909057617,-121.1709976196289,48,"US",116000,"107X",,,,17.001,14.343,"BOTH","HIGH","KSCK"
87642,"El_Calafate_VOR-DME_AR","ECA","El Calafate","VOR-DME",114700,-50.27830123901367,-72.04560089111328,732,"AR",114700,"094X",,,,,13.319,"BOTH","HIGH","SAWC"
87644,"Newcombe_VORTAC_US","ECB","Newcombe","VORTAC",110400,38.15840148925781,-82.91010284423828,1070,"US",110400,"041X",,,,-2.001,-6.088,"LO","MEDIUM",
87646,"Elizabeth_City_VOR-DME_US","ECG","Elizabeth City","VOR-DME",112500,36.257598876953125,-76.17559814453125,10,"US",112500,"072X",,,,-7.001,-10.316,"BOTH","MEDIUM","KECG"
87648,"Peck_VORTAC_US","ECK","Peck","VORTAC",114000,43.25590133666992,-82.71790313720703,810,"US",114000,"087X",,,,-7.001,-7.409,"BOTH","HIGH",
87649,"Newcastle_VOR_US","ECS","Newcastle","VOR",108200,43.88119888305664,-104.30799865722656,4211,"US",,,,,,11.007,9.385,"LO","MEDIUM",
87659,"Enterprise_VOR_US","EDN","Enterprise","VOR",116600,31.29599952697754,-85.9032974243164,369,"US",,,,,,-3.001,-2.338,"LO","LOW",
87663,"Edremit_VOR-DME_TR","EDR","Edremit","VOR-DME",109400,39.5536003112793,27.00830078125,50,"TR",109400,"031X",,,,,3.509,"BOTH","HIGH","LTFD"
87665,"Edisto_VOR-DME_US","EDS","Edisto","VOR-DME",111400,33.4556999206543,-80.8583984375,189,"US",111400,"051X",,,,-5.001,-6.372,"LO","LOW",
87666,"Edwards_VORTAC_US","EDW","Edwards","VORTAC",116400,34.982398986816406,-117.73300170898438,2354,"US",116400,"111X",,,,15.001,13.138,"BOTH","MEDIUM","KEDW"
87669,"Needles_VORTAC_US","EED","Needles","VORTAC",115200,34.76599884033203,-114.4739990234375,620,"US",115200,"099X",,,,15.001,12.259,"BOTH","HIGH",
87671,"Eelde_VOR-DME_NL","EEL","Eelde","VOR-DME",112400,53.16389846801758,6.666679859161377,32,"NL",112400,"071X",,,,-1.007,-0.015,"BOTH","HIGH","EHGG"
87672,"Keene_VORTAC_US","EEN","Keene","VORTAC",109400,42.7943000793457,-72.29180145263672,1380,"US",109400,"031X",,,,-14.001,-14.531,"LO","MEDIUM","KEEN"
87690,"Shafter_VORTAC_US","EHF","Shafter","VORTAC",115400,35.48460006713867,-119.09700012207031,550,"US",115400,"101X",,,,14.001,13.369,"BOTH","HIGH",
87695,"Belcher_VORTAC_US","EIC","Belcher","VORTAC",117400,32.771400451660156,-93.80989837646484,190,"US",117400,"121X",,,,7.001,2.467,"BOTH","HIGH","KBAD"
87697,"Barrancabermeja_VOR-DME_CO","EJA","Barrancabermeja","VOR-DME",115900,7.028520107269287,-73.80549621582031,424,"CO",115900,"106X",,,,-4.007,-6.137,"BOTH","HIGH","SKEJ"
87700,"Tekirdag_VOR-DME_TR","EKI","Tekirdag","VOR-DME",116300,40.951900482177734,27.426700592041016,1047,"TR",116300,"110X",,,,2.007,4.038,"BOTH","HIGH",
87701,"Elkins_VORTAC_US","EKN","Elkins","VORTAC",114200,38.914398193359375,-80.09929656982422,2160,"US",114200,"089X",,,,-7.001,-8.296,"LO","MEDIUM","KEKN"
87705,"Meeker_VOR-DME_US","EKR","Meeker","VOR-DME",115200,40.067501068115234,-107.92500305175781,7620,"US",115200,"099X",,,,15.001,11.046,"BOTH","HIGH",
87713,"Eagle_Lake_VOR-DME_US","ELA","Eagle Lake","VOR-DME",116400,29.662500381469727,-96.31719970703125,190,"US",116400,"111X",,,,8.012,4.266,"LO","HIGH",
87714,"Elba_VORTAC_IT","ELB","Elba","VORTAC",114700,42.7307014465332,10.395700454711914,1388,"IT",114700,"094X",,,,0.007,1.214,"BOTH","HIGH",
87715,"El_Banco_VOR-DME_CO","ELB","El Banco","VOR-DME",114300,9.045280456542969,-73.96720123291016,118,"CO",114300,"090X",,,,-5.007,-6.278,"BOTH","HIGH","SKBC"
87716,"El_Toro_VOR-DME_US","ELB","El Toro","VOR-DME",117200,33.67599868774414,-117.73100280761719,336,"US",117200,"119X",,,,14.001,12.561,"TERMINAL","MEDIUM",
87718,"El_Dorado_VORTAC_US","ELD","El Dorado","VORTAC",115500,33.25619888305664,-92.743896484375,230,"US",115500,"102X",,,,7.001,2.019,"BOTH","HIGH",
87719,"Eldoret_VOR-DME_KE","ELD","Eldoret","VOR-DME",114700,0.4063990116119385,35.23109817504883,7137,"KE",114700,"094X",,,,,0.357,"BOTH","HIGH","HKEL"
87724,"Ellensburg_VORTAC_US","ELN","Ellensburg","VORTAC",117900,47.02429962158203,-120.45800018310547,1766,"US",117900,"126X",,,,21.001,17.046,"BOTH","HIGH",
87725,"El_Oued_VOR-DME_DZ","ELO","El Oued","VOR-DME",117600,33.51060104370117,6.78056001663208,236,"DZ",117600,"123X",,,,-2.007,0.28,"BOTH","HIGH","DAUO"
87726,"Ely_VOR-DME_US","ELO","Ely","VOR-DME",109600,47.8218994140625,-91.8301010131836,1490,"US",109600,"033X",,,,0.003,-0.352,"LO","MEDIUM","KELO"
87729,"El_Paso_VORTAC_US","ELP","El Paso","VORTAC",115200,31.815900802612305,-106.28199768066406,4020,"US",115200,"099X",,,,12.012,9.196,"BOTH","HIGH","KELP"
87732,"East_London_VORTAC_ZA","ELV","East London","VORTAC",114500,-33.0369987487793,27.822999954223633,435,"ZA",114500,"092X",,,,-22.007,-26.3,"BOTH","HIGH","FAEL"
87733,"Eildon_Weir_VOR_AU","ELW","Eildon Weir","VOR",112300,-37.206298828125,145.8350067138672,,"AU",,,,,,12.011,11.477,"BOTH","HIGH",
87734,"Electric_City_VORTAC_US","ELW","Electric City","VORTAC",108600,34.4192008972168,-82.78469848632812,740,"US",108600,"023X",,,,0.001,-5.265,"LO","MEDIUM","KAND"
87735,"Keeler_VOR-DME_US","ELX","Keeler","VOR-DME",116600,42.14440155029297,-86.12259674072266,795,"US",116600,"113X",,,,0.001,-4.282,"LO","MEDIUM",
87736,"Ely_VOR-DME_US","ELY","Ely","VOR-DME",110600,39.298099517822266,-114.8479995727539,6254,"US",110600,"043X",,,,14.001,13.296,"BOTH","HIGH",
87737,"Wellsville_VORTAC_US","ELZ","Wellsville","VORTAC",111400,42.089599609375,-77.99949645996094,2296,"US",111400,"051X",,,,-9.004,-11,"BOTH","MEDIUM",
87742,"Elm_Grove_VORTAC_US","EMG","Elm Grove","VORTAC",111200,32.40019989013672,-93.59510040283203,160,"US",111200,"049X",,,,7.001,2.395,"BOTH","MEDIUM","KBAD"
87743,"Westminster_VORTAC_US","EMI","Westminster","VORTAC",117900,39.494998931884766,-76.97859954833984,820,"US",117900,"126X",,,,-8.001,-10.539,"BOTH","HIGH",
87745,"Emporia_VORTAC_US","EMP","Emporia","VORTAC",112800,38.291099548339844,-96.13809967041016,1220,"US",112800,"075X",,,,8.001,4.059,"LO","MEDIUM",
87754,"Kenai_VOR-DME_US","ENA","Kenai","VOR-DME",117600,60.61470031738281,-151.19500732421875,114,"US",117600,"123X",,,,25.001,19.372,"BOTH","HIGH","PAEN"
87755,"Vance_VORTAC_US","END","Vance","VORTAC",115400,36.345001220703125,-97.91829681396484,1304,"US",115400,"101X",,,,9.001,5.197,"TERMINAL","HIGH","KEND"
87757,"Kennebunk_VORTAC_US","ENE","Kennebunk","VORTAC",117100,43.42570114135742,-70.6135025024414,190,"US",117100,"118X",,,,-17.001,-15.588,"BOTH","HIGH",
87758,"Enugu_VOR-DME_NG","ENG","Enugu","VOR-DME",115700,6.468550205230713,7.60122013092041,455,"NG",115700,"104X",,,,,-2.297,"BOTH","HIGH","DNEN"
87759,"Enshi_VOR-DME_CN","ENH","Enshi","VOR-DME",114700,30.29170036315918,109.5979995727539,3450,"CN",114700,"094X",,,,,-2.484,"BOTH","HIGH",
87760,"Mendocino_VORTAC_US","ENI","Mendocino","VORTAC",112300,39.053199768066406,-123.27400207519531,2980,"US",112300,"070X",,,,16.001,15.134,"BOTH","HIGH","KUKI"
87761,"Centralia_VORTAC_US","ENL","Centralia","VORTAC",115000,38.41999816894531,-89.15899658203125,550,"US",115000,"097X",,,,4.001,-1.126,"BOTH","HIGH",
87762,"Emmonak_VOR-DME_US","ENM","Emmonak","VOR-DME",117800,62.78459930419922,-164.48800659179688,5,"US",117800,"125X",,,,14.001,13.521,"BOTH","HIGH","PAEM"
87763,"Nenana_VORTAC_US","ENN","Nenana","VORTAC",115800,64.58999633789062,-149.072998046875,1600,"US",115800,"105X",,,,27.001,21.522,"BOTH","HIGH","PANN"
87764,"Smyrna_VORTAC_US","ENO","Smyrna","VORTAC",111400,39.2317008972168,-75.51589965820312,10,"US",111400,"051X",,,,-9.001,-11.473,"BOTH","MEDIUM","KDOV"
87765,"Mariano_Moreno_VOR-DME_AR","ENO","Mariano Moreno","VOR-DME",112900,-34.562801361083984,-58.79059982299805,105,"AR",112900,"076X",,,,-5.007,-6.449,"BOTH","HIGH","SADJ"
87766,"Enodak_VOR-DME_FI","ENO","Enodak","VOR-DME",117100,68.38130187988281,23.46179962158203,1127,"FI",117100,"118X",,,,7.001,8.349,"RNAV","HIGH","EFET"
87767,"Yeniseysk_VOR-DME_RU","ENS","Yeniseysk","VOR-DME",112300,58.46670150756836,92.11830139160156,253,"RU",112300,"070X",,,,,5.509,"BOTH","HIGH",
87770,"Kenosha_VOR-DME_US","ENW","Kenosha","VOR-DME",109200,42.599098205566406,-87.93170166015625,735,"US",109200,"029X",,,,-2.003,-3.006,"TERMINAL","LOW","KENW"
87777,"Peotone_VORTAC_US","EON","Peotone","VORTAC",113200,41.26959991455078,-87.79109954833984,690,"US",113200,"079X",,,,2.001,-2.508,"LO","MEDIUM","KIKK"
87778,"Leon_VOR-DME_ES","EON","Leon","VOR-DME",112000,42.59379959106445,-5.646140098571777,3013,"ES",112000,"057X",42.5937,-5.64597,3013,,-3.052,"BOTH","LOW","LELN"
87780,"Neosho_VOR-DME_US","EOS","Neosho","VOR-DME",117300,36.84239959716797,-94.43569946289062,1200,"US",117300,"120X",,,,7.001,2.58,"BOTH","HIGH","KJLN"
87781,"Ephrata_VORTAC_US","EPH","Ephrata","VORTAC",112600,47.377899169921875,-119.42400360107422,1250,"US",112600,"073X",,,,21.001,16.561,"BOTH","HIGH",
87782,"Epinal_VOR_FR","EPL","Epinal","VOR",113000,48.31779861450195,6.059420108795166,1154,"FR",,,,,,-1.007,0.071,"BOTH","HIGH","LFSG"
87789,"Epernon_VOR-DME_FR","EPR","Epernon","VOR-DME",115650,48.625701904296875,1.656559944152832,518,"FR",115650,"103Y",,,,,-1.171,"BOTH","HIGH",
87792,"Arequipa_VOR-DME_PE","EQU","Arequipa","VOR-DME",113700,-16.338899612426758,-71.59750366210938,8405,"PE",113700,"084X",,,,-1.007,-2.536,"BOTH","HIGH","SPQU"
87800,"Errachidia_VOR-DME_MA","ERA","Errachidia","VOR-DME",117100,31.9242000579834,-4.360559940338135,3432,"MA",117100,"118X",,,,-3.007,-2.163,"BOTH","HIGH","GMFK"
87803,"Ceres_VOR-DME_AR","ERE","Ceres","VOR-DME",115500,-29.86440086364746,-61.87220001220703,287,"AR",115500,"102X",,,,-5.007,-6.203,"BOTH","HIGH",
87804,"Eren_VOR-DME_CN","ERE","Eren","VOR-DME",114900,43.638301849365234,111.9530029296875,3203,"CN",114900,"096X",,,,,-5.372,"BOTH","HIGH",
87805,"Erfurt_VOR-DME_DE","ERF","Erfurt","VOR-DME",113850,50.95090103149414,11.236700057983398,1325,"DE",113850,"085Y",,,,1.007,1.321,"RNAV","LOW","EDDE"
87806,"Malatya_VOR_TR","ERH","Malatya","VOR",112000,38.46329879760742,38.11220169067383,2723,"TR",,,,,,4.007,4.416,"BOTH","HIGH","LTAT"
87809,"Erie_VORTAC_US","ERI","Erie","VORTAC",109400,42.017398834228516,-80.2927017211914,800,"US",109400,"031X",,,,-6.002,-9.152,"LO","MEDIUM","KERI"
87811,"Erlangen_VOR-DME_DE","ERL","Erlangen","VOR-DME",114900,49.655399322509766,11.150799751281738,1841,"DE",114900,"096X",,,,1.01,1.313,"LO","HIGH",
87812,"Erzincan_VOR-DME_TR","ERN","Erzincan","VOR-DME",112700,39.70830154418945,39.52920150756836,3757,"TR",112700,"074X",,,,4.007,5.002,"BOTH","HIGH","LTCD"
87817,"Ellisras_VOR-DME_ZA","ERV","Ellisras","VOR-DME",116300,-23.625200271606445,27.964399337768555,3790,"ZA",116300,"110X",-23.6256,27.9556,3790,,-14.244,"BOTH","HIGH","FAER"
87818,"Newberry_VOR-DME_US","ERY","Newberry","VOR-DME",108200,46.312801361083984,-85.46430206298828,871,"US",108200,"019X",,,,-6.005,-6.148,"LO","LOW",
87820,"Erzurum_VOR-DME_TR","ERZ","Erzurum","VOR-DME",115500,39.95750045776367,41.20719909667969,5774,"TR",115500,"102X",,,,4.007,5.082,"BOTH","HIGH","LTCE"
87826,"Soto_Cano_VORTAC_HN","ESC","Soto Cano","VORTAC",114900,14.391900062561035,-87.62210083007812,2062,"HN",114900,"096X",,,,2.003,1.057,"TERMINAL","HIGH","MHSC"
87827,"Escanaba_VOR-DME_US","ESC","Escanaba","VOR-DME",110800,45.722599029541016,-87.089599609375,600,"US",110800,"045X",,,,0.001,-4.335,"LO","MEDIUM",
87828,"Esler_VORTAC_US","ESF","Esler","VORTAC",117900,31.447500228881836,-92.3218994140625,195,"US",117900,"126X",,,,4.003,1.532,"LO","HIGH",
87833,"Kessel_VOR-DME_US","ESL","Kessel","VOR-DME",110800,39.22549819946289,-78.989501953125,2590,"US",110800,"045X",,,,-6.001,-9.239,"BOTH","MEDIUM",
87837,"Espichel_VORTAC_PT","ESP","Espichel","VORTAC",112500,38.42430114746094,-9.185779571533203,648,"PT",112500,"072X",,,,-5.007,-3.589,"BOTH","HIGH",
87838,"Esperance_VOR-DME_AU","ESP","Esperance","VOR-DME",114200,-33.680599212646484,121.8239974975586,460,"AU",114200,"089X",-33.6786,121.822,460,0.007,0.36,"BOTH","HIGH","YESP"
87841,"Esquel_VOR-DME_AR","ESQ","Esquel","VOR-DME",117800,-42.88719940185547,-71.10030364990234,2585,"AR",117800,"125X",,,,10.007,8.558,"BOTH","HIGH","SAVE"
87842,"Eskisehir_VOR-DME_TR","ESR","Eskisehir","VOR-DME",108200,39.8130989074707,30.509700775146484,2585,"TR",108200,"019X",,,,,4.169,"BOTH","HIGH","LTBY"
87844,"Essaouira_VOR-DME_MA","ESS","Essaouira","VOR-DME",112700,31.401199340820312,-9.686960220336914,39,"MA",112700,"074X",,,,,-3.598,"BOTH","HIGH","GMMI"
87847,"Estherville_VOR_US","EST","Estherville","VOR",110400,43.40909957885742,-94.74440002441406,1320,"US",,,,,,7.001,2.426,"LO","LOW",
87849,"Esmeraldas_VOR-DME_EC","ESV","Esmeraldas","VOR-DME",115700,0.9890829920768738,-79.62670135498047,26,"EC",115700,"104X",,,,1.007,-1.108,"BOTH","HIGH","SETN"
87852,"Keating_VORTAC_US","ETG","Keating","VORTAC",116000,41.21500015258789,-78.1427993774414,2250,"US",116000,"107X",,,,-10.002,-10.366,"BOTH","HIGH",
87855,"Cones_VOR-DME_US","ETL","Cones","VOR-DME",110200,38.04029846191406,-108.25900268554688,8460,"US",110200,"039X",,,,12.001,10.554,"LO","MEDIUM","CO95"
87856,"East_Texas_VOR-DME_US","ETX","East Texas","VOR-DME",110200,40.58100128173828,-75.68399810791016,750,"US",110200,"039X",,,,-9.002,-12.058,"BOTH","MEDIUM",
87859,"Eufaula_VORTAC_US","EUF","Eufaula","VORTAC",109200,31.950199127197266,-85.13050079345703,280,"US",109200,"029X",31.9504,-85.1304,280,2.001,-3.137,"LO","MEDIUM",
87860,"Eugene_VORTAC_US","EUG","Eugene","VORTAC",112900,44.12089920043945,-123.2229995727539,364,"US",112900,"076X",,,,20.001,16.423,"BOTH","HIGH","KEUG"
87861,"Eurach_VOR-DME_DE","EUR","Eurach","VOR-DME",115200,47.73500061035156,11.24940013885498,2279,"DE",115200,"099X",,,,1.007,1.335,"RNAV","HIGH",
87867,"Evenes_VOR-DME_NO","EVD","Evenes","VOR-DME",117350,68.4572982788086,16.681699752807617,153,"NO",117350,"120Y",,,,3.001,4.434,"RNAV","HIGH","ENEV"
87869,"Eveleth_VOR-DME_US","EVM","Eveleth","VOR-DME",108200,47.424400329589844,-92.50189971923828,1376,"US",108200,"019X",,,,1.01,0.086,"TERMINAL","LOW",
87872,"Evanston_VOR-DME_US","EVW","Evanston","VOR-DME",109600,41.272499084472656,-111.0469970703125,7131,"US",109600,"033X",,,,13.003,12.347,"LO","LOW",
87873,"Evreux_VORTAC_FR","EVX","Evreux","VORTAC",112400,49.031700134277344,1.2208600044250488,499,"FR",112400,"071X",49.0285,1.21403,,-3.007,-1.285,"BOTH","HIGH","LFOE"
87878,"Kewanee_VORTAC_US","EWA","Kewanee","VORTAC",113800,32.366798400878906,-88.4583969116211,300,"US",113800,"085X",,,,4.001,-0.531,"BOTH","MEDIUM",
87879,"Ellwood_City_VORTAC_US","EWC","Ellwood City","VORTAC",115800,40.825199127197266,-80.21160125732422,1220,"US",115800,"105X",,,,-8.002,-8.571,"BOTH","HIGH",
87881,"Newman_VORTAC_US","EWM","Newman","VORTAC",112400,31.95170021057129,-106.27200317382812,4040,"US",112400,"071X",,,,12.012,9.202,"BOTH","MEDIUM","KBIF"
87882,"New_Bern_VOR-DME_US","EWN","New Bern","VOR-DME",113600,35.07310104370117,-77.04509735107422,10,"US",113600,"083X",,,,-8.001,-9.39,"LO","MEDIUM","KEWN"
87883,"New_Hope_VOR-DME_US","EWO","New Hope","VOR-DME",110800,37.63180160522461,-85.6759033203125,960,"US",110800,"045X",,,,1.001,-3.509,"LO","MEDIUM",
87889,"El_Yopal_VOR-DME_CO","EYP","El Yopal","VOR-DME",115600,5.276939868927002,-72.42579650878906,903,"CO",115600,"103X",,,,-5.007,-6.526,"LO","HIGH","SKYP"
87891,"Key_West_VORTAC_US","EYW","Key West","VORTAC",113500,24.585899353027344,-81.80049896240234,10,"US",113500,"082X",,,,1.001,-4.14,"BOTH","HIGH","KNQX"
87894,"Ezeiza_VOR-DME_AR","EZE","Ezeiza","VOR-DME",116500,-34.82419967651367,-58.535301208496094,66,"AR",116500,"112X",,,,-4.007,-6.498,"BOTH","HIGH","SAEZ"
87899,"Elazig_VOR-DME_TR","EZS","Elazig","VOR-DME",114700,38.70690155029297,39.22439956665039,4875,"TR",114700,"094X",,,,3.007,4.475,"BOTH","HIGH","LTCA"
87916,"Faleolo_VOR-DME_WS","FA","Faleolo","VOR-DME",113900,-13.824299812316895,-171.98899841308594,58,"WS",113900,"086X",,,,11.011,11.261,"BOTH","HIGH","NSFA"
87925,"Antofagasta_VOR-DME_CL","FAG","Antofagasta","VOR-DME",114900,-23.466899871826172,-70.44779968261719,305,"CL",114900,"096X",,,,0.007,-1.2,"BOTH","HIGH","SCFA"
87926,"Falls_VOR-DME_US","FAH","Falls","VOR-DME",110000,43.76890182495117,-87.84829711914062,744,"US",110000,"037X",,,,-2.001,-3.211,"LO","MEDIUM",
87927,"Fairbanks_VORTAC_US","FAI","Fairbanks","VORTAC",108600,64.80010223388672,-148.01199340820312,1493,"US",108600,"023X",,,,28.001,22.231,"BOTH","HIGH","PAFA"
87928,"Flat_Rock_VORTAC_US","FAK","Flat Rock","VORTAC",113300,37.528499603271484,-77.82820129394531,460,"US",113300,"080X",,,,-6.001,-9.453,"BOTH","HIGH",
87931,"Farmington_VORTAC_US","FAM","Farmington","VORTAC",115700,37.67340087890625,-90.23400115966797,1220,"US",115700,"104X",,,,1.001,-0.152,"BOTH","HIGH",
87932,"Fargo_VORTAC_US","FAR","Fargo","VORTAC",116200,46.75339889526367,-96.85130310058594,910,"US",116200,"109X",,,,9.001,4.12,"BOTH","HIGH","KFAR"
87935,"Fayetteville_VOR-DME_US","FAY","Fayetteville","VOR-DME",108800,34.98550033569336,-78.8750991821289,180,"US",108800,"025X",,,,-4.001,-8.227,"LO","MEDIUM","KFAY"
87961,"FLAG CITY_VORTAC_US","FBC","FLAG CITY","VORTAC",108200,40.955299377441,-83.755996704102,823,"US",108200,"019X",,,,-2,-2,"LO","MEDIUM",
87940,"Fort_Bridger_VOR-DME_US","FBR","Fort Bridger","VOR-DME",108600,41.37839889526367,-110.42400360107422,7060,"US",108600,"023X",,,,14.001,12.225,"LO","MEDIUM",
87947,"Kalispell_VOR-DME_US","FCA","Kalispell","VOR-DME",113200,48.2140998840332,-114.1760025024414,2984,"US",113200,"079X",,,,18.001,15.276,"LO","MEDIUM",
87949,"Flying_Cloud_VOR-DME_US","FCM","Flying Cloud","VOR-DME",111800,44.82569885253906,-93.45680236816406,900,"US",111800,"055X",,,,6.001,1.269,"LO","MEDIUM","KFCM"
87950,"Butts_VOR-DME_US","FCS","Butts","VOR-DME",108800,38.68069839477539,-104.75700378417969,5829,"US",108800,"025X",,,,12.001,9.225,"LO","LOW","KFCS"
87956,"Frederick_VOR_US","FDK","Frederick","VOR",109000,39.412200927734375,-77.3750991821289,299,"US",,,,,,-8.001,-10.361,"TERMINAL","LOW",
87957,"San_Fernando_VOR-DME_AR","FDO","San Fernando","VOR-DME",114400,-34.45140075683594,-58.58420181274414,49,"AR",114400,"091X",,,,-5.007,-6.595,"BOTH","HIGH","SADF"
87967,"Saiss_VOR-DME_MA","FES","Saiss","VOR-DME",115700,33.9275016784668,-5.013609886169434,1873,"MA",115700,"104X",,,,-5.007,-2.274,"BOTH","HIGH","GMFF"
87976,"Frankfurt_VORTAC_DE","FFM","Frankfurt","VORTAC",114200,50.0536994934082,8.637089729309082,491,"DE",114200,"089X",,,,0.007,0.475,"BOTH","HIGH","EDDF"
87977,"Fergus_Falls_VOR-DME_US","FFM","Fergus Falls","VOR-DME",110400,46.28929901123047,-96.15670013427734,1190,"US",110400,"041X",,,,5.001,3.382,"LO","LOW",
87979,"Frankfort_VOR_US","FFT","Frankfort","VOR",109400,38.18239974975586,-84.90859985351562,800,"US",,,,,,-3.001,-4.351,"TERMINAL","LOW",
87980,"Fairfield_VORTAC_US","FFU","Fairfield","VORTAC",116600,40.274898529052734,-111.94100189208984,7690,"US",116600,"113X",,,,16.001,12.45,"BOTH","HIGH","US-12314"
87982,"Figari_VOR-DME_FR","FGI","Figari","VOR-DME",116700,41.502201080322266,9.083419799804688,87,"FR",116700,"114X",,,,,1.042,"LO","MEDIUM","LFKF"
87986,"Farmington_VORTAC_US","FGT","Farmington","VORTAC",115700,44.63090133666992,-93.18209838867188,930,"US",115700,"104X",,,,6.001,1.141,"LO","HIGH",
87992,"Fahud_VOR-DME_OM","FHD","Fahud","VOR-DME",112500,22.34869956970215,56.48540115356445,578,"OM",112500,"072X",,,,,0.526,"BOTH","HIGH","OOFD"
87996,"Sierra_Vista_Muni_Libby_Aaf_VOR_US","FHU","Sierra Vista Muni/Libby Aaf","VOR",113600,31.58970069885254,-110.3550033569336,4664,"US",,,,,,13.001,10.421,"TERMINAL","LOW","KFHU"
88000,"Fillmore_VORTAC_US","FIM","Fillmore","VORTAC",112500,34.3567008972168,-118.88099670410156,2200,"US",112500,"072X",,,,15.001,13.184,"BOTH","MEDIUM","KNTD"
88010,"Allentown_VORTAC_US","FJC","Allentown","VORTAC",117500,40.72669982910156,-75.45480346679688,680,"US",117500,"122X",,,,-10.002,-12.175,"BOTH","MEDIUM","KABE"
88011,"Fujiachang_VOR-DME_CN","FJC","Fujiachang","VOR-DME",113900,29.928300857543945,104.30500030517578,1527,"CN",113900,"086X",,,,,-1.456,"BOTH","HIGH",
88013,"Fujairah_VOR-DME_AE","FJR","Fujairah","VOR-DME",114700,25.101699829101562,56.351898193359375,54,"AE",114700,"094X",,,,,1.23,"BOTH","HIGH","OMFJ"
88014,"Mediterranee_VOR-DME_FR","FJR","Mediterranee","VOR-DME",114450,43.578399658203125,3.974720001220703,17,"FR",114450,"091Y",,,,-2.007,-0.122,"BOTH","HIGH","LFMT"
88015,"Fort_Jones_VOR-DME_US","FJS","Fort Jones","VOR-DME",109600,41.44969940185547,-122.80599975585938,4900,"US",109600,"033X",,,,19.001,15.5,"LO","MEDIUM","1O6"
88024,"Fukushima_VOR-DME_JP","FKE","Fukushima","VOR-DME",113450,37.224300384521484,140.43699645996094,1313,"JP",113450,"081Y",,,,-7.011,-7.214,"LO","LOW","RJSF"
88025,"Fukang_VOR-DME_CN","FKG","Fukang","VOR-DME",116300,44.16669845581055,87.9832992553711,1805,"CN",116300,"110X",,,,,2.457,"BOTH","HIGH","ZWWW"
88026,"Franklin_VOR_US","FKL","Franklin","VOR",109600,41.4385986328125,-79.85679626464844,1530,"US",,,,,,-6.002,-9.245,"LO","MEDIUM",
88027,"Franklin_VORTAC_US","FKN","Franklin","VORTAC",110600,36.71419906616211,-77.01229858398438,90,"US",110600,"043X",,,,-9.001,-10.056,"BOTH","MEDIUM",
88030,"Ndjamena_VOR-DME_TD","FL","Ndjamena","VOR-DME",115300,12.14169979095459,15.038299560546875,994,"TD",115300,"100X",,,,,-0.048,"BOTH","HIGH","FTTJ"
88034,"Florencia_VOR-DME_CO","FLA","Florencia","VOR-DME",112400,1.4858499765396118,-75.48909759521484,808,"CO",112400,"071X",,,,-1.007,-4.051,"BOTH","HIGH","SKFL"
88035,"Friedland_VOR-DME_DE","FLD","Friedland","VOR-DME",117150,53.762699127197266,13.56309986114502,43,"DE",117150,"118Y",,,,1.009,2.158,"RNAV","HIGH",
88038,"Fuling_VOR-DME_CN","FLG","Fuling","VOR-DME",114000,29.696699142456055,107.375,1534,"CN",114000,"087X",,,,,-2.178,"BOTH","HIGH",
88039,"Flagstaff_VOR-DME_US","FLG","Flagstaff","VOR-DME",113850,35.14720153808594,-111.67400360107422,7026,"US",113850,"085Y",,,,14.001,11.42,"BOTH","MEDIUM","KFLG"
88041,"Fort_Lauderdale_VOR-DME_US","FLL","Fort Lauderdale","VOR-DME",114400,26.07469940185547,-80.15249633789062,10,"US",114400,"091X",,,,0.001,-5.368,"BOTH","HIGH","KFLL"
88042,"Falmouth_VOR-DME_US","FLM","Falmouth","VOR-DME",117000,38.64950180053711,-84.31060028076172,810,"US",117000,"117X",,,,-4.001,-5.092,"BOTH","HIGH",
88044,"Florence_VORTAC_US","FLO","Florence","VORTAC",115200,34.2328987121582,-79.65709686279297,110,"US",115200,"099X",,,,-3.001,-7.39,"BOTH","HIGH",
88045,"Flora_VOR-DME_BE","FLO","Flora","VOR-DME",112050,50.87670135498047,5.134439945220947,187,"BE",112050,"057Y",,,,-2.007,-0.215,"TERMINAL","HIGH",
88046,"Floro_VOR-DME_NO","FLO","Floro","VOR-DME",112300,61.581600189208984,5.0201802253723145,66,"NO",112300,"070X",,,,-4.007,-1.332,"RNAV","HIGH","ENFL"
88048,"Flippin_VOR-DME_US","FLP","Flippin","VOR-DME",112800,36.299598693847656,-92.4583969116211,780,"US",112800,"075X",,,,3.01,1.348,"LO","MEDIUM",
88049,"Floresti_VOR-DME_RO","FLR","Floresti","VOR-DME",112200,44.50080108642578,25.708200454711914,384,"RO",112200,"059X",44.5011,25.7086,384,,4.161,"BOTH","HIGH","LROP"
88051,"Flesland_VOR-DME_NO","FLS","Flesland","VOR-DME",115550,60.31129837036133,5.2121901512146,213,"NO",115550,"102Y",,,,-3.001,-1.188,"BOTH","HIGH","ENBR"
88055,"Fellows_VORTAC_US","FLW","Fellows","VORTAC",117500,35.093101501464844,-119.86599731445312,3870,"US",117500,"122X",,,,16.001,13.393,"LO","MEDIUM",
88056,"Fortaleza_VOR-DME_BR","FLZ","Fortaleza","VOR-DME",114100,-3.7722699642181396,-38.547698974609375,82,"BR",114100,"088X",,,,-21.007,-21.279,"BOTH","HIGH","SBFZ"
88061,"Fischamend_VOR-DME_AT","FMD","Fischamend","VOR-DME",110400,48.105098724365234,16.62929916381836,639,"AT",110400,"041X",,,,2.007,2.519,"BOTH","HIGH","LOWW"
88062,"Mustang_VORTAC_US","FMG","Mustang","VORTAC",117900,39.53129959106445,-119.65599822998047,5949,"US",117900,"126X",,,,16.001,14.439,"BOTH","HIGH","KRNO"
88065,"Fort_Mill_VORTAC_US","FML","Fort Mill","VORTAC",112400,34.98910140991211,-80.95480346679688,645,"US",112400,"071X",,,,-2.001,-6.534,"LO","MEDIUM","KCLT"
88078,"Enrique_Jimenez_VOR-DME_PA","FNC","Enrique Jimenez","VOR-DME",109000,9.362420082092285,-79.8656005859375,25,"PA",109000,"027X",,,,,-2.385,"LO","HIGH","MPEJ"
88082,"Fernando_VOR-DME_BR","FNO","Fernando","VOR-DME",113700,-3.8701999187469482,-32.429298400878906,193,"BR",113700,"084X",,,,,-20.5,"BOTH","HIGH","SBFN"
88083,"Flint_VORTAC_US","FNT","Flint","VORTAC",116900,42.966800689697266,-83.74700164794922,770,"US",116900,"116X",,,,-6.002,-6.435,"BOTH","HIGH","KFNT"
88094,"Fuzhou_VOR-DME_CN","FOC","Fuzhou","VOR-DME",116800,25.940000534057617,119.66200256347656,46,"CN",116800,"115X",,,,,-3.434,"BOTH","HIGH","ZSFZ"
88095,"Fort_Dodge_VORTAC_US","FOD","Fort Dodge","VORTAC",113500,42.61119842529297,-94.2947998046875,1150,"US",113500,"082X",,,,7.001,2.251,"BOTH","HIGH","KFOD"
88097,"Fort_De_France_VOR-DME_MQ","FOF","Fort De France","VOR-DME",113300,14.590700149536133,-61.02280044555664,39,"MQ",113300,"080X",,,,-13.007,-14.359,"BOTH","HIGH","TFFF"
88099,"Foggia_VOR_IT","FOG","Foggia","VOR",114200,41.429500579833984,15.531399726867676,266,"IT",,,,,,,2.187,"LO","MEDIUM","LIBF"
88106,"Fortuna_VORTAC_US","FOT","Fortuna","VORTAC",114000,40.67129898071289,-124.23500061035156,400,"US",114000,"087X",,,,19.001,15.491,"BOTH","MEDIUM",
88107,"Halfway_VOR-DME_US","FOW","Halfway","VOR-DME",111200,44.20439910888672,-93.37049865722656,1098,"US",111200,"049X",,,,2.001,1.275,"LO","LOW",
88110,"Foz_VOR-DME_BR","FOZ","Foz","VOR-DME",112100,-25.58329963684082,-54.503501892089844,787,"BR",112100,"058X",,,,-12.007,-14.179,"BOTH","HIGH","SBFI"
88118,"Falcon_VORTAC_US","FQF","Falcon","VORTAC",116300,39.690101623535156,-104.62100219726562,5780,"US",116300,"110X",,,,11.001,9.243,"BOTH","HIGH",
88119,"Fuqing_VOR-DME_CN","FQG","Fuqing","VOR-DME",117400,25.739999771118164,119.38300323486328,378,"CN",117400,"121X",,,,,-3.385,"BOTH","HIGH","ZSFZ"
88120,"Williamsport_VOR-DME_US","FQM","Williamsport","VOR-DME",114400,41.338600158691406,-76.77490234375,2090,"US",114400,"091X",,,,-9.002,-11.368,"BOTH","MEDIUM","KIPT"
88130,"Friant_VORTAC_US","FRA","Friant","VORTAC",115600,37.104400634765625,-119.59500122070312,2380,"US",115600,"103X",,,,17.001,14.062,"BOTH","MEDIUM","5CL0"
88135,"Freistadt_VOR-DME_AT","FRE","Freistadt","VOR-DME",113500,48.431800842285156,14.129799842834473,2014,"AT",113500,"082X",,,,0.007,2.171,"BOTH","HIGH",
88136,"Faranah_VOR_GN","FRH","Faranah","VOR",112100,10.05090045928955,-10.760000228881836,,"GN",,,,,,-9.307,-7.075,"BOTH","HIGH","GUFH"
88137,"Fort_Riley_VOR_US","FRI","Fort Riley","VOR",109400,38.97019958496094,-96.86100006103516,1240,"US",,,,,,6.004,4.351,"TERMINAL","LOW","KFRI"
88138,"Fribourg_VOR-DME_CH","FRI","Fribourg","VOR-DME",110850,46.7775993347168,7.223499774932861,2659,"CH",110850,"045Y",,,,0.007,0.315,"BOTH","HIGH",
88140,"Formosa_VOR-DME_BR","FRM","Formosa","VOR-DME",114100,-15.557600021362305,-47.34709930419922,3166,"BR",114100,"088X",,,,,-20.337,"BOTH","MEDIUM",
88141,"Fairmont_VOR-DME_US","FRM","Fairmont","VOR-DME",110200,43.645999908447266,-94.42259979248047,1160,"US",110200,"039X",,,,7.001,2.251,"LO","MEDIUM",
88143,"Frosinone_VOR-DME_IT","FRS","Frosinone","VOR-DME",115600,41.6422004699707,13.295000076293945,632,"IT",115600,"103X",,,,,1.549,"LO","HIGH","LIRH"
88144,"Flores_VOR-DME_PT","FRS","Flores","VOR-DME",113300,39.4536018371582,-31.210399627685547,2358,"PT",113300,"080X",,,,,-12.233,"BOTH","HIGH","LPFL"
88150,"Franceville_VOR-DME_GA","FRV","Franceville","VOR-DME",116100,-1.6530799865722656,13.443900108337402,1578,"GA",116100,"108X",,,,,-2.596,"BOTH","HIGH","FOON"
88152,"Firenze_VORTAC_IT","FRZ","Firenze","VORTAC",115200,44.027198791503906,11.003299713134766,4438,"IT",115200,"099X",,,,0.007,1.296,"BOTH","HIGH",
88158,"Formosa_VOR-DME_AR","FSA","Formosa","VOR-DME",115600,-26.21030044555664,-58.224700927734375,193,"AR",115600,"103X",,,,-9.007,-11.057,"BOTH","HIGH","SARF"
88161,"Sioux_Falls_VORTAC_US","FSD","Sioux Falls","VORTAC",115000,43.64950180053711,-96.78119659423828,1570,"US",115000,"097X",,,,9.001,4.205,"BOTH","HIGH","KFSD"
88126,"Fursatganj_VOR-DME_IN","FSG","Fursatganj","VOR-DME",114300,26.2507991791,81.3777999878,,"IN",,,,,,,0.046,"LO","MEDIUM","VIRB"
88163,"Fiska_VOR-DME_GR","FSK","Fiska","VOR-DME",116400,41.099700927734375,22.99220085144043,1312,"GR",116400,"111X",,,,1.007,3.283,"BOTH","HIGH",
88166,"Fort_Smith_VORTAC_US","FSM","Fort Smith","VORTAC",110400,35.38840103149414,-94.27149963378906,430,"US",110400,"041X",,,,7.001,2.562,"BOTH","MEDIUM","KFSM"
88167,"El_Fashir_VOR-DME_SD","FSR","El Fashir","VOR-DME",115000,13.61050033569336,25.329299926757812,2412,"SD",115000,"097X",,,,,1.395,"BOTH","HIGH","HSFS"
88169,"Fort_Stockton_VORTAC_US","FST","Fort Stockton","VORTAC",116900,30.95210075378418,-102.97599792480469,2890,"US",116900,"116X",,,,11.012,7.52,"BOTH","HIGH","KFST"
88175,"Fort_Union_VORTAC_US","FTI","Fort Union","VORTAC",117300,35.65760040283203,-105.13600158691406,6870,"US",117300,"120X",,,,13.001,9.15,"BOTH","HIGH",
88176,"Fort_Knox_VOR-DME_US","FTK","Fort Knox","VOR-DME",109600,37.90739822387695,-85.972900390625,740,"US",109600,"033X",,,,-1.001,-3.401,"LO","LOW","KFTK"
88177,"Fatima_VOR-DME_PT","FTM","Fatima","VOR-DME",113500,39.666099548339844,-8.493209838867188,686,"PT",113500,"082X",39.6661,-8.49333,686,-5.007,-3.493,"BOTH","HIGH",
88182,"Francistown_VOR-DME_BW","FTV","Francistown","VOR-DME",112400,-21.162599563598633,27.473899841308594,3300,"BW",112400,"071X",,,,-10.007,-11.197,"BOTH","HIGH","FBFT"
88183,"Fuerteventura_VOR-DME_ES","FTV","Fuerteventura","VOR-DME",114100,28.43079948425293,-13.864500045776367,46,"ES",114100,"088X",28.4309,-13.8645,46,-7.007,-5.354,"BOTH","HIGH","GCFV"
88184,"Foristell_VORTAC_US","FTZ","Foristell","VORTAC",110800,38.69449996948242,-90.97129821777344,817,"US",110800,"045X",,,,5.001,0.115,"LO","MEDIUM","KSUS"
88190,"Fukue_VOR-DME_JP","FUE","Fukue","VOR-DME",115800,32.66859817504883,128.82699584960938,296,"JP",115800,"105X",,,,-6.011,-6.258,"BOTH","HIGH","RJFE"
88192,"Fulda_VOR-DME_DE","FUL","Fulda","VOR-DME",112100,50.592498779296875,9.57217025756836,1138,"DE",112100,"058X",,,,-2.009,1.03,"BOTH","HIGH",
88193,"Madeira_VOR-DME_PT","FUN","Madeira","VOR-DME",112200,32.74700164794922,-16.705699920654297,504,"PT",112200,"059X",32.7469,-16.7056,504,,-6.335,"BOTH","HIGH","LPMA"
88195,"Ranger_VORTAC_US","FUZ","Ranger","VORTAC",115700,32.88949966430664,-97.17939758300781,637,"US",115700,"104X",,,,6.01,4.536,"BOTH","HIGH","KAFW"
88204,"Fort_Wayne_VORTAC_US","FWA","Fort Wayne","VORTAC",117800,40.97909927368164,-85.18810272216797,802,"US",117800,"125X",,,,0.001,-4.588,"BOTH","HIGH","KFWA"
88206,"Furstenwalde_VOR-DME_DE","FWE","Furstenwalde","VOR-DME",113300,52.41130065917969,14.130599975585938,238,"DE",113300,"080X",,,,2.006,2.243,"BOTH","HIGH",
88214,"Polk_VORTAC_US","FXU","Polk","VORTAC",108400,31.111600875854492,-93.21790313720703,315,"US",108400,"021X",,,,5.001,2.297,"LO","LOW","KPOE"
88219,"Fayoum_VOR-DME_EG","FYM","Fayoum","VOR-DME",117300,29.397499084472656,30.39310073852539,50,"EG",117300,"120X",,,,3.005,3.133,"BOTH","HIGH",
88220,"Fort_Yukon_VORTAC_US","FYU","Fort Yukon","VORTAC",114400,66.57430267333984,-145.27699279785156,425,"US",114400,"091X",,,,31.001,24.143,"BOTH","HIGH","PFYU"
88221,"Fuyu_VOR-DME_CN","FYU","Fuyu","VOR-DME",113700,44.91170120239258,124.80500030517578,456,"CN",113700,"084X",,,,,-9.436,"BOTH","HIGH","ZYHB"
88226,"Frankston_VOR-DME_US","FZT","Frankston","VOR-DME",111400,32.07460021972656,-95.53079986572266,305,"US",111400,"051X",,,,6.012,3.545,"LO","MEDIUM",
88243,"Gabes_VOR-DME_TN","GAB","Gabes","VOR-DME",115400,33.732200622558594,9.92018985748291,413,"TN",115400,"101X",,,,,1.033,"BOTH","HIGH","DTTG"
88246,"Ghadames_VOR-DME_LY","GAD","Ghadames","VOR-DME",115800,30.165000915527344,9.742219924926758,992,"LY",115800,"105X",,,,0.007,0.493,"BOTH","HIGH","HLTD"
88247,"Gadsden_VOR-DME_US","GAD","Gadsden","VOR-DME",112300,33.97639846801758,-86.08360290527344,560,"US",112300,"070X",,,,2.001,-2.521,"LO","MEDIUM",
88248,"Gafsa_VOR-DME_TN","GAF","Gafsa","VOR-DME",109000,34.42060089111328,8.824080467224121,1066,"TN",109000,"027X",,,,,0.526,"LO","LOW","DTTF"
88249,"Gage_VORTAC_US","GAG","Gage","VORTAC",115600,36.34370040893555,-99.88009643554688,2430,"US",115600,"103X",,,,10.001,6.319,"BOTH","HIGH",
88250,"Gaillac_VOR_FR","GAI","Gaillac","VOR",115800,43.9541015625,1.8241699934005737,972,"FR",,,,,,-2.007,-0.496,"BOTH","HIGH","LFCI"
88253,"Galena_VORTAC_US","GAL","Galena","VORTAC",114800,64.73819732666016,-156.77699279785156,130,"US",114800,"095X",,,,23.001,18.224,"BOTH","HIGH","PAGA"
88254,"Rio_Gallegos_VOR-DME_AR","GAL","Rio Gallegos","VOR-DME",116700,-51.611000061035156,-69.3302001953125,62,"AR",116700,"114X",,,,13.007,12.125,"BOTH","HIGH","SAWG"
88257,"Gamston_VOR-DME_GB","GAM","Gamston","VOR-DME",112800,53.28139877319336,-0.9472219944000244,121,"GB",112800,"075X",,,,-4.001,-2.531,"BOTH","HIGH","EGNE"
88259,"Gan_Island_VOR-DME_MV","GAN","Gan Island","VOR-DME",113400,-0.694271981716156,73.15550231933594,6,"MV",113400,"081X",,,,-5.011,-4.585,"BOTH","HIGH","VRMG"
88260,"Gao_VOR_ML","GAO","Gao","VOR",112300,16.237899780273438,-0.026499999687075615,852,"ML",,,,,,-3.007,-2.246,"BOTH","HIGH","GAGO"
88261,"Nanchong_VOR-DME_CN","GAO","Nanchong","VOR-DME",117400,30.806699752807617,106.18699645996094,909,"CN",117400,"121X",,,,,-2.112,"BOTH","HIGH",
88262,"Garitsa_VOR-DME_GR","GAR","Garitsa","VOR-DME",108800,39.60639953613281,19.909400939941406,29,"GR",108800,"025X",,,,,2.54,"TERMINAL","LOW","LGKR"
88263,"Garissa_VOR-DME_KE","GAR","Garissa","VOR-DME",115700,-0.4724059998989105,39.65010070800781,475,"KE",115700,"104X",,,,,-0.08,"BOTH","HIGH","HKGA"
88265,"Gassim_VORTAC_SA","GAS","Gassim","VORTAC",117100,26.298099517822266,43.779598236083984,2159,"SA",117100,"118X",,,,2.007,2.533,"BOTH","HIGH","OEGS"
88267,"Grasmere_VOR_ZA","GAV","Grasmere","VOR",115500,-26.514799118041992,27.67650032043457,,"ZA",,,,,,,-18.091,"BOTH","HIGH",
88270,"Gaziantep_VOR-DME_TR","GAZ","Gaziantep","VOR-DME",116700,36.95029830932617,37.47330093383789,2297,"TR",116700,"114X",,,,3.007,4.247,"BOTH","HIGH","LTAJ"
88273,"Gboko_VOR-DME_NG","GB","Gboko","VOR-DME",115900,7.250699996948242,9.001520156860352,755,"NG",115900,"106X",,,,,-2.012,"LO","MEDIUM","DNAA"
88279,"General_Belgrano_VOR_AR","GBE","General Belgrano","VOR",115600,-35.7510986328125,-58.46390151977539,57,"AR",,,,,,-4.007,-6.224,"BOTH","HIGH",
88280,"Goboh_VOR-DME_JP","GBE","Goboh","VOR-DME",116900,33.910099029541016,135.1060028076172,1118,"JP",116900,"116X",,,,-6.007,-6.473,"BOTH","HIGH",
88283,"Galesburg_VOR-DME_US","GBG","Galesburg","VOR-DME",109800,40.93730163574219,-90.43450164794922,760,"US",109800,"035X",,,,3.001,-0.336,"LO","LOW",
88290,"Gila_Bend_VORTAC_US","GBN","Gila Bend","VORTAC",116600,32.956298828125,-112.67400360107422,790,"US",116600,"113X",,,,14.001,11.363,"BOTH","HIGH",
88293,"Gaborone_VOR-DME_BW","GBV","Gaborone","VOR-DME",113700,-24.597700119018555,25.832500457763672,3400,"BW",113700,"084X",,,,-13.007,-15.137,"BOTH","HIGH","FBSK"
88294,"Grand_Bay_VOR-DME_MU","GBY","Grand Bay","VOR-DME",114800,-20.014699935913086,57.60139846801758,294,"MU",114800,"095X",,,,-19.011,-18.345,"TERMINAL","LOW","FIMP"
88299,"Gillette_VOR-DME_US","GCC","Gillette","VOR-DME",114600,44.347801208496094,-105.54299926757812,4334,"US",114600,"093X",,,,12.001,10.256,"LO","HIGH",
88300,"Garden_City_VORTAC_US","GCK","Garden City","VORTAC",113300,37.91910171508789,-100.7249984741211,2880,"US",113300,"080X",,,,11.001,7.018,"BOTH","HIGH","KGCK"
88301,"Grand_Cayman_VOR-DME_KY","GCM","Grand Cayman","VOR-DME",115600,19.289400100708008,-81.37200164794922,8,"KY",115600,"103X",,,,-3.001,-3.325,"BOTH","HIGH","MWCR"
88302,"Grand_Canyon_VOR-DME_US","GCN","Grand Canyon","VOR-DME",113100,35.96030044555664,-112.14600372314453,6670,"US",113100,"078X",,,,15.001,11.598,"LO","MEDIUM","KGCN"
88305,"Greene_County_VORTAC_US","GCV","Greene County","VORTAC",115700,31.097999572753906,-88.48609924316406,300,"US",115700,"104X",,,,5.004,-0.42,"BOTH","HIGH","K2R0"
88310,"Granada_VOR-DME_ES","GDA","Granada","VOR-DME",113400,37.18320083618164,-3.990910053253174,1991,"ES",113400,"081X",,,,,-2.118,"LO","HIGH","LEGR"
88317,"Guadalajara_VOR-DME_MX","GDL","Guadalajara","VOR-DME",117300,20.523399353027344,-103.31199645996094,5016,"MX",117300,"120X",,,,8.011,7.277,"BOTH","HIGH","MMGL"
88318,"Gardner_VORTAC_US","GDM","Gardner","VORTAC",110600,42.54600143432617,-72.05819702148438,1280,"US",110600,"043X",,,,-14.001,-14.553,"LO","MEDIUM",
88321,"Gran_Canaria_VOR-DME_ES","GDV","Gran Canaria","VOR-DME",112900,28.07710075378418,-15.428999900817871,758,"ES",112900,"076X",28.0772,-15.4286,758,-7.707,-6.12,"BOTH","HIGH","GCLP"
88332,"Gedern_VORTAC_DE","GED","Gedern","VORTAC",110800,50.41189956665039,9.249159812927246,1601,"DE",110800,"045X",,,,-1.007,0.576,"BOTH","HIGH",
88333,"Geneseo_VOR-DME_US","GEE","Geneseo","VOR-DME",108200,42.83440017700195,-77.73269653320312,990,"US",108200,"019X",,,,-9.001,-11.268,"LO","MEDIUM",
88334,"Greenville_VORTAC_US","GEF","Greenville","VORTAC",109000,30.551300048828125,-83.78309631347656,220,"US",109000,"027X",,,,1.001,-3.571,"LO","MEDIUM","FL12"
88335,"Spokane_VORTAC_US","GEG","Spokane","VORTAC",115500,47.56489944458008,-117.62699890136719,2755,"US",115500,"102X",,,,21.001,16.291,"BOTH","HIGH",
88336,"Geraldton_VOR-DME_AU","GEL","Geraldton","VOR-DME",113900,-28.790300369262695,114.70600128173828,145,"AU",113900,"086X",,,,-1.007,-1.008,"BOTH","HIGH","YGEL"
88338,"Gemerek_VOR-DME_TR","GEM","Gemerek","VOR-DME",115100,39.15530014038086,36.02920150756836,5000,"TR",115100,"098X",,,,3.007,4.409,"BOTH","HIGH",
88340,"Genova_VOR-DME_IT","GEN","Genova","VOR-DME",112800,44.424400329589844,9.082079887390137,2915,"IT",112800,"075X",,,,0.007,1.033,"BOTH","HIGH","LIMJ"
88343,"Gopher_VORTAC_US","GEP","Gopher","VORTAC",117300,45.14569854736328,-93.37319946289062,880,"US",117300,"120X",,,,6.001,1.198,"BOTH","HIGH",
88356,"Grand_Forks_VOR-DME_US","GFK","Grand Forks","VOR-DME",114300,47.95479965209961,-97.1854019165039,841,"US",114300,"090X",,,,9.001,4.239,"LO","HIGH","KGFK"
88357,"Glens_Falls_VORTAC_US","GFL","Glens Falls","VORTAC",110200,43.34170150756836,-73.61180114746094,319,"US",110200,"039X",,,,-14.001,-14.205,"LO","MEDIUM","KGFL"
88359,"Goffs_VORTAC_US","GFS","Goffs","VORTAC",114400,35.131099700927734,-115.1760025024414,4000,"US",114400,"091X",,,,15.001,12.41,"LO","MEDIUM","1L4"
88361,"Grootfontein_VOR-DME_NA","GFV","Grootfontein","VOR-DME",115700,-19.602800369262695,18.121400833129883,4636,"NA",115700,"104X",,,,,-10.27,"BOTH","HIGH","FYGF"
88370,"Gulbarga_VOR-DME_IN","GGB","Gulbarga","VOR-DME",116000,17.313600540161133,76.8031005859375,1460,"IN",116000,"107X",,,,-1.011,-1.11,"BOTH","MEDIUM",
88371,"Gaya_VOR-DME_IN","GGC","Gaya","VOR-DME",115000,24.741899490356445,84.94390106201172,377,"IN",115000,"097X",,,,0.011,-0.151,"BOTH","HIGH","VEGY"
88374,"Gregg_Co_VORTAC_US","GGG","Gregg Co","VORTAC",112300,32.41780090332031,-94.7531967163086,320,"US",112300,"070X",,,,7.008,3.244,"LO","MEDIUM",
88378,"Gorgan_VOR-DME_IR","GGN","Gorgan","VOR-DME",117600,36.92470169067383,54.38159942626953,29,"IR",117600,"123X",,,,4.001,4.139,"BOTH","HIGH","OING"
88380,"Goa_VOR-DME_IN","GGO","Goa","VOR-DME",113600,15.379799842834473,73.8125991821289,183,"IN",113600,"083X",,,,-2.011,-1.271,"BOTH","HIGH","VOGO"
88382,"Georgetown_VORTAC_US","GGT","Georgetown","VORTAC",117800,42.78900146484375,-75.82669830322266,2040,"US",117800,"125X",,,,-11.004,-12.449,"LO","MEDIUM",
88383,"Guwahati_VOR-DME_IN","GGT","Guwahati","VOR-DME",117600,26.101900100708008,91.58570098876953,161,"IN",117600,"123X",,,,0.011,-0.217,"BOTH","HIGH","VEGT"
88386,"George_VOR-DME_ZA","GGV","George","VOR-DME",112500,-34.007301330566406,22.377599716186523,632,"ZA",112500,"072X",,,,-22.007,-25.256,"BOTH","HIGH","FAGG"
88387,"Glasgow_VOR-DME_US","GGW","Glasgow","VOR-DME",113900,48.215301513671875,-106.625,2280,"US",113900,"086X",,,,14.001,11.363,"BOTH","HIGH","KGGW"
88394,"Ghardaia_VOR-DME_DZ","GHA","Ghardaia","VOR-DME",114900,32.3932991027832,3.777780055999756,1588,"DZ",114900,"096X",,,,-4.007,-0.108,"BOTH","MEDIUM","DAUG"
88398,"Graham_VORTAC_US","GHM","Graham","VORTAC",111600,35.83409881591797,-87.45179748535156,770,"US",111600,"053X",,,,3.004,-2.083,"LO","MEDIUM",
88399,"Ghat_VOR-DME_LY","GHT","Ghat","VOR-DME",114800,25.146799087524414,10.138899803161621,2296,"LY",114800,"095X",,,,,0.313,"BOTH","MEDIUM","HLRA"
88407,"Conakry_VOR-DME_GN","GIA","Conakry","VOR-DME",114900,9.56797981262207,-13.61970043182373,72,"GN",114900,"096X",,,,,-8.266,"BOTH","HIGH","GUCY"
88409,"Lyudao_VORTAC_TW","GID","Lyudao","VORTAC",116900,22.672800064086914,121.48600006103516,650,"TW",116900,"116X",,,,-2.007,-3.081,"BOTH","HIGH","RCGI"
88412,"Gipper_VORTAC_US","GIJ","Gipper","VORTAC",115400,41.76860046386719,-86.31839752197266,800,"US",115400,"101X",,,,0.001,-4.128,"BOTH","HIGH",
88416,"Girardot_VOR-DME_CO","GIR","Girardot","VOR-DME",117300,4.191669940948486,-74.86579895019531,1063,"CO",117300,"120X",,,,-3.007,-5.006,"BOTH","HIGH","SKGI"
88417,"Gerona_VOR-DME_ES","GIR","Gerona","VOR-DME",114100,41.93119812011719,2.77197003364563,535,"ES",114100,"088X",41.9312,2.77189,535,-1.007,-0.272,"BOTH","HIGH","LEGE"
88420,"Jazan_VORTAC_SA","GIZ","Jazan","VORTAC",117700,16.907699584960938,42.577598571777344,14,"SA",117700,"124X",,,,1.007,2.044,"BOTH","HIGH","OEGN"
88425,"Pyongyang_VOR-DME_KP","GK","Pyongyang","VOR-DME",111400,39.2338981628418,125.6729965209961,92,"KP",111400,"051X",,,,-8.011,-8.091,"BOTH","HIGH","ZKPY"
88432,"Ishigaki_VOR-DME_JP","GKE","Ishigaki","VOR-DME",117700,24.340999603271484,124.18599700927734,114,"JP",117700,"124X",,,,-3.007,-3.453,"BOTH","HIGH","JP-3590"
88433,"Gulkana_VOR-DME_US","GKN","Gulkana","VOR-DME",115600,62.152400970458984,-145.4499969482422,1548,"US",115600,"103X",,,,28.001,22.154,"BOTH","HIGH","PAGK"
88441,"Gladstone_VOR_AU","GLA","Gladstone","VOR",116300,-23.865299224853516,151.20399475097656,,"AU",,,,,,10.011,9.445,"RNAV","HIGH","YGLA"
88446,"Goodland_VORTAC_US","GLD","Goodland","VORTAC",115100,39.387901306152344,-101.69200134277344,3650,"US",115100,"098X",,,,12.001,7.439,"BOTH","HIGH",
88449,"Greenville_VOR-DME_US","GLH","Greenville","VOR-DME",110200,33.52349853515625,-90.98290252685547,130,"US",110200,"039X",,,,4.001,0.469,"BOTH","MEDIUM",
88451,"Guadalupe_VOR_US","GLJ","Guadalupe","VOR",111000,34.95240020751953,-120.52100372314453,138,"US",,,,,,16.004,13.44,"TERMINAL","LOW","KSMX"
88452,"Gill_VORTAC_US","GLL","Gill","VORTAC",114200,40.50389862060547,-104.5530014038086,4910,"US",114200,"089X",,,,13.001,9.27,"LO","HIGH",
88453,"Goulimine_VOR_MA","GLM","Goulimine","VOR",114300,29.014400482177734,-10.0649995803833,,"MA",,,,,,,-4.114,"BOTH","HIGH",
88454,"Guanlan_VOR-DME_CN","GLN","Guanlan","VOR-DME",112000,22.709999084472656,114.03500366210938,348,"CN",112000,"057X",,,,,-2.185,"BOTH","HIGH",
88455,"Gaylord_VOR-DME_US","GLR","Gaylord","VOR-DME",109200,45.01250076293945,-84.70429992675781,1320,"US",109200,"029X",,,,-6.001,-6.309,"LO","MEDIUM",
88459,"Galati_VOR-DME_RO","GLT","Galati","VOR-DME",108200,45.41630172729492,27.92770004272461,128,"RO",108200,"019X",,,,4.607,4.458,"BOTH","HIGH",
88460,"Galapagos_VOR-DME_EC","GLV","Galapagos","VOR-DME",112300,-0.46111100912094116,-90.25859832763672,74,"EC",112300,"070X",,,,3.007,4.556,"BOTH","HIGH","SEGS"
88472,"Gengma_VOR-DME_CN","GMA","Gengma","VOR-DME",114700,23.531700134277344,99.41169738769531,3763,"CN",114700,"094X",,,,,-0.528,"BOTH","HIGH",
88474,"Germinghausen_VOR-DME_DE","GMH","Germinghausen","VOR-DME",115400,51.170501708984375,7.892039775848389,1821,"DE",115400,"101X",,,,0.009,0.306,"BOTH","HIGH",
88475,"Kiyikislacik_VOR-DME_TR","GML","Kiyikislacik","VOR-DME",113900,37.276100158691406,27.55109977722168,164,"TR",113900,"086X",,,,,3.402,"TERMINAL","MEDIUM","LTFE"
88476,"Gorman_VORTAC_US","GMN","Gorman","VORTAC",116100,34.80400085449219,-118.86100006103516,4920,"US",116100,"108X",,,,16.001,13.244,"LO","MEDIUM",
88486,"Guayana_VORTAC_VE","GNA","Guayana","VORTAC",114700,8.29613971710205,-62.75170135498047,472,"VE",114700,"094X",,,,-11.007,-13.24,"BOTH","HIGH","SVPR"
88490,"Point_Salines_VOR-DME_GD","GND","Point Salines","VOR-DME",117100,12.001299858093262,-61.785400390625,40,"GD",117100,"118X",,,,-12.107,-14.068,"BOTH","HIGH","TGPY"
88493,"Groesbeck_VOR-DME_US","GNL","Groesbeck","VOR-DME",108800,31.581499099731445,-96.54910278320312,512,"US",108800,"025X",,,,5.01,4.322,"LO","MEDIUM",
88494,"Glenpool_VOR-DME_US","GNP","Glenpool","VOR-DME",110600,35.9208984375,-95.96869659423828,810,"US",110600,"043X",,,,6.001,4.039,"TERMINAL","LOW",
88496,"Gators_VORTAC_US","GNV","Gators","VORTAC",116200,29.692100524902344,-82.27300262451172,128,"US",116200,"109X",,,,-4.001,-4.529,"BOTH","MEDIUM","KGNV"
88497,"Gurney_VOR-DME_PG","GNY","Gurney","VOR-DME",115600,-10.315799713134766,150.36199951171875,23,"PG",115600,"103X",,,,7.007,7.093,"BOTH","HIGH","AYGN"
88504,"Daigo_VORTAC_JP","GOC","Daigo","VORTAC",115300,36.74440002441406,140.35000610351562,1480,"JP",115300,"100X",36.7449,140.35,1480,-7.007,-7.122,"BOTH","HIGH",
88505,"Goiania_VOR-DME_BR","GOI","Goiania","VOR-DME",112700,-16.632400512695312,-49.21540069580078,2450,"BR",112700,"074X",,,,-18.007,-19.359,"BOTH","HIGH","SBGO"
88508,"Gosnell_VOR_US","GOJ","Gosnell","VOR",111800,35.95100021362305,-89.94110107421875,250,"US",,,,,,1.01,-0.154,"LO","MEDIUM","KBYH"
88509,"Gomel_VOR-DME_BY","GOL","Gomel","VOR-DME",113100,52.52000045776367,31.051700592041016,482,"BY",113100,"078X",,,,5.007,6.548,"BOTH","HIGH","UMGG"
88510,"Golyama_VOR-DME_BG","GOL","Golyama","VOR-DME",114100,43.095001220703125,24.220600128173828,1378,"BG",114100,"088X",,,,2.007,3.542,"BOTH","HIGH",
88511,"Goma_VOR-DME_CD","GOM","Goma","VOR-DME",116500,-1.6858500242233276,29.233299255371094,5089,"CD",116500,"112X",,,,,0.104,"BOTH","HIGH","FZNA"
88512,"Groton_VOR-DME_US","GON","Groton","VOR-DME",110850,41.33039855957031,-72.052001953125,20,"US",110850,"045Y",,,,-14.001,-14.302,"LO","LOW","KGON"
88514,"Gotem_VOR-DME_DE","GOT","Gotem","VOR-DME",115250,51.343101501464844,11.59749984741211,721,"DE",115250,"099Y",,,,1.009,1.383,"RNAV","HIGH","EDBT"
88515,"Glasgow_VOR-DME_GB","GOW","Glasgow","VOR-DME",115400,55.87049865722656,-4.445720195770264,37,"GB",115400,"101X",,,,-6.007,-4.538,"BOTH","HIGH","EGPF"
88522,"General_Pico_VOR_AR","GPI","General Pico","VOR",112200,-35.69279861450195,-63.75080108642578,459,"AR",,,,,,0.007,-1.368,"BOTH","HIGH","SAZG"
88526,"Gulfport_VORTAC_US","GPT","Gulfport","VORTAC",109000,30.40679931640625,-89.07679748535156,20,"US",109000,"027X",,,,2.001,-0.122,"BOTH","MEDIUM","KGPT"
88527,"Grand_Rapids_VOR-DME_US","GPZ","Grand Rapids","VOR-DME",111400,47.16360092163086,-93.4885025024414,1400,"US",111400,"051X",,,,6.001,1.073,"LO","MEDIUM",
88528,"Gilmore_VOR-DME_US","GQE","Gilmore","VOR-DME",113000,35.34700012207031,-90.47820281982422,211,"US",113000,"077X",,,,4.001,0.131,"LO","MEDIUM",
88529,"Choo_Choo_VORTAC_US","GQO","Choo Choo","VORTAC",115800,34.961299896240234,-85.15339660644531,1030,"US",115800,"105X",,,,1.001,-3.455,"BOTH","HIGH",
88546,"Rio_Grande_VOR-DME_AR","GRA","Rio Grande","VOR-DME",117300,-53.775299072265625,-67.74579620361328,66,"AR",117300,"120X",,,,12.007,12.133,"BOTH","HIGH","SAWE"
88550,"Green_Bay_VORTAC_US","GRB","Green Bay","VORTAC",115500,44.555198669433594,-88.19490051269531,760,"US",115500,"102X",,,,1.001,-3.139,"BOTH","HIGH","KGRB"
88552,"Greenwood_VORTAC_US","GRD","Greenwood","VORTAC",115500,34.2515983581543,-82.1541976928711,630,"US",115500,"102X",,,,-1.001,-5.51,"BOTH","MEDIUM",
88559,"Grand_Island_VORTAC_US","GRI","Grand Island","VORTAC",112000,40.98400115966797,-98.3147964477539,1840,"US",112000,"057X",40.984,-98.3155,,7.005,5.341,"LO","MEDIUM","KGRI"
88561,"Gray_VOR-DME_US","GRK","Gray","VOR-DME",111800,31.032899856567383,-97.81379699707031,980,"US",111800,"055X",,,,7.012,5.162,"LO","LOW","KGRK"
88563,"Gyumri_VOR-DME_AM","GRM","Gyumri","VOR-DME",113400,40.729400634765625,43.847198486328125,5090,"AM",113400,"081X",,,,,5.255,"BOTH","HIGH",
88564,"Gardermoen_VOR-DME_NO","GRM","Gardermoen","VOR-DME",115950,60.19179916381836,11.074399948120117,692,"NO",115950,"106Y",,,,-1.001,1.219,"RNAV","HIGH","ENGM"
88565,"Gorna_Oryahovitsa_VOR-DME_BG","GRN","Gorna Oryahovitsa","VOR-DME",113600,43.153900146484375,25.710800170898438,295,"BG",113600,"083X",,,,,4.057,"BOTH","HIGH","LBGO"
88576,"Ghriss_VOR_DZ","GRS","Ghriss","VOR",113100,35.20940017700195,0.14891399443149567,1686,"DZ",,,,,,,-0.596,"BOTH","HIGH","DAOV"
88580,"Grudziadz_VOR-DME_PL","GRU","Grudziadz","VOR-DME",114600,53.52119827270508,18.781299591064453,295,"PL",114600,"093X",,,,2.007,3.51,"BOTH","HIGH","EPTO"
88582,"Grantsville_VOR-DME_US","GRV","Grantsville","VOR-DME",112300,39.6349983215332,-79.05049896240234,2640,"US",112300,"070X",,,,-6.001,-9.283,"LO","MEDIUM","WV15"
88584,"Guriat_VORTAC_SA","GRY","Guriat","VORTAC",114700,31.412599563598633,37.286598205566406,1816,"SA",114700,"094X",,,,2.007,3.409,"BOTH","HIGH","OEGT"
88585,"Graz_VOR-DME_AT","GRZ","Graz","VOR-DME",116200,46.95539855957031,15.449399948120117,1097,"AT",116200,"109X",,,,1.007,2.325,"BOTH","HIGH",
88587,"Gisborne_VOR-DME_NZ","GS","Gisborne","VOR-DME",114200,-38.660499572753906,177.97799682617188,15,"NZ",114200,"089X",,,,20.007,20.444,"BOTH","HIGH","NZGS"
88593,"Tambler_VOR-DME_PH","GSA","Tambler","VOR-DME",114500,6.075669765472412,125.09200286865234,550,"PH",114500,"092X",,,,0.011,0.215,"BOTH","MEDIUM","RPMR"
88595,"Goshen_VORTAC_US","GSH","Goshen","VORTAC",113700,41.52519989013672,-86.02799987792969,850,"US",113700,"084X",,,,0.001,-4.241,"BOTH","HIGH",
88597,"Greensboro_VORTAC_US","GSO","Greensboro","VORTAC",116200,36.04570007324219,-79.97640228271484,879,"US",116200,"109X",,,,-3.003,-7.51,"BOTH","HIGH","KGSO"
88599,"Gosly_VOR-DME_BE","GSY","Gosly","VOR-DME",115700,50.45389938354492,4.441390037536621,654,"BE",115700,"104X",,,,,-0.329,"TERMINAL","HIGH","EBCI"
88609,"Niigata_VORTAC_JP","GTC","Niigata","VORTAC",115500,37.95830154418945,139.11500549316406,39,"JP",115500,"102X",,,,-8.011,-7.479,"BOTH","HIGH","RJSN"
88612,"Great_Falls_VORTAC_US","GTF","Great Falls","VORTAC",115100,47.45000076293945,-111.41200256347656,3673,"US",115100,"098X",,,,16.001,14.038,"BOTH","HIGH","KGTF"
88613,"Guthrie_VORTAC_US","GTH","Guthrie","VORTAC",114500,33.77830123901367,-100.33599853515625,1940,"US",114500,"092X",,,,10.012,6.425,"LO","MEDIUM","1TX3"
88614,"Griffith_VOR-DME_AU","GTH","Griffith","VOR-DME",114800,-34.2494010925293,146.06500244140625,446,"AU",114800,"095X",-34.2497,146.065,446,10.007,10.567,"BOTH","HIGH","YGTH"
88616,"Grand_Turk_VORTAC_TC","GTK","Grand Turk","VORTAC",114200,21.44070053100586,-71.1343994140625,36,"TC",114200,"089X",,,,-8.001,-10.204,"BOTH","HIGH","MBGT"
88617,"Gorontalo_VOR-DME_ID","GTL","Gorontalo","VOR-DME",113500,0.644631028175354,122.8479995727539,59,"ID",113500,"082X",,,,1.011,1.076,"BOTH","HIGH","WAMG"
88622,"Grostenquin_VOR-DME_FR","GTQ","Grostenquin","VOR-DME",111250,48.98640060424805,6.716219902038574,1024,"FR",111250,"049Y",,,,-1.007,0.164,"BOTH","HIGH",
88625,"Gualeguaychu_VOR-DME_AR","GUA","Gualeguaychu","VOR-DME",113200,-33.009700775146484,-58.614200592041016,75,"AR",113200,"079X",,,,-6.007,-7.443,"BOTH","HIGH","SAAG"
88632,"Gallup_VORTAC_US","GUP","Gallup","VORTAC",115100,35.47600173950195,-108.87300109863281,7053,"US",115100,"098X",,,,14.001,10.474,"BOTH","HIGH","KGUP"
88633,"Guernsey_VOR-DME_GG","GUR","Guernsey","VOR-DME",109400,49.43709945678711,-2.602060079574585,355,"GG",109400,"031X",,,,-4.001,-2.529,"LO","HIGH","EGJB"
88634,"Grissom_VORTAC_US","GUS","Grissom","VORTAC",108450,40.644901275634766,-86.15170288085938,810,"US",108450,"021Y",,,,-2.001,-4.057,"BOTH","LOW","KGUS"
88638,"Gove_VOR-DME_AU","GV","Gove","VOR-DME",114100,-12.265000343322754,136.8159942626953,189,"AU",114100,"088X",,,,5.007,4.325,"BOTH","HIGH","YPGV"
88639,"Ngong_VOR-DME_KE","GV","Ngong","VOR-DME",115900,-1.396589994430542,36.637901306152344,7834,"KE",115900,"106X",,,,-1.001,0.026,"BOTH","HIGH","HKJK"
88645,"Geneva_Cointrin_VOR-DME_CH","GVA","Geneva Cointrin","VOR-DME",115750,46.25389862060547,6.1322197914123535,1377,"CH",115750,"104Y",,,,,0.151,"BOTH","HIGH","LSGG"
88647,"Gordonsville_VORTAC_US","GVE","Gordonsville","VORTAC",115600,38.01359939575195,-78.15290069580078,380,"US",115600,"103X",,,,-6.001,-9.396,"BOTH","HIGH","KGVE"
88648,"Gaviota_VORTAC_US","GVO","Gaviota","VORTAC",113800,34.53129959106445,-120.09100341796875,2620,"US",113800,"085X",,,,16.001,13.335,"LO","MEDIUM","KSBA"
88649,"Gwasero_VOR-DME_NG","GW","Gwasero","VOR-DME",114300,9.480210304260254,3.510590076446533,1149,"NG",114300,"090X",,,,,-2.472,"BOTH","HIGH",
88653,"Gwalior_VOR-DME_IN","GWA","Gwalior","VOR-DME",112800,26.28529930114746,78.21829986572266,617,"IN",112800,"075X",,,,0.011,0.12,"BOTH","HIGH","VIGR"
88654,"Goodwood_VOR-DME_GB","GWC","Goodwood","VOR-DME",114750,50.85530090332031,-0.7566670179367065,113,"GB",114750,"094Y",,,,-3.807,-2.25,"RNAV","HIGH","EGHR"
88658,"Greefswald_VOR_ZA","GWV","Greefswald","VOR",117900,-22.2455997467041,29.41029930114746,,"ZA",,,,,,-12.007,-13.005,"BOTH","HIGH",
88659,"Gawasa_VOR-DME_ET","GWZ","Gawasa","VOR-DME",115900,9.106200218200684,38.769901275634766,7626,"ET",115900,"106X",,,,,1.404,"BOTH","HIGH","HAAB"
88662,"Mc_Guire_VORTAC_US","GXU","Mc Guire","VORTAC",110600,40.009498596191406,-74.59629821777344,114,"US",110600,"043X",,,,-11.002,-12.357,"TERMINAL","MEDIUM","KWRI"
88667,"Gaoyao_VOR-DME_CN","GYA","Gaoyao","VOR-DME",116500,23.06999969482422,112.48699951171875,53,"CN",116500,"112X",,,,,-2.112,"BOTH","HIGH",
88670,"Baku_VOR-DME_AZ","GYD","Baku","VOR-DME",114100,40.4724006652832,50.05070114135742,7,"AZ",114100,"088X",,,,,5.266,"BOTH","HIGH","UBBB"
88674,"Gyor_VOR-DME_HU","GYR","Gyor","VOR-DME",115100,47.65909957885742,17.72439956665039,515,"HU",115100,"098X",47.659,17.7243,515,2.007,3.05,"RNAV","HIGH","LHPR"
88676,"Greytown_VOR_ZA","GYV","Greytown","VOR",115500,-29.12350082397461,30.586200714111328,3531,"ZA",,,,,,,-22.437,"RNAV","HIGH","FAGY"
88677,"Guayaquil_VOR-DME_EC","GYV","Guayaquil","VOR-DME",115900,-2.1283299922943115,-79.86689758300781,9,"EC",115900,"106X",,,,2.007,-0.231,"BOTH","HIGH","SEGU"
88681,"Gaza_VOR-DME_PS","GZA","Gaza","VOR-DME",113350,31.2455997467041,34.27130126953125,300,"PS",113350,"080Y",,,,,3.353,"BOTH","HIGH","PS-0006"
88682,"Glade_Spring_VOR-DME_US","GZG","Glade Spring","VOR-DME",110200,36.82509994506836,-82.0790023803711,4200,"US",110200,"039X",,,,-2.001,-6.284,"LO","MEDIUM",
88683,"Gozo_VOR-DME_MT","GZO","Gozo","VOR-DME",115700,36.037200927734375,14.205300331115723,532,"MT",115700,"104X",,,,0.007,1.501,"RNAV","HIGH",
88701,"Hamadan_Mil_VORTAC_IR","HAB","Hamadan Mil","VORTAC",115400,35.180599212646484,48.708099365234375,5613,"IR",115400,"101X",,,,3.001,4.026,"BOTH","HIGH","OIHS"
88702,"Hamilton_VORTAC_US","HAB","Hamilton","VORTAC",110400,34.195098876953125,-88.01249694824219,810,"US",110400,"041X",,,,2.001,-1.278,"LO","MEDIUM",
88703,"Khabarovsk_VOR-DME_RU","HAB","Khabarovsk","VOR-DME",112300,48.54439926147461,135.20899963378906,243,"RU",112300,"070X",,,,,-11.403,"BOTH","HIGH","UHHH"
88710,"Prince_Said_Ibrahim_VOR-DME_KM","HAI","Prince Said Ibrahim","VOR-DME",114700,-11.515000343322754,43.27669906616211,103,"KM",114700,"094X",,,,-5.007,-6.177,"HI","HIGH","FMCH"
88711,"Haima_VOR-DME_OM","HAI","Haima","VOR-DME",113300,19.970300674438477,56.280799865722656,463,"OM",113300,"080X",,,,0.007,0.317,"BOTH","HIGH",
88713,"Halli_VOR-DME_FI","HAL","Halli","VOR-DME",115200,61.854698181152344,24.802600860595703,484,"FI",115200,"099X",,,,,7.296,"RNAV","HIGH","EFHA"
88714,"Hamburg_VORTAC_DE","HAM","Hamburg","VORTAC",113100,53.68560028076172,10.204999923706055,187,"DE",113100,"078X",,,,1.01,1.096,"BOTH","HIGH","EDDH"
88715,"Hamadan_VOR-DME_IR","HAM","Hamadan","VOR-DME",117900,34.866798400878906,48.55059814453125,5755,"IR",117900,"126X",,,,3.001,3.588,"BOTH","HIGH","OIHH"
88718,"Hao_VOR-DME_PF","HAO","Hao","VOR-DME",113800,-18.081899642944336,-140.9409942626953,10,"PF",113800,"085X",,,,13.011,12.571,"BOTH","HIGH","NTTO"
88720,"Harry_VOR_SE","HAR","Harry","VOR",117500,57.82500076293945,12.693599700927734,,"SE",,,,,,1.001,2.019,"LO","MEDIUM",
88721,"Harrisburg_VORTAC_US","HAR","Harrisburg","VORTAC",112500,40.30220031738281,-77.0696029663086,1301,"US",112500,"072X",,,,-10.002,-11.049,"BOTH","MEDIUM","KMDT"
88729,"Hobart_VOR-DME_AU","HB","Hobart","VOR-DME",112700,-42.84709930419922,147.52699279785156,49,"AU",112700,"074X",-42.8472,147.527,49,14.007,14.517,"BOTH","HIGH","YMHB"
88739,"Hobart_VORTAC_US","HBR","Hobart","VORTAC",111800,34.866600036621094,-99.06340026855469,1463,"US",111800,"055X",,,,10.001,6.01,"LO","MEDIUM",
88741,"Blue_Mesa_VOR-DME_US","HBU","Blue Mesa","VOR-DME",114900,38.45220184326172,-107.04000091552734,8730,"US",114900,"096X",,,,14.001,10.269,"BOTH","HIGH",
88742,"Hartebeespoortdam_VOR_ZA","HBV","Hartebeespoortdam","VOR",112100,-25.675812,27.832567,3833,"ZA",,,,,,-16.011,-17.041,"BOTH","HIGH",
88751,"Hachijojima_VOR-DME_JP","HCE","Hachijojima","VOR-DME",116650,33.11429977416992,139.78799438476562,339,"JP",116650,"113Y",,,,-6.011,-6.011,"BOTH","HIGH","RJTH"
88752,"Hinch_Mountain_VORTAC_US","HCH","Hinch Mountain","VORTAC",117600,35.78099822998047,-84.97850036621094,3040,"US",117600,"123X",,,,-2.001,-4.019,"LO","MEDIUM","KCSV"
88753,"Huangcheng_VOR-DME_CN","HCH","Huangcheng","VOR-DME",116100,37.654998779296875,120.54499816894531,74,"CN",116100,"108X",,,,,-6.464,"BOTH","HIGH",
88754,"Harcum_VORTAC_US","HCM","Harcum","VORTAC",108800,37.448699951171875,-76.7114028930664,10,"US",108800,"025X",,,,-7.001,-10.296,"BOTH","MEDIUM",
88755,"Cap_Haitien_VOR_HT","HCN","Cap Haitien","VOR",113900,19.728300094604492,-72.19670104980469,10,"HT",,,,,,-7.001,-9.252,"BOTH","HIGH","MTCH"
88756,"Hengchun_VORTAC_TW","HCN","Hengchun","VORTAC",113700,21.9281005859375,120.84400177001953,471,"TW",113700,"084X",,,,-3.011,-2.545,"BOTH","HIGH","RCKW"
88757,"Hayes_Center_VORTAC_US","HCT","Hayes Center","VORTAC",117700,40.4541015625,-100.92400360107422,3010,"US",117700,"124X",,,,11.001,7.185,"BOTH","HIGH",
88765,"Homeland_VOR_US","HDF","Homeland","VOR",113400,33.77629852294922,-117.18499755859375,1414,"US",,,,,,14.001,12.508,"LO","MEDIUM","KRIV"
88767,"Hodeidah_VOR-DME_YE","HDH","Hodeidah","VOR-DME",114200,14.773599624633789,42.98809814453125,41,"YE",114200,"089X",,,,1.007,1.489,"BOTH","HIGH","OYHD"
88771,"Coleman_VOR_DE","HDM","Coleman","VOR",109000,49.56560134887695,8.463809967041016,327,"DE",,,,,,-2.009,0.456,"BOTH","LOW","ETOR"
88773,"Hermsdorf_VOR-DME_DE","HDO","Hermsdorf","VOR-DME",115000,50.928199768066406,14.368800163269043,1439,"DE",115000,"097X",,,,2.009,2.254,"RNAV","HIGH",
88774,"Hondo_VOR-DME_US","HDO","Hondo","VOR-DME",109400,29.34910011291504,-99.17790222167969,947,"US",109400,"031X",,,,8.012,5.591,"LO","MEDIUM",
88775,"Den_Helder_VOR-DME_NL","HDR","Den Helder","VOR-DME",115550,52.906898498535156,4.765830039978027,29,"NL",115550,"102Y",,,,,-0.404,"LO","HIGH","EHKD"
88782,"Hector_VORTAC_US","HEC","Hector","VORTAC",112700,34.797000885009766,-116.46299743652344,1850,"US",112700,"074X",,,,15.001,12.55,"BOTH","HIGH",
88788,"Helsinki_VOR-DME_FI","HEL","Helsinki","VOR-DME",114200,60.337799072265625,24.953699111938477,239,"FI",114200,"089X",,,,5.007,7.095,"RNAV","HIGH","EFHK"
88797,"Hanchey_VOR_US","HEY","Hanchey","VOR",110600,31.374099731445312,-85.65280151367188,300,"US",,,,,,2.001,-2.453,"LO","LOW","HEY"
88798,"Natchez_VOR-DME_US","HEZ","Natchez","VOR-DME",110000,31.618200302124023,-91.29959869384766,280,"US",110000,"037X",,,,3.001,1.112,"LO","MEDIUM",
88802,"Hartford_VOR-DME_US","HFD","Hartford","VOR-DME",114900,41.6411018371582,-72.54740142822266,849,"US",114900,"096X",,,,-13.001,-14.203,"BOTH","MEDIUM","KHFD"
88803,"Hefei_VOR-DME_CN","HFE","Hefei","VOR-DME",116700,31.780000686645508,117.302001953125,124,"CN",116700,"114X",,,,,-4.405,"BOTH","HIGH","ZSOF"
88805,"Hafr_Al-Batin_VORTAC_SA","HFR","Hafr Al-Batin","VORTAC",113100,28.33049964904785,46.12950134277344,1185,"SA",113100,"078X",,,,2.007,2.576,"BOTH","HIGH","OEPA"
88813,"Hurghada_VOR-DME_EG","HGD","Hurghada","VOR-DME",116500,27.177799224853516,33.7963981628418,98,"EG",116500,"112X",,,,3.005,3.136,"BOTH","HIGH","HEGN"
88814,"Hongo_VOR-DME_JP","HGE","Hongo","VOR-DME",117900,34.433799743652344,132.9239959716797,1123,"JP",117900,"126X",,,,-7.011,-7.033,"BOTH","LOW","RJOA"
88815,"Hangzhou_VOR-DME_CN","HGH","Hangzhou","VOR-DME",113000,30.239999771118164,120.45800018310547,43,"CN",113000,"077X",,,,,-4.522,"BOTH","HIGH","ZSHC"
88816,"Hugo_VORTAC_US","HGO","Hugo","VORTAC",112100,38.817501068115234,-103.62100219726562,5233,"US",112100,"058X",,,,12.001,8.474,"BOTH","HIGH","6CO6"
88817,"Hagerstown_VOR_US","HGR","Hagerstown","VOR",109800,39.69770050048828,-77.85569763183594,560,"US",,,,,,-7.001,-10.21,"LO","MEDIUM","KHGR"
88818,"Higuero_VOR-DME_DO","HGR","Higuero","VOR-DME",115800,18.571699142456055,-69.98410034179688,60,"DO",115800,"105X",,,,,-10.309,"LO","HIGH","MDJB"
88819,"Wonju_VOR-DME_KR","HGS","Wonju","VOR-DME",110200,37.475799560546875,127.9749984741211,474,"KR",110200,"039X",,,,-8.011,-7.525,"BOTH","HIGH","RKNW"
88821,"Hlegu_VOR-DME_MM","HGU","Hlegu","VOR-DME",112300,17.0846004486084,96.24819946289062,41,"MM",112300,"070X",,,,-1.011,-0.456,"BOTH","HIGH",
88822,"Heidelberg_VOR_ZA","HGV","Heidelberg","VOR",116700,-26.696909,28.283136,5159,"ZA",,,,,,,-18.343,"BOTH","HIGH","FAHG"
88828,"Huahine_VOR-DME_PF","HHN","Huahine","VOR-DME",112700,-16.685400009155273,-151.00999450683594,39,"PF",112700,"074X",,,,12.011,12.28,"BOTH","HIGH","NTTH"
88829,"Hua_Hin_VOR-DME_TH","HHN","Hua Hin","VOR-DME",113300,12.634499549865723,99.95120239257812,62,"TH",113300,"080X",,,,0.011,-0.331,"BOTH","HIGH","VTPH"
88833,"Hyderabad_VOR-DME_IN","HHY","Hyderabad","VOR-DME",114700,17.45439910888672,78.4574966430664,1741,"IN",114700,"094X",,,,-1.011,-1.101,"BOTH","HIGH","VOHY"
88837,"Whitehall_VORTAC_US","HIA","Whitehall","VORTAC",113700,45.86180114746094,-112.16999816894531,5530,"US",113700,"084X",,,,18.001,14.018,"BOTH","HIGH","KBTM"
88838,"Hibbing_VOR-DME_US","HIB","Hibbing","VOR-DME",110800,47.30149841308594,-92.7041015625,1350,"US",110800,"045X",,,,2.001,0.215,"LO","MEDIUM","KHIB"
88839,"White_Cloud_VOR-DME_US","HIC","White Cloud","VOR-DME",117600,43.57490158081055,-85.71620178222656,920,"US",117600,"123X",,,,-1.001,-5.116,"LO","MEDIUM",
88845,"Hinojosa_VOR-DME_ES","HIJ","Hinojosa","VOR-DME",114700,38.50809860229492,-5.099679946899414,1841,"ES",114700,"094X",38.5082,-5.09971,1841,-4.007,-2.363,"BOTH","HIGH",
88847,"Hail_VORTAC_SA","HIL","Hail","VORTAC",113500,27.425100326538086,41.68280029296875,3324,"SA",113500,"082X",,,,2.007,3.093,"BOTH","HIGH","OEHL"
88863,"Kagoshima_VORTAC_JP","HKC","Kagoshima","VORTAC",113300,31.697200775146484,130.58299255371094,1909,"JP",113300,"080X",31.6972,130.583,1909,-5.007,-6.103,"BOTH","HIGH","RJFK"
88864,"Hokuso_VOR-DME_JP","HKE","Hokuso","VOR-DME",117300,35.808998107910156,140.375,164,"JP",117300,"120X",,,,-7.011,-6.525,"LO","LOW",
88880,"Hill_City_VORTAC_US","HLC","Hill City","VORTAC",113700,39.25870132446289,-100.22599792480469,2690,"US",113700,"084X",,,,8.001,6.496,"BOTH","HIGH",
88882,"Hailar_VOR-DME_CN","HLD","Hailar","VOR-DME",115100,49.201698303222656,119.822998046875,2188,"CN",115100,"098X",,,,,-9.421,"BOTH","HIGH","ZBLA"
88884,"Halaifa_VOR-DME_SA","HLF","Halaifa","VOR-DME",116700,26.434200286865234,39.26919937133789,3835,"SA",116700,"114X",,,,2.007,3.096,"BOTH","HIGH",
88885,"Houlung_VORTAC_TW","HLG","Houlung","VORTAC",114900,24.639999389648438,120.78299713134766,46,"TW",114900,"096X",,,,-3.011,-3.321,"BOTH","HIGH",
88886,"Wheeling_VOR-DME_US","HLG","Wheeling","VOR-DME",112200,40.2598991394043,-80.568603515625,1269,"US",112200,"059X",,,,-7.001,-8.308,"TERMINAL","LOW",
88887,"Holly_Springs_VORTAC_US","HLI","Holly Springs","VORTAC",112400,34.770301818847656,-89.49649810791016,630,"US",112400,"071X",,,,3.001,-0.263,"LO","MEDIUM",
88888,"Halim_Perdanakusuma_VOR-DME_ID","HLM","Halim Perdanakusuma","VOR-DME",113300,-6.271940231323242,106.88700103759766,84,"ID",113300,"080X",,,,0.007,0.451,"BOTH","HIGH","WIHH"
88890,"Helena_VORTAC_US","HLN","Helena","VORTAC",117700,46.6068000793457,-111.9530029296875,3823,"US",117700,"124X",,,,16.001,14.067,"BOTH","HIGH","KHLN"
88892,"Hualien_VOR-DME_TW","HLN","Hualien","VOR-DME",114100,24.01849937438965,121.63999938964844,193,"TW",114100,"088X",,,,-3.011,-3.283,"BOTH","LOW","RCYU"
88895,"Hallsville_VORTAC_US","HLV","Hallsville","VORTAC",114200,39.11349868774414,-92.1281967163086,920,"US",114200,"089X",,,,6.001,1.03,"BOTH","MEDIUM",
88898,"Hehlingen_VOR-DME_DE","HLZ","Hehlingen","VOR-DME",117300,52.363399505615234,10.79520034790039,413,"DE",117300,"120X",,,,1.009,1.256,"BOTH","HIGH",
88899,"Hamilton_Island_VOR-DME_AU","HM","Hamilton Island","VOR-DME",114400,-20.35110092163086,148.95599365234375,15,"AU",114400,"091X",,,,8.007,8.282,"BOTH","HIGH","YBHM"
88907,"Hassi_Messaoud_VOR-DME_DZ","HME","Hassi Messaoud","VOR-DME",114700,31.6643009185791,6.1361799240112305,463,"DZ",114700,"094X",,,,,0.162,"BOTH","HIGH","DAUH"
88908,"Haneda_VOR-DME_JP","HME","Haneda","VOR-DME",112200,35.56230163574219,139.76100158691406,63,"JP",112200,"059X",,,,-7.011,-6.528,"LO","LOW","RJTT"
88909,"Hammerfest_VOR-DME_NO","HMF","Hammerfest","VOR-DME",112400,70.7042007446289,23.69070053100586,1254,"NO",112400,"071X",,,,7.001,9.195,"RNAV","LOW","ENHF"
88910,"Hami_VOR-DME_CN","HMI","Hami","VOR-DME",115100,42.83330154418945,93.6500015258789,2712,"CN",115100,"098X",,,,,0.557,"BOTH","HIGH",
88911,"Humboldt_VORTAC_US","HML","Humboldt","VORTAC",112400,48.86920166015625,-97.1178970336914,800,"US",112400,"071X",48.8692,-97.1179,,9.001,4.156,"BOTH","HIGH",
88913,"Hamm_VOR-DME_DE","HMM","Hamm","VOR-DME",115650,51.85689926147461,7.708290100097656,237,"DE",115650,"103Y",,,,0.009,0.249,"BOTH","HIGH",
88915,"Hermosillo_VOR-DME_MX","HMO","Hermosillo","VOR-DME",112800,29.095500946044922,-111.052001953125,627,"MX",112800,"075X",,,,11.001,10.311,"BOTH","HIGH","MMHO"
88917,"Hammar_VOR-DME_SE","HMR","Hammar","VOR-DME",112600,60.279300689697266,18.391599655151367,102,"SE",112600,"073X",,,,3.001,4.302,"RNAV","HIGH",
88918,"Hammond_VOR_US","HMU","Hammond","VOR",109600,30.519399642944336,-90.4175033569336,40,"US",,,,,,3.007,0.418,"TERMINAL","LOW",
88919,"Holston_Mountain_VORTAC_US","HMV","Holston Mountain","VORTAC",114600,36.43709945678711,-82.12960052490234,4321,"US",114600,"093X",,,,-4.001,-6.207,"BOTH","MEDIUM",
88921,"Honiara_VOR-DME_SB","HN","Honiara","VOR-DME",112600,-9.436670303344727,160.01699829101562,45,"SB",112600,"073X",,,,9.011,8.531,"BOTH","HIGH","AGGH"
88922,"Hamilton_VOR-DME_NZ","HN","Hamilton","VOR-DME",114000,-37.849300384521484,175.33900451660156,172,"NZ",114000,"087X",,,,20.107,20.002,"BOTH","HIGH","NZHN"
88931,"Huntingburg_VOR-DME_US","HNB","Huntingburg","VOR-DME",109200,38.250301361083984,-86.9563980102539,530,"US",109200,"029X",,,,0.001,-2.568,"BOTH","LOW",
88933,"Hancock_VOR-DME_US","HNK","Hancock","VOR-DME",116800,42.0630989074707,-75.31629943847656,2070,"US",116800,"115X",,,,-11.001,-12.496,"BOTH","HIGH",
88934,"Honolulu_VORTAC_US","HNL","Honolulu","VORTAC",114800,21.308300018310547,-157.92999267578125,10,"US",114800,"095X",,,,11.001,9.582,"BOTH","HIGH",
88935,"Henderson_VORTAC_US","HNN","Henderson","VORTAC",115900,38.75410079956055,-82.02619934082031,880,"US",115900,"106X",,,,-3.001,-6.589,"BOTH","HIGH",
88943,"Hangtown_VOR-DME_US","HNW","Hangtown","VOR-DME",115500,38.724700927734375,-120.7490005493164,2583,"US",115500,"102X",,,,17.001,14.419,"LO","MEDIUM",
88949,"Hobbs_VORTAC_US","HOB","Hobbs","VORTAC",111000,32.63819885253906,-103.26899719238281,3660,"US",111000,"047X",,,,11.001,8.072,"LO","MEDIUM",
88950,"Hochwald_VOR-DME_CH","HOC","Hochwald","VOR-DME",113200,47.46659851074219,7.665440082550049,2425,"CH",113200,"079X",,,,0.007,0.37,"BOTH","HIGH",
88955,"Wallis_VOR-DME_WF","HOI","Wallis","VOR-DME",113000,-13.23960018157959,-176.20199584960938,75,"WF",113000,"077X",,,,11.011,11.203,"BOTH","HIGH","NLWW"
88957,"Homer_VOR-DME_US","HOM","Homer","VOR-DME",114600,59.70940017700195,-151.45700073242188,1621,"US",114600,"093X",,,,24.001,19.141,"BOTH","HIGH","PAHO"
88958,"Huron_VORTAC_US","HON","Huron","VORTAC",117600,44.440101623535156,-98.31109619140625,1300,"US",117600,"123X",,,,10.001,5.305,"LO","MEDIUM","KHON"
88959,"Honiley_VOR-DME_GB","HON","Honiley","VOR-DME",113650,52.3567008972168,-1.6636099815368652,435,"GB",113650,"083Y",,,,-4.001,-3.004,"RNAV","HIGH",
88963,"Chios_VOR-DME_GR","HOS","Chios","VOR-DME",110800,38.34939956665039,26.142799377441406,18,"GR",110800,"045X",,,,0.007,3.371,"BOTH","HIGH","LGHI"
88965,"Hot_Springs_VOR-DME_US","HOT","Hot Springs","VOR-DME",110000,34.478599548339844,-93.0905990600586,530,"US",110000,"037X",,,,4.001,2.107,"LO","MEDIUM","KHOT"
88972,"Hooper_Bay_VOR-DME_US","HPB","Hooper Bay","VOR-DME",115200,61.514400482177734,-166.13400268554688,7,"US",115200,"099X",,,,16.001,12.421,"BOTH","HIGH","PAHP"
88974,"Hanamaki_VOR-DME_JP","HPE","Hanamaki","VOR-DME",112800,39.43339920043945,141.13299560546875,339,"JP",112800,"075X",,,,-8.011,-8.005,"BOTH","HIGH","RJSI"
88977,"Hopewell_VORTAC_US","HPW","Hopewell","VORTAC",112000,37.32889938354492,-77.11589813232422,70,"US",112000,"057X",,,,-6.001,-10.113,"BOTH","MEDIUM",
88981,"Hoquiam_VORTAC_US","HQM","Hoquiam","VORTAC",117700,46.946998596191406,-124.14900207519531,10,"US",117700,"124X",,,,19.001,17.465,"BOTH","HIGH","KHQM"
88991,"Harbin_VOR-DME_CN","HRB","Harbin","VOR-DME",112500,45.62329864501953,126.26000213623047,448,"CN",112500,"072X",,,,,-10.126,"BOTH","HIGH","ZYHB"
88993,"Horlick_VOR-DME_US","HRK","Horlick","VOR-DME",117700,42.76190185546875,-87.81439971923828,669,"US",117700,"124X",,,,-2.001,-3.089,"TERMINAL","LOW",
88994,"Harlingen_VOR-DME_US","HRL","Harlingen","VOR-DME",109200,26.22920036315918,-97.65190124511719,30,"US",109200,"029X",,,,5.012,5.131,"LO","MEDIUM","KHRL"
88995,"Hassi_R_Mel_Tilrempt_VOR-DME_DZ","HRM","Hassi R Mel/Tilrempt","VOR-DME",115400,32.937198638916016,3.3566699028015137,2483,"DZ",115400,"101X",,,,,-0.153,"BOTH","HIGH",
88997,"Harrison_VOR-DME_US","HRO","Harrison","VOR-DME",112500,36.31829833984375,-93.21330261230469,1400,"US",112500,"072X",,,,4.001,2.076,"LO","MEDIUM","KHRO"
88998,"Harris_VORTAC_US","HRS","Harris","VORTAC",109800,34.94300079345703,-83.91570281982422,3660,"US",109800,"035X",,,,0.001,-4.406,"LO","MEDIUM",
89001,"Harvey_VORTAC_US","HRV","Harvey","VORTAC",114100,29.850200653076172,-90.00299835205078,3,"US",114100,"088X",,,,2.001,0.294,"BOTH","MEDIUM","KNBG"
89007,"Al_Ahsa_VORTAC_SA","HSA","Al Ahsa","VORTAC",116600,25.27910041809082,49.48400115966797,576,"SA",116600,"113X",,,,,2.109,"BOTH","HIGH","OEAH"
89010,"Haamstede_VOR_NL","HSD","Haamstede","VOR",114150,51.72269821166992,3.858180046081543,4,"NL",,,,,,,-0.523,"HI","HIGH",
89011,"Hengsha_VOR-DME_CN","HSH","Hengsha","VOR-DME",114400,31.36829948425293,121.84300231933594,13,"CN",114400,"091X",,,,,-5.221,"BOTH","HIGH","ZSPD"
89012,"Hastings_VOR-DME_US","HSI","Hastings","VOR-DME",108800,40.60449981689453,-98.42960357666016,1950,"US",108800,"025X",,,,7.005,5.391,"LO","MEDIUM",
89013,"Huslia_VOR-DME_US","HSL","Huslia","VOR-DME",117400,65.70790100097656,-156.36300659179688,187,"US",117400,"121X",,,,19.008,18.522,"BOTH","LOW",
89015,"Zhoushan_VOR-DME_CN","HSN","Zhoushan","VOR-DME",112300,29.931699752807617,122.36199951171875,2,"CN",112300,"070X",,,,,-5.037,"BOTH","HIGH",
89018,"Hoedspruit_VORTAC_ZA","HSV","Hoedspruit","VORTAC",114000,-24.347200393676758,31.04759979248047,1664,"ZA",114000,"087X",,,,,-16.134,"BOTH","HIGH","FAHS"
89022,"Houghton_Lake_VOR-DME_US","HTL","Houghton Lake","VOR-DME",111600,44.3588981628418,-84.66570281982422,1145,"US",111600,"053X",,,,-5.001,-6.207,"TERMINAL","LOW",
89023,"Hotan_VOR-DME_CN","HTN","Hotan","VOR-DME",113100,37.03670120239258,79.87169647216797,4685,"CN",113100,"078X",,,,,2.216,"BOTH","HIGH","ZWTN"
89026,"Hampton_VORTAC_US","HTO","Hampton","VORTAC",113600,40.91899871826172,-72.31670379638672,30,"US",113600,"083X",,,,-13.001,-14.134,"BOTH","HIGH",
89029,"Hat_Yai_VOR-DME_TH","HTY","Hat Yai","VOR-DME",115300,6.934100151062012,100.38800048828125,122,"TH",115300,"100X",,,,0.007,-0.203,"BOTH","HIGH","VTSS"
89038,"Hobby_VOR-DME_US","HUB","Hobby","VOR-DME",117100,29.65559959411621,-95.27660369873047,82,"US",117100,"118X",,,,5.008,3.505,"BOTH","HIGH","KHOU"
89039,"Phubai_VOR-DME_VN","HUE","Phubai","VOR-DME",115800,16.401100158691406,107.7030029296875,44,"VN",115800,"105X",,,,-1.011,-0.492,"BOTH","HIGH","VVPB"
89040,"Hughenden_VOR_AU","HUG","Hughenden","VOR",112400,-20.814199447631836,144.22300720214844,1043,"AU",,,,,,8.011,7.238,"BOTH","HIGH","YHUG"
89042,"Whatcom_VORTAC_US","HUH","Whatcom","VORTAC",113000,48.9453010559082,-122.5790023803711,84,"US",113000,"077X",,,,20.001,18.115,"BOTH","HIGH","KBLI"
89043,"Huldenberg_VOR-DME_BE","HUL","Huldenberg","VOR-DME",117550,50.7494010925293,4.641670227050781,335,"BE",117550,"122Y",,,,-1.007,-0.306,"BOTH","HIGH","EBBE"
89044,"Houlton_VOR-DME_US","HUL","Houlton","VOR-DME",116100,46.03950119018555,-67.83419799804688,860,"US",116100,"108X",,,,-21.001,-18.129,"BOTH","HIGH",
89047,"Huguenot_VOR-DME_US","HUO","Huguenot","VOR-DME",116100,41.409698486328125,-74.59159851074219,1300,"US",116100,"108X",,,,-11.001,-13.037,"BOTH","HIGH",
89048,"Hudspeth_VORTAC_US","HUP","Hudspeth","VORTAC",115000,31.568700790405273,-105.3759994506836,4390,"US",115000,"097X",,,,12.012,8.565,"LO","MEDIUM",
89049,"Huairou_VOR-DME_CN","HUR","Huairou","VOR-DME",113600,40.33000183105469,116.74800109863281,127,"CN",113600,"083X",,,,,-6.29,"BOTH","HIGH",
89052,"Hutchinson_VOR-DME_US","HUT","Hutchinson","VOR-DME",116800,37.99689865112305,-97.93419647216797,1531,"US",116800,"115X",,,,9.001,5.199,"LO","MEDIUM","KHUT"
89053,"Hutton_VOR-DME_US","HUW","Hutton","VOR-DME",111600,36.87139892578125,-91.9000015258789,1220,"US",111600,"053X",,,,2.008,1.068,"BOTH","MEDIUM",
89054,"Huatulco_VOR-DME_MX","HUX","Huatulco","VOR-DME",113200,15.777799606323242,-96.26139831542969,464,"MX",113200,"079X",,,,7.005,5.049,"BOTH","HIGH","MMBT"
89055,"Huayuan_VOR-DME_CN","HUY","Huayuan","VOR-DME",112000,28.57670021057129,109.447998046875,3983,"CN",112000,"057X",,,,,-2.324,"BOTH","MEDIUM",
89059,"Hanksville_VORTAC_US","HVE","Hanksville","VORTAC",115900,38.41680145263672,-110.69999694824219,4430,"US",115900,"106X",,,,15.001,11.57,"BOTH","HIGH",
89060,"New_Haven_VOR-DME_US","HVN","New Haven","VOR-DME",109800,41.262298583984375,-72.88520050048828,13,"US",109800,"035X",,,,-13.001,-14.014,"TERMINAL","LOW","KHVN"
89061,"Charleston_VORTAC_US","HVQ","Charleston","VORTAC",117400,38.349700927734375,-81.7698974609375,1100,"US",117400,"121X",,,,-3.001,-7.047,"BOTH","HIGH","KCRW"
89062,"Havre_VOR-DME_US","HVR","Havre","VOR-DME",111800,48.54050064086914,-109.7699966430664,2580,"US",111800,"055X",,,,16.001,13.292,"LO","MEDIUM","KHVR"
89071,"Hakodate_VOR-DME_JP","HWE","Hakodate","VOR-DME",112300,41.77399826049805,140.83200073242188,300,"JP",112300,"070X",,,,-9.011,-8.51,"BOTH","HIGH","RJCH"
89084,"Yokosuka_VOR-DME_JP","HYE","Yokosuka","VOR-DME",116200,35.25579833984375,139.58799743652344,490,"JP",116200,"109X",,,,-7.011,-6.479,"LO","HIGH",
89086,"Lexington_VORTAC_US","HYK","Lexington","VORTAC",112600,37.966400146484375,-84.47250366210938,1039,"US",112600,"073X",,,,0.001,-4.524,"BOTH","MEDIUM","KLEX"
89087,"El_Nido_VOR-DME_US","HYP","El Nido","VOR-DME",114200,37.219398498535156,-120.4000015258789,182,"US",114200,"089X",,,,15.001,14.168,"LO","MEDIUM",
89088,"Hayward_VOR-DME_US","HYR","Hayward","VOR-DME",113400,46.01900100708008,-91.44640350341797,1207,"US",113400,"081X",,,,3.001,-0.341,"LO","MEDIUM",
89089,"Hays_VORTAC_US","HYS","Hays","VORTAC",110400,38.847599029541016,-99.27680206298828,2020,"US",110400,"041X",,,,10.001,6.127,"BOTH","MEDIUM",
89096,"Hazleton_VOR_US","HZL","Hazleton","VOR",109400,40.975101470947266,-76.12580108642578,1709,"US",,,,,,-9.002,-11.56,"TERMINAL","LOW",
89097,"Hazen_VORTAC_US","HZN","Hazen","VORTAC",114100,39.51639938354492,-118.99800109863281,4080,"US",114100,"088X",,,,17.001,14.355,"LO","MEDIUM","KNFL"
89106,"Bria_VOR_CF","IA","Bria","VOR",113500,6.526000022888184,21.989200592041016,1991,"CF",,,,,,,0.282,"BOTH","LOW","FEFR"
89116,"Humble_VORTAC_US","IAH","Humble","VORTAC",116600,29.956899642944336,-95.345703125,90,"US",116600,"113X",,,,5.008,3.522,"BOTH","HIGH",
89124,"Ibadan_VOR-DME_NG","IBA","Ibadan","VOR-DME",112100,7.347439765930176,3.9657199382781982,748,"NG",112100,"058X",,,,,-3.092,"BOTH","HIGH","DNIB"
89125,"Ibiza_VOR-DME_ES","IBA","Ibiza","VOR-DME",117800,38.86830139160156,1.3659100532531738,30,"ES",117800,"125X",38.8684,1.36596,30,,-0.432,"LO","LOW","LEIB"
89127,"Ibague_VOR-DME_CO","IBG","Ibague","VOR-DME",112000,4.396470069885254,-75.1072998046875,2808,"CO",112000,"057X",,,,-4.007,-4.528,"LO","HIGH","SKIB"
89141,"Icheon_VOR_KR","ICN","Icheon","VOR",117200,37.201698303222656,127.48300170898438,255,"KR",,,,,,-8.011,-7.447,"BOTH","LOW","RKRN"
89142,"Curico_VOR-DME_CL","ICO","Curico","VOR-DME",114700,-34.96780014038086,-71.2157974243164,6036,"CL",114700,"094X",,,,5.005,4.463,"BOTH","HIGH","SCIC"
89144,"Wichita_VORTAC_US","ICT","Wichita","VORTAC",113800,37.74530029296875,-97.58380126953125,1471,"US",113800,"085X",,,,7.001,5.061,"BOTH","HIGH","KICT"
89153,"Idaho_Falls_VOR-DME_US","IDA","Idaho Falls","VOR-DME",113850,43.51900100708008,-112.06400299072266,4724,"US",113850,"085Y",,,,15.001,13.279,"LO","MEDIUM","KIDA"
89156,"Industry_VORTAC_US","IDU","Industry","VORTAC",110200,29.956100463867188,-96.56220245361328,419,"US",110200,"039X",,,,8.008,4.346,"LO","MEDIUM",
89167,"Kingfisher_VORTAC_US","IFI","Kingfisher","VORTAC",114700,35.805301666259766,-98.00389862060547,1110,"US",114700,"094X",,,,9.001,5.229,"BOTH","HIGH",
89170,"Tift_Myers_VOR_US","IFM","Tift Myers","VOR",112500,31.428699493408203,-83.48889923095703,350,"US",,,,,,-1.001,-4.195,"LO","LOW",
89177,"Bigbee_VORTAC_US","IGB","Bigbee","VORTAC",116200,33.48550033569336,-88.51360321044922,240,"US",116200,"109X",,,,4.001,-0.597,"BOTH","MEDIUM","KCBM"
89180,"Kingman_VOR-DME_US","IGM","Kingman","VOR-DME",108800,35.260501861572266,-113.93399810791016,3410,"US",108800,"025X",,,,15.001,12.232,"BOTH","MEDIUM",
89181,"Kingston_VOR-DME_US","IGN","Kingston","VOR-DME",117600,41.66550064086914,-73.82230377197266,580,"US",117600,"123X",,,,-12.004,-13.37,"BOTH","MEDIUM","KSWF"
89182,"Igarka_VOR-DME_RU","IGR","Igarka","VOR-DME",112300,67.43000030517578,86.6417007446289,82,"RU",112300,"070X",,,,18.007,17.006,"BOTH","HIGH",
89183,"Cataratas_Del_Iguazu_VOR-DME_AR","IGU","Cataratas Del Iguazu","VOR-DME",114100,-25.734500885009766,-54.48569869995117,935,"AR",114100,"088X",,,,-12.007,-14.157,"BOTH","HIGH","SARI"
89185,"In_Guezzam_VOR_DZ","IGZ","In Guezzam","VOR",113400,19.563600540161133,5.733890056610107,1312,"DZ",,,,,,,-0.438,"BOTH","HIGH","DATG"
89188,"Indian_Head_VORTAC_US","IHD","Indian Head","VORTAC",108200,39.97420120239258,-79.3583984375,2820,"US",108200,"019X",,,,-6.002,-9.206,"BOTH","MEDIUM",
89195,"Indore_VOR-DME_IN","IID","Indore","VOR-DME",116700,22.72279930114746,75.80670166015625,1849,"IN",116700,"114X",,,,0.011,-0.195,"BOTH","HIGH","VAID"
89197,"Kipnuk_VOR-DME_US","IIK","Kipnuk","VOR-DME",115900,59.94279861450195,-164.03399658203125,0,"US",115900,"106X",,,,17.001,13.359,"BOTH","LOW","PAKI"
89198,"Imphal_VOR-DME_IN","IIM","Imphal","VOR-DME",115900,24.76759910583496,93.90440368652344,2536,"IN",115900,"106X",,,,0.011,-0.331,"BOTH","LOW","VEIM"
89199,"Hipsher_VOR-DME_US","IIP","Hipsher","VOR-DME",108600,42.67610168457031,-105.22599792480469,4900,"US",108600,"023X",,,,12.001,10.031,"LO","MEDIUM",
89200,"Louisville_VORTAC_US","IIU","Louisville","VORTAC",114800,38.10350036621094,-85.57740020751953,720,"US",114800,"095X",,,,1.001,-4.014,"BOTH","HIGH","KLOU"
89206,"Jacksonville_VOR-DME_US","IJX","Jacksonville","VOR-DME",108600,39.77640151977539,-90.23870086669922,615,"US",108600,"023X",,,,2.001,-0.327,"TERMINAL","LOW",
89210,"Imam_Khomeini_VOR-DME_IR","IKA","Imam Khomeini","VOR-DME",114300,35.409698486328125,51.17850112915039,3271,"IR",114300,"090X",,,,3.501,3.588,"BOTH","HIGH","OIIE"
89212,"Iki_VOR-DME_JP","IKE","Iki","VOR-DME",113200,33.747501373291016,129.77699279785156,219,"JP",113200,"079X",,,,-7.011,-6.486,"BOTH","HIGH","RJDB"
89213,"Kankakee_VOR-DME_US","IKK","Kankakee","VOR-DME",111600,41.07440185546875,-87.84980010986328,625,"US",111600,"053X",,,,0.001,-2.455,"LO","MEDIUM","KIKK"
89217,"Ilorin_VOR-DME_NG","IL","Ilorin","VOR-DME",112300,8.3883695602417,4.430880069732666,1266,"NG",112300,"070X",,,,,-2.484,"BOTH","HIGH","DNIL"
89226,"Williams_VORTAC_US","ILA","Williams","VORTAC",114400,39.07109832763672,-122.0270004272461,50,"US",114400,"091X",,,,18.001,15.026,"LO","MEDIUM",
89227,"Bistrica_VOR-DME_SI","ILB","Bistrica","VOR-DME",114800,45.56560134887695,14.170900344848633,1962,"SI",114800,"095X",,,,0.007,2.126,"BOTH","HIGH",
89229,"Wilson_Creek_VORTAC_US","ILC","Wilson Creek","VORTAC",116300,38.25019836425781,-114.39399719238281,9318,"US",116300,"110X",,,,16.001,13.078,"BOTH","HIGH",
89232,"Willmar_VOR-DME_US","ILL","Willmar","VOR-DME",113700,45.11750030517578,-95.0905990600586,1120,"US",113700,"084X",,,,4.001,2.499,"TERMINAL","LOW",
89233,"Wilmington_VORTAC_US","ILM","Wilmington","VORTAC",117000,34.35169982910156,-77.87439727783203,20,"US",117000,"117X",,,,-7.001,-8.549,"BOTH","HIGH","KILM"
89234,"Ilam_VOR-DME_IR","ILM","Ilam","VOR-DME",112600,33.578399658203125,46.415401458740234,4426,"IR",112600,"073X",,,,3.001,3.487,"BOTH","HIGH","OICI"
89238,"Ilo_VOR_PE","ILO","Ilo","VOR",112500,-17.691099166870117,-71.35060119628906,72,"PE",,,,,,,-2.409,"BOTH","HIGH","SPLO"
89239,"Wildhorse_VOR-DME_US","ILR","Wildhorse","VOR-DME",113800,43.593101501464844,-118.95500183105469,4140,"US",113800,"085X",,,,18.001,15.407,"LO","MEDIUM",
89241,"Illizi_VOR_DZ","ILZ","Illizi","VOR",115600,26.72330093383789,8.654439926147461,,"DZ",,,,,,0.007,0.248,"BOTH","HIGH","DAAP"
89247,"Kimberly_VORTAC_US","IMB","Kimberly","VORTAC",115600,44.648399353027344,-119.71199798583984,5220,"US",115600,"103X",,,,20.001,16.098,"BOTH","HIGH",
89248,"Iwami_VOR-DME_JP","IME","Iwami","VOR-DME",115050,34.67620086669922,131.77999877929688,221,"JP",115050,"097Y",,,,-7.011,-7.088,"BOTH","HIGH","RJOW"
89252,"In_Amenas_VOR-DME_DZ","IMN","In Amenas","VOR-DME",112900,28.06999969482422,9.66528034210205,1870,"DZ",112900,"076X",,,,0.007,0.403,"BOTH","HIGH","DAUZ"
89253,"Izmir_VOR-DME_TR","IMR","Izmir","VOR-DME",113700,38.31719970703125,27.007200241088867,3304,"TR",113700,"084X",,,,0.007,3.428,"BOTH","HIGH",
89256,"Iron_Mountain_VOR-DME_US","IMT","Iron Mountain","VOR-DME",111200,45.816001892089844,-88.11209869384766,1130,"US",111200,"049X",,,,-2.001,-3.38,"LO","MEDIUM",
89257,"Indramayu_VOR-DME_ID","IMU","Indramayu","VOR-DME",116400,-6.304200172424316,108.33899688720703,3,"ID",116400,"111X",,,,1.007,0.572,"BOTH","HIGH",
89266,"Winnemucca_VOR-DME_US","INA","Winnemucca","VOR-DME",108200,40.89929962158203,-117.81199645996094,4302,"US",108200,"019X",,,,16.001,14.404,"LO","LOW",
89267,"Inebolu_VOR-DME_TR","INB","Inebolu","VOR-DME",113300,41.95140075683594,33.70610046386719,2113,"TR",113300,"080X",,,,3.007,4.574,"BOTH","HIGH",
89269,"Ingo_VOR-DME_IS","ING","Ingo","VOR-DME",112400,63.8031005859375,-16.638099670410156,8,"IS",112400,"071X",,,,-16.007,-13.556,"BOTH","HIGH",
89272,"Wink_VORTAC_US","INK","Wink","VORTAC",112100,31.874799728393555,-103.24400329589844,2860,"US",112100,"058X",,,,11.012,8.032,"BOTH","HIGH","KINK"
89273,"International_Falls_VORTAC_US","INL","International Falls","VORTAC",111000,48.565799713134766,-93.40570068359375,1180,"US",111000,"047X",,,,6.001,0.474,"LO","MEDIUM","KINL"
89278,"Inverness_VOR-DME_GB","INS","Inverness","VOR-DME",109200,57.542598724365234,-4.041540145874023,58,"GB",109200,"029X",,,,-7.001,-5.071,"LO","MEDIUM","EGPE"
89280,"Winslow_VORTAC_US","INW","Winslow","VORTAC",112600,35.06159973144531,-110.79499816894531,4910,"US",112600,"073X",,,,14.001,11.242,"BOTH","HIGH",
89287,"Isle_Of_Man_VOR-DME_IM","IOM","Isle Of Man","VOR-DME",112200,54.066898345947266,-4.76347017288208,573,"IM",112200,"059X",,,,-6.001,-4.371,"BOTH","HIGH","EGNS"
89289,"Iloilo_VOR-DME_PH","IOO","Iloilo","VOR-DME",116300,10.709500312805176,122.54199981689453,27,"PH",116300,"110X",,,,0.007,-0.343,"BOTH","HIGH","RPVI"
89291,"Puerto_Barrios_VOR-DME_GT","IOS","Puerto Barrios","VOR-DME",115100,15.736800193786621,-88.58879852294922,20,"GT",115100,"098X",,,,,1.251,"BOTH","MEDIUM","MGPB"
89292,"Iowa_City_VORTAC_US","IOW","Iowa City","VORTAC",116200,41.51900100708008,-91.61329650878906,770,"US",116200,"109X",,,,5.001,0.2,"BOTH","HIGH",
89299,"Isla_De_Pascua_VOR-DME_CL","IPA","Isla De Pascua","VOR-DME",117100,-27.16390037536621,-109.40599822998047,719,"CL",117100,"118X",,,,,15.244,"TERMINAL","HIGH","SCIP"
89301,"Ipiales_VOR-DME_CO","IPI","Ipiales","VOR-DME",113600,0.8592029809951782,-77.67320251464844,9763,"CO",113600,"083X",,,,,-2.275,"BOTH","HIGH","SKIP"
89302,"Imperial_VORTAC_US","IPL","Imperial","VORTAC",115900,32.7489013671875,-115.50900268554688,-20,"US",115900,"106X",,,,14.001,12.162,"BOTH","HIGH","KNJK"
89304,"Isparta_VOR-DME_TR","IPT","Isparta","VOR-DME",117500,37.85110092163086,30.358299255371094,2841,"TR",117500,"122X",,,,,4.011,"BOTH","HIGH","LTFC"
89308,"Iquique_VOR-DME_CL","IQQ","Iquique","VOR-DME",113300,-20.37470054626465,-70.17250061035156,261,"CL",113300,"080X",,,,0.007,-2.447,"BOTH","HIGH","SCDA"
89310,"Iquitos_VOR-DME_PE","IQT","Iquitos","VOR-DME",116500,-3.792259931564331,-73.31739807128906,335,"PE",116500,"112X",,,,-3.007,-4.383,"BOTH","HIGH","SPQT"
89317,"Iraklion_VOR-DME_GR","IRA","Iraklion","VOR-DME",108800,35.34080123901367,25.185300827026367,111,"GR",108800,"025X",,,,0.007,3.139,"BOTH","HIGH","LGIR"
89320,"Isla_Rey_Jorge_VOR-DME_AQ","IRJ","Isla Rey Jorge","VOR-DME",113300,-62.190799713134766,-58.98249816894531,135,"AQ",113300,"080X",,,,12.011,11.21,"BOTH","HIGH","SCRM"
89323,"Kirksville_VORTAC_US","IRK","Kirksville","VORTAC",114600,40.1349983215332,-92.5916976928711,985,"US",114600,"093X",,,,6.001,1.182,"BOTH","HIGH","KIRK"
89324,"Irkutsk_VOR-DME_RU","IRK","Irkutsk","VOR-DME",112300,52.27000045776367,104.38800048828125,1673,"RU",112300,"070X",,,,-2.507,-3.048,"BOTH","HIGH","UIII"
89327,"Colliers_VORTAC_US","IRQ","Colliers","VORTAC",113900,33.707401275634766,-82.16210174560547,428,"US",113900,"086X",,,,-4.001,-5.438,"BOTH","HIGH","KAGS"
89329,"Will_Rogers_VORTAC_US","IRW","Will Rogers","VORTAC",114100,35.35860061645508,-97.60919952392578,1230,"US",114100,"088X",,,,7.001,5.082,"BOTH","HIGH",
89342,"Winner_VOR_US","ISD","Winner","VOR",112800,43.48789978027344,-99.76139831542969,2355,"US",,,,,,8.001,6.36,"LO","MEDIUM","5P5"
89345,"Williston_VORTAC_US","ISN","Williston","VORTAC",116300,48.253299713134766,-103.7509994506836,2372,"US",116300,"110X",,,,12.001,9.411,"BOTH","MEDIUM",
89346,"Esfahan_VOR-DME_IR","ISN","Esfahan","VOR-DME",113200,32.74700164794922,51.827999114990234,5072,"IR",113200,"079X",,,,3.001,3.183,"BOTH","HIGH","OIFM"
89347,"Kinston_VORTAC_US","ISO","Kinston","VORTAC",109600,35.37099838256836,-77.55829620361328,70,"US",109600,"033X",,,,-5.001,-9.235,"BOTH","MEDIUM","DE-0904"
89348,"Schoolcraft_Co_VOR-DME_US","ISQ","Schoolcraft Co","VOR-DME",110400,45.976200103759766,-86.17340087890625,680,"US",110400,"041X",,,,-5.001,-5.29,"LO","LOW",
89349,"Iran_Shahr_VOR-DME_IR","ISR","Iran Shahr","VOR-DME",117000,27.234399795532227,60.7223014831543,1960,"IR",117000,"117X",,,,1.001,1.208,"BOTH","HIGH","OIZI"
89352,"Istanbul_VORTAC_TR","IST","Istanbul","VORTAC",112500,40.962501525878906,28.80970001220703,108,"TR",112500,"072X",,,,2.007,4.143,"BOTH","HIGH","LTBA"
89357,"Pointe_Noire_VOR_CG","IT","Pointe Noire","VOR",114100,-4.8232197761535645,11.887399673461914,55,"CG",,,,,,,-4.284,"BOTH","HIGH","FCPP"
89361,"Las_Lomitas_VOR_AR","ITA","Las Lomitas","VOR",112200,-24.736099243164062,-60.54389953613281,426,"AR",,,,,,-8.007,-9.392,"LO","HIGH","SATK"
89364,"Ithaca_VOR-DME_US","ITH","Ithaca","VOR-DME",111800,42.494998931884766,-76.45970153808594,1110,"US",111800,"055X",,,,-10.001,-12.132,"LO","MEDIUM",
89365,"Chilecito_VOR_AR","ITO","Chilecito","VOR",116500,-29.21109962463379,-67.44249725341797,3099,"AR",,,,,,,-1.309,"HI","HIGH","SANO"
89366,"Hilo_VORTAC_US","ITO","Hilo","VORTAC",116900,19.72130012512207,-155.01100158691406,23,"US",116900,"116X",,,,11.001,9.549,"BOTH","HIGH","PHTO"
89381,"Ivano_Frankivsk_VOR-DME_UA","IVF","Ivano Frankivsk","VOR-DME",114200,48.884700775146484,24.689899444580078,937,"UA",114200,"089X",,,,,4.442,"BOTH","HIGH","UKLI"
89388,"Willie_VORTAC_US","IWA","Willie","VORTAC",113300,33.303199768066406,-111.6510009765625,1370,"US",113300,"080X",,,,13.001,11.206,"LO","MEDIUM","KIWA"
89389,"Kuga_VORTAC_JP","IWC","Kuga","VORTAC",114300,34.079498291015625,132.14700317382812,2145,"JP",114300,"090X",34.0799,132.147,2145,-7.011,-6.569,"BOTH","HIGH",
89390,"Ironwood_VORTAC_US","IWD","Ironwood","VORTAC",108800,46.53229904174805,-90.12580108642578,1230,"US",108800,"025X",,,,1.001,-1.553,"LO","MEDIUM",
89398,"Iwaki_VOR-DME_JP","IXE","Iwaki","VOR-DME",117700,37.14889907836914,140.9759979248047,534,"JP",117700,"124X",,,,-7.011,-7.148,"BOTH","HIGH",
89407,"Izki_VOR-DME_OM","IZK","Izki","VOR-DME",113500,22.888500213623047,57.76190185546875,1676,"OM",113500,"082X",,,,0.007,0.502,"BOTH","HIGH",
89411,"Ixtepec_VOR-DME_MX","IZT","Ixtepec","VOR-DME",112200,16.463899612426758,-95.09510040283203,164,"MX",112200,"059X",,,,7.007,4.321,"BOTH","HIGH","MMIT"
89425,"Jablonka_VOR-DME_PL","JAB","Jablonka","VOR-DME",116400,49.4828987121582,19.678600311279297,2264,"PL",116400,"111X",,,,3.007,3.406,"BOTH","HIGH",
89427,"Jacareacanga_VOR-DME_BR","JAC","Jacareacanga","VOR-DME",112200,-6.23567008972168,-57.77050018310547,323,"BR",112200,"059X",,,,-14.007,-15.276,"BOTH","HIGH","SBEK"
89428,"Jackson_VOR-DME_US","JAC","Jackson","VOR-DME",115400,43.62099838256836,-110.73200225830078,6452,"US",115400,"101X",43.6214,-110.733,6452,13.006,12.559,"LO","MEDIUM","KJAC"
89430,"Jalalabad_VOR-DME_IN","JAL","Jalalabad","VOR-DME",115800,27.694299697875977,79.65560150146484,472,"IN",115800,"105X",,,,0.011,0.232,"BOTH","HIGH",
89431,"Jam_VOR-DME_IR","JAM","Jam","VOR-DME",116800,27.821800231933594,52.342899322509766,2173,"IR",116800,"115X",,,,,2.165,"BOTH","HIGH","OIBJ"
89433,"Jackson_VORTAC_US","JAN","Jackson","VORTAC",112600,32.50749969482422,-90.1677017211914,360,"US",112600,"073X",32.5075,-90.1676,360,5.001,0.188,"BOTH","HIGH","KJAN"
89434,"Janovce_VOR-DME_SK","JAN","Janovce","VOR-DME",110800,48.1786003112793,17.544700622558594,423,"SK",110800,"045X",,,,1.007,3.048,"BOTH","HIGH","LZIB"
89438,"Austin_VOR-DME_US","JAY","Austin","VOR-DME",108200,43.57630157470703,-92.9197006225586,1232,"US",108200,"019X",,,,3.001,1.092,"TERMINAL","LOW",
89448,"Djerba_VOR-DME_TN","JBA","Djerba","VOR-DME",112200,33.877201080322266,10.771400451660156,33,"TN",112200,"059X",,,,0.007,1.113,"BOTH","HIGH","DTTJ"
89449,"Jubail_VOR-DME_SA","JBL","Jubail","VOR-DME",112900,27.039400100708008,49.407100677490234,25,"SA",112900,"076X",,,,,2.273,"BOTH","HIGH","OEJB"
89451,"Jonesboro_VOR-DME_US","JBR","Jonesboro","VOR-DME",108600,35.874900817871094,-90.5885009765625,247,"US",108600,"023X",,,,2.001,0.144,"TERMINAL","LOW","KJBR"
89456,"Junction_VORTAC_US","JCT","Junction","VORTAC",116000,30.597999572753906,-99.81749725341797,2280,"US",116000,"107X",,,,8.012,6.201,"BOTH","HIGH",
89457,"Jacobs_Well_VOR_AU","JCW","Jacobs Well","VOR",116500,-27.76140022277832,153.33399963378906,,"AU",,,,,,11.007,11.171,"BOTH","HIGH",
89462,"Jedong_VOR-DME_KR","JDG","Jedong","VOR-DME",117900,33.39739990234375,126.70999908447266,1171,"KR",117900,"126X",,,,-6.011,-6.306,"BOTH","LOW","RKPD"
89466,"King Abdulaziz_VORTAC_SA","JDW","King Abdulaziz","VORTAC",115300,21.679100036621,39.166198730469,28,"SA",114900,"096X",,,,1,2.5,"BOTH","HIGH","OEJN"
89468,"Miho_VORTAC_JP","JEC","Miho","VORTAC",116700,35.53110122680664,133.093994140625,1700,"JP",116700,"114X",,,,-7.011,-7.25,"BOTH","HIGH","RJOH"
89469,"Jedow_VOR-DME_PL","JED","Jedow","VOR-DME",115600,50.647300720214844,20.25119972229004,984,"PL",115600,"103X",,,,2.007,3.562,"BOTH","HIGH",
89470,"Glen_Rose_VORTAC_US","JEN","Glen Rose","VORTAC",115000,32.15959930419922,-97.87770080566406,1300,"US",115000,"097X",,,,6.01,5.183,"BOTH","MEDIUM",
89475,"Kennedy_VOR-DME_US","JFK","Kennedy","VOR-DME",115900,40.63290023803711,-73.77140045166016,11,"US",115900,"106X",,,,-12.001,-13.182,"BOTH","HIGH","KJFK"
89476,"Jefferson_VOR-DME_US","JFN","Jefferson","VOR-DME",115200,41.760101318359375,-80.74810028076172,900,"US",115200,"099X",,,,-5.001,-8.491,"LO","MEDIUM",
89484,"Ganlanba_VOR-DME_CN","JHG","Ganlanba","VOR-DME",112500,21.863300323486328,100.93199920654297,1850,"CN",112500,"072X",,,,,-0.551,"BOTH","HIGH","ZPJH"
89488,"Jorhat_VOR-DME_IN","JHT","Jorhat","VOR-DME",112100,26.701900482177734,94.14869689941406,284,"IN",112100,"058X",,,,0.011,-0.288,"BOTH","HIGH","VEJT"
89489,"Jamestown_VOR-DME_US","JHW","Jamestown","VOR-DME",114700,42.1885986328125,-79.12129974365234,1790,"US",114700,"094X",,,,-7.001,-10.123,"BOTH","HIGH",
89490,"Jiwani_VOR-DME_PK","JI","Jiwani","VOR-DME",112700,25.063899993896484,61.79560089111328,227,"PK",112700,"074X",,,,0.007,0.497,"BOTH","MEDIUM",
89492,"Jingning_VOR-DME_CN","JIG","Jingning","VOR-DME",113700,35.52830123901367,105.72000122070312,5479,"CN",113700,"084X",,,,,-2.319,"BOTH","HIGH",
89493,"Jijel_VOR-DME_DZ","JIL","Jijel","VOR-DME",117900,36.77669906616211,5.877220153808594,49,"DZ",117900,"126X",,,,,0.218,"BOTH","HIGH","DAAV"
89495,"Jabalpur_VOR-DME_IN","JJB","Jabalpur","VOR-DME",113600,23.17919921875,80.06079864501953,1624,"IN",113600,"083X",,,,,-0.212,"BOTH","MEDIUM","VAJB"
89497,"Jodhpur_VOR-DME_IN","JJO","Jodhpur","VOR-DME",112300,26.233600616455078,73.04930114746094,717,"IN",112300,"070X",,,,0.011,0.238,"BOTH","HIGH","VIJO"
89498,"Jaipur_VOR-DME_IN","JJP","Jaipur","VOR-DME",112900,26.824899673461914,75.80069732666016,1263,"IN",112900,"076X",,,,0.011,0.236,"BOTH","HIGH","VIJP"
89499,"Jamshedpur_VOR-DME_IN","JJS","Jamshedpur","VOR-DME",115400,22.812400817871094,86.1676025390625,475,"IN",115400,"101X",,,,0.011,-0.302,"BOTH","HIGH","VEJS"
89500,"Jammu_VOR-DME_IN","JJU","Jammu","VOR-DME",113300,32.69160079956055,74.83760070800781,1029,"IN",113300,"080X",,,,2.011,1.42,"BOTH","HIGH","VIJU"
89503,"Jacks_Creek_VOR-DME_US","JKS","Jacks Creek","VOR-DME",109400,35.5989990234375,-88.35890197753906,630,"US",109400,"031X",,,,2.001,-1.245,"LO","MEDIUM",
89509,"Julian_VORTAC_US","JLI","Julian","VORTAC",114000,33.140499114990234,-116.58599853515625,5560,"US",114000,"087X",,,,15.001,12.349,"BOTH","MEDIUM",
89512,"Jambi_VOR-DME_ID","JMB","Jambi","VOR-DME",117500,-1.6360399723052979,103.6449966430664,82,"ID",117500,"122X",,,,0.007,0.162,"BOTH","HIGH","WIPA"
89513,"Jamnagar_VOR-DME_IN","JMR","Jamnagar","VOR-DME",115000,22.468599319458008,70.17109680175781,49,"IN",115000,"097X",,,,,-0.105,"BOTH","MEDIUM","VAJM"
89515,"Jamestown_VOR-DME_US","JMS","Jamestown","VOR-DME",114500,46.932899475097656,-98.67880249023438,1490,"US",114500,"092X",,,,10.001,5.439,"LO","MEDIUM","KJMS"
89516,"Jiamusi_VOR-DME_CN","JMU","Jiamusi","VOR-DME",113500,46.83829879760742,130.46200561523438,289,"CN",113500,"082X",,,,,-11.044,"BOTH","HIGH","ZYJM"
89519,"Jurien_Bay_VOR_AU","JNB","Jurien Bay","VOR",112000,-30.31329917907715,115.05400085449219,,"AU",,,,,,-1.007,-1.265,"BOTH","HIGH",
89520,"Grand_Junction_VORTAC_US","JNC","Grand Junction","VORTAC",112400,39.059600830078125,-108.79299926757812,7100,"US",112400,"071X",,,,15.001,11.182,"BOTH","HIGH","KGJT"
89523,"Josie_VOR-DME_FI","JNS","Josie","VOR-DME",115700,62.660499572753906,29.61050033569336,413,"FI",115700,"104X",,,,7.007,9.455,"RNAV","HIGH","EFJO"
89524,"Joinville_VOR-DME_BR","JNV","Joinville","VOR-DME",115100,-26.222299575805664,-48.79800033569336,15,"BR",115100,"098X",,,,,-18.004,"BOTH","HIGH","SBJV"
89526,"Palma_De_Mallorca_VOR-DME_ES","JOA","Palma De Mallorca","VOR-DME",117700,39.564701080322266,2.7466299533843994,26,"ES",117700,"124X",39.5647,2.74658,26,,-0.228,"LO","LOW",
89529,"Yogyakarta_VOR-DME_ID","JOG","Yogyakarta","VOR-DME",112800,-7.80033016204834,110.30899810791016,350,"ID",112800,"075X",,,,-1.007,1.113,"BOTH","HIGH","WARJ"
89530,"Johnstone_Point_VOR-DME_US","JOH","Johnstone Point","VOR-DME",116700,60.48099899291992,-146.5989990234375,47,"US",116700,"114X",,,,27.001,21.139,"BOTH","HIGH",
89531,"Jomalig_VOR-DME_PH","JOM","Jomalig","VOR-DME",116700,14.704899787902832,122.33000183105469,77,"PH",116700,"114X",,,,0.007,-1.23,"BOTH","HIGH","RPLJ"
89532,"Jonkoping_VOR-DME_SE","JON","Jonkoping","VOR-DME",115800,57.760398864746094,14.065400123596191,772,"SE",115800,"105X",,,,2.001,2.338,"BOTH","HIGH","ESGJ"
89533,"Jos_VOR-DME_NG","JOS","Jos","VOR-DME",113100,9.642189979553223,8.843000411987305,4260,"NG",113100,"078X",,,,,-1.363,"BOTH","HIGH","DNJO"
89534,"Joliet_VORTAC_US","JOT","Joliet","VORTAC",112300,41.5463981628418,-88.31839752197266,593,"US",112300,"070X",,,,2.001,-2.273,"BOTH","HIGH",
89537,"Jayapura_VOR-DME_ID","JPA","Jayapura","VOR-DME",116200,-2.578389,140.516667,289,"ID",116200,"109X",,,,4,3.6,"BOTH","HIGH","WAJJ"
89542,"Parkersburg_VORTAC_US","JPU","Parkersburg","VORTAC",108600,39.441200256347656,-81.37480163574219,1030,"US",108600,"023X",,,,-3.001,-7.399,"LO","MEDIUM","KPKB"
89552,"Jerez_VOR-DME_ES","JRZ","Jerez","VOR-DME",113000,36.81520080566406,-6.0265398025512695,285,"ES",113000,"077X",36.8153,-6.02629,312,,-2.467,"TERMINAL","LOW","LEJR"
89559,"Jessore_VOR_BD","JSR","Jessore","VOR",113000,23.17690086364746,89.16310119628906,20,"BD",,,,,,0.011,-0.307,"BOTH","HIGH","VGJR"
89560,"Johnstown_VORTAC_US","JST","Johnstown","VORTAC",113000,40.31669998168945,-78.83419799804688,2280,"US",113000,"077X",,,,-6.002,-9.498,"BOTH","MEDIUM","KJST"
89562,"Johannesburg_VOR-DME_ZA","JSV","Johannesburg","VOR-DME",115200,-26.157100677490234,28.231000900268555,5558,"ZA",115200,"099X",,,,-17.007,-17.502,"BOTH","HIGH","FAOR"
89563,"Jersey_VOR-DME_JE","JSY","Jersey","VOR-DME",112200,49.221099853515625,-2.046109914779663,276,"JE",112200,"059X",,,,-4.001,-2.387,"BOTH","HIGH","EGJJ"
89567,"Jingtai_VOR-DME_CN","JTA","Jingtai","VOR-DME",114900,37.19499969482422,104.08000183105469,5353,"CN",114900,"096X",,,,,-2.122,"BOTH","HIGH",
89568,"Jintang_VOR-DME_CN","JTG","Jintang","VOR-DME",115400,30.871700286865234,104.39299774169922,1619,"CN",115400,"101X",,,,,-1.509,"BOTH","HIGH",
89569,"Jiuting_VOR-DME_CN","JTN","Jiuting","VOR-DME",109600,31.125,121.33999633789062,98,"CN",109600,"033X",,,,,-5.141,"BOTH","HIGH","ZSSS"
89571,"San_Juan_VOR-DME_AR","JUA","San Juan","VOR-DME",113100,-31.563899993896484,-68.42140197753906,1959,"AR",113100,"078X",,,,2.007,0.316,"BOTH","HIGH","SANU"
89572,"Juba_VOR-DME_SS","JUB","Juba","VOR-DME",113300,4.8886599540699995,31.5814990997,1513,"SS",113300,"080X",,,,,1.231,"BOTH","HIGH","HJJJ"
89575,"Jujuy_VOR-DME_AR","JUJ","Jujuy","VOR-DME",112900,-24.393600463867188,-65.0927963256836,3000,"AR",112900,"076X",,,,-4.007,-5.442,"BOTH","HIGH","SASJ"
89577,"Juliaca_VOR-DME_PE","JUL","Juliaca","VOR-DME",115550,-15.468099594116211,-70.1511001586914,12552,"PE",115550,"102Y",,,,-2.007,-4.208,"BOTH","HIGH","SPJL"
89582,"Janesville_VOR-DME_US","JVL","Janesville","VOR-DME",114300,42.55799865722656,-89.10530090332031,900,"US",114300,"090X",,,,3.001,-1.587,"LO","MEDIUM",
89587,"Elmwood_VOR-DME_US","JWJ","Elmwood","VOR-DME",109400,42.11140060424805,-92.90889739990234,981,"US",109400,"031X",,,,3.001,1.199,"LO","MEDIUM",
89593,"Jackson_VOR-DME_US","JXN","Jackson","VOR-DME",109600,42.25920104980469,-84.45850372314453,1000,"US",109600,"033X",,,,-5.001,-5.553,"BOTH","MEDIUM","KJXN"
89601,"Junior_VOR-DME_US","JYU","Junior","VOR-DME",113600,32.344600677490234,-86.99130249023438,160,"US",113600,"083X",,,,-1.001,-1.564,"LO","HIGH",
89620,"Karratha_VOR-DME_AU","KA","Karratha","VOR-DME",117300,-20.71500015258789,116.77400207519531,39,"AU",117300,"120X",,,,1.007,1.245,"BOTH","HIGH","YPKA"
89635,"Kadena_VORTAC_JP","KAD","Kadena","VORTAC",112000,26.356800079345703,127.76799774169922,158,"JP",112000,"057X",,,,-4.011,-4.288,"BOTH","HIGH","RODN"
89636,"Khaldeh_VOR-DME_LB","KAD","Khaldeh","VOR-DME",112600,33.805599212646484,35.48469924926758,87,"LB",112600,"073X",,,,3.007,3.543,"BOTH","HIGH","OLBA"
89639,"Gangwon_VORTAC_KR","KAE","Gangwon","VORTAC",115600,37.700599670410156,128.75399780273438,3360,"KR",115600,"103X",,,,-8.011,-8.003,"BOTH","HIGH","RKNN"
89644,"Kalotina_VOR-DME_BG","KAL","Kalotina","VOR-DME",114500,42.94919967651367,22.875,3150,"BG",114500,"092X",,,,2.007,3.406,"BOTH","HIGH",
89645,"Kalmar_VOR-DME_SE","KAL","Kalmar","VOR-DME",111600,56.68539810180664,16.28420066833496,26,"SE",111600,"053X",,,,2.001,3.194,"RNAV","HIGH","ESMQ"
89647,"Khamis_Mushait_VORTAC_SA","KAM","Khamis Mushait","VORTAC",115900,18.299699783325195,42.790000915527344,6701,"SA",115900,"106X",,,,,2.105,"BOTH","LOW","OEKM"
89648,"Kalamata_VOR-DME_GR","KAM","Kalamata","VOR-DME",112600,37.06639862060547,22.02389907836914,32,"GR",112600,"073X",,,,,2.597,"LO","MEDIUM","LGKL"
89654,"Kano_VOR-DME_NG","KAN","Kano","VOR-DME",112500,12.035799980163574,8.496060371398926,1589,"NG",112500,"072X",,,,,-1.162,"BOTH","HIGH","DNKN"
89657,"Kars_VOR-DME_TR","KAR","Kars","VOR-DME",113800,40.567501068115234,43.12419891357422,5902,"TR",113800,"085X",,,,3.007,5.215,"BOTH","HIGH","LTCF"
89659,"Kastrup_VOR-DME_DK","KAS","Kastrup","VOR-DME",112500,55.59049987792969,12.61359977722168,29,"DK",112500,"072X",,,,2.008,1.584,"BOTH","HIGH","EKCH"
89660,"Kastoria_VOR-DME_GR","KAS","Kastoria","VOR-DME",114500,40.45100021362305,21.275400161743164,2148,"GR",114500,"092X",,,,2.007,3.099,"BOTH","HIGH","LGKA"
89662,"Bandaranaike_VOR-DME_LK","KAT","Bandaranaike","VOR-DME",112700,7.1612701416015625,79.86849975585938,29,"LK",112700,"074X",,,,-3.007,-2.42,"BOTH","HIGH","VCBI"
89664,"Kauhava_VOR-DME_FI","KAU","Kauhava","VOR-DME",112400,63.122501373291016,23.05590057373047,159,"FI",112400,"071X",,,,,7.031,"TERMINAL","LOW","EFKA"
89665,"Kavieng_VOR-DME_PG","KAV","Kavieng","VOR-DME",116400,-2.603830099105835,150.83700561523438,13,"PG",116400,"111X",,,,6.011,6.085,"BOTH","HIGH","AYKV"
89669,"Kayes_VOR-DME_ML","KAY","Kayes","VOR-DME",116700,14.479100227355957,-11.421799659729004,510,"ML",116700,"114X",,,,,-6.214,"BOTH","HIGH","GAKY"
89682,"Kokubu_VOR-DME_JP","KBE","Kokubu","VOR-DME",117300,31.64389991760254,130.8419952392578,1499,"JP",117300,"120X",,,,-6.011,-6.094,"BOTH","HIGH","RJFK"
89684,"Krabi_VOR-DME_TH","KBI","Krabi","VOR-DME",111000,8.107549667358398,98.97750091552734,82,"TH",111000,"047X",,,,0.011,-0.308,"BOTH","HIGH","VTSG"
89685,"Kabul_VOR-DME_AF","KBL","Kabul","VOR-DME",112000,34.54560089111328,69.29039764404297,5879,"AF",112000,"057X",,,,,2.342,"BOTH","MEDIUM","OAKB"
89686,"Koln_Bonn_VOR-DME_DE","KBO","Koln/Bonn","VOR-DME",112150,50.861698150634766,7.145520210266113,311,"DE",112150,"058Y",,,,0.009,0.176,"BOTH","MEDIUM","EDDK"
89688,"Nouakchott_VOR-DME_MR","KC","Nouakchott","VOR-DME",115600,18.0916,-15.9483,6,"MR",115900,"106X",18.0899,-15.9559,,,-7.3,"BOTH","HIGH","MR-0013"
89689,"Karachi_VOR-DME_PK","KC","Karachi","VOR-DME",112100,24.910499572753906,67.17669677734375,124,"PK",112100,"058X",,,,0.007,0.255,"BOTH","HIGH","OPKC"
89696,"Kuqa_VOR-DME_CN","KCA","Kuqa","VOR-DME",114500,41.71670150756836,83,325,"CN",114500,"092X",,,,,3.12,"BOTH","HIGH",
89697,"Nagoya_VORTAC_JP","KCC","Nagoya","VORTAC",114200,35.26530075073242,136.9149932861328,76,"JP",114200,"089X",35.2655,136.915,76,-7.011,-7.068,"BOTH","HIGH",
89698,"Kobe_VOR-DME_JP","KCE","Kobe","VOR-DME",111250,34.63100051879883,135.22799682617188,44,"JP",111250,"049Y",,,,-7.001,-7.017,"BOTH","LOW","RJBE"
89709,"Kaduna_VOR_NG","KDA","Kaduna","VOR",115300,10.68019962310791,7.3014302253723145,2034,"NG",,,,,,,-1.439,"BOTH","HIGH","DNKA"
89710,"Kendari_VOR-DME_ID","KDI","Kendari","VOR-DME",115000,-4.0756402015686035,122.4530029296875,448,"ID",115000,"097X",,,,3.007,1.416,"BOTH","HIGH","WAWW"
89720,"Kea_VOR-DME_GR","KEA","Kea","VOR-DME",115000,37.55720138549805,24.297800064086914,1388,"GR",115000,"097X",,,,1.007,3.192,"BOTH","HIGH",
89721,"Sarajevo_VOR-DME_BA","KEB","Sarajevo","VOR-DME",116700,43.93389892578125,18.449800491333008,5025,"BA",116700,"114X",,,,1.007,2.581,"BOTH","HIGH","LQSA"
89722,"Kushimoto_VORTAC_JP","KEC","Kushimoto","VORTAC",112900,33.44770050048828,135.79400634765625,131,"JP",112900,"076X",33.448,135.794,150,-6.007,-6.35,"BOTH","HIGH",
89723,"Keflavik_VORTAC_IS","KEF","Keflavik","VORTAC",112000,63.986900329589844,-22.61440086364746,146,"IS",112000,"057X",,,,-19.007,-17.26,"BOTH","HIGH","BIKF"
89729,"Kerman_VOR-DME_IR","KER","Kerman","VOR-DME",114200,30.252099990844727,56.96120071411133,5754,"IR",114200,"089X",,,,2.001,2.193,"BOTH","HIGH","OIKK"
89737,"Dammam_VORTAC_SA","KFA","Dammam","VORTAC",112300,26.4975,49.7787,70,"SA",,"072X",,,,,3,"BOTH","HIGH","OEDF"
89739,"Afyon_VOR-DME_TR","KFK","Afyon","VOR-DME",112200,38.80390167236328,30.546899795532227,3323,"TR",112200,"059X",,,,2.007,4.092,"BOTH","HIGH","LTAH"
89741,"Kefallinia_VOR-DME_GR","KFN","Kefallinia","VOR-DME",115500,38.11309814453125,20.50469970703125,32,"GR",115500,"102X",,,,1.007,2.524,"BOTH","HIGH","LGKF"
89742,"Wafra_VOR-DME_KW","KFR","Wafra","VOR-DME",112000,28.620800018310547,47.95819854736328,330,"KW",112000,"057X",,,,,2.507,"BOTH","HIGH",
89743,"Kufra_VOR-DME_LY","KFR","Kufra","VOR-DME",113200,24.15329933166504,23.308300018310547,1367,"LY",113200,"079X",,,,1.007,2.117,"BOTH","HIGH","HLKF"
89745,"Klagenfurt_VOR-DME_AT","KFT","Klagenfurt","VOR-DME",113100,46.597599029541016,14.562299728393555,2279,"AT",113100,"078X",46.5977,14.5624,2279,1.007,2.197,"BOTH","HIGH","LOWK"
89747,"Kalgoorlie_VOR-DME_AU","KG","Kalgoorlie","VOR-DME",114100,-30.78969955444336,121.4530029296875,1203,"AU",114100,"088X",-30.7897,121.453,1213,0.007,1.087,"BOTH","HIGH","YPKG"
89758,"Kajiki_VOR-DME_JP","KGE","Kajiki","VOR-DME",115700,31.797500610351562,130.7259979248047,900,"JP",115700,"104X",,,,-6.011,-6.124,"LO","HIGH","RJFK"
89759,"Bangoka_VOR-DME_CD","KGI","Bangoka","VOR-DME",114500,0.49257799983024597,25.313400268554688,1430,"CD",114500,"092X",,,,,0.099,"BOTH","HIGH","FZIC"
89760,"Kang_VOR_BW","KGV","Kang","VOR",115100,-23.67970085144043,22.819900512695312,3400,"BW",,,,,,-13.007,-13.509,"BOTH","HIGH","FBKG"
89766,"Adiyaman_VOR-DME_TR","KHD","Adiyaman","VOR-DME",113600,37.72420120239258,38.45920181274414,2215,"TR",113600,"083X",,,,,4.349,"BOTH","HIGH","LTCP"
89770,"Kashi_VOR-DME_CN","KHG","Kashi","VOR-DME",115700,39.54669952392578,76.02330017089844,4564,"CN",115700,"104X",,,,,3.322,"BOTH","HIGH","ZWSH"
89771,"El_Kharga_VOR-DME_EG","KHG","El Kharga","VOR-DME",113800,25.448400497436523,30.59079933166504,137,"EG",113800,"085X",,,,2.007,2.571,"BOTH","HIGH","HEKG"
89772,"Khark_Island_VOR-DME_IR","KHG","Khark Island","VOR-DME",113400,29.26460075378418,50.31719970703125,17,"IR",113400,"081X",,,,2.501,2.441,"BOTH","MEDIUM","OIBQ"
89774,"Kahramanmaras_VOR-DME_TR","KHM","Kahramanmaras","VOR-DME",113900,37.53810119628906,36.9536018371582,1723,"TR",113900,"086X",,,,,4.287,"BOTH","HIGH","LTCN"
89777,"Xiangtang_VOR-DME_CN","KHN","Xiangtang","VOR-DME",112700,28.43000030517578,115.9229965209961,143,"CN",112700,"074X",,,,,-3.409,"BOTH","HIGH","ZSCN"
89778,"Kharkiv_VOR-DME_UA","KHR","Kharkiv","VOR-DME",116500,49.92679977416992,36.285301208496094,538,"UA",116500,"112X",,,,,7.158,"BOTH","HIGH","UKHH"
89790,"King_Khaled_VORTAC_SA","KIA","King Khaled","VORTAC",113300,24.88610076904297,46.7593994140625,1960,"SA",113300,"080X",,,,1.007,2.262,"BOTH","HIGH","OERK"
89795,"Kirkenes_VOR-DME_NO","KIK","Kirkenes","VOR-DME",112000,69.72380065917969,29.86910057067871,283,"NO",112000,"057X",,,,10.001,12.349,"RNAV","HIGH","ENKR"
89798,"Kindu_VOR_CD","KIN","Kindu","VOR",115100,-2.9190800189971924,25.899799346923828,1630,"CD",,,,,,,-0.257,"BOTH","HIGH","FZOA"
89801,"Gimpo_VOR-DME_KR","KIP","Gimpo","VOR-DME",113600,37.557498931884766,126.79199981689453,49,"KR",113600,"083X",,,,-8.011,-7.47,"BOTH","LOW","RKSS"
89802,"Kirn_VORTAC_DE","KIR","Kirn","VORTAC",117500,49.85020065307617,7.369579792022705,1453,"DE",117500,"122X",,,,0.009,0.252,"LO","HIGH",
89803,"Kish_Island_VOR-DME_IR","KIS","Kish Island","VOR-DME",117400,26.525800704956055,53.96189880371094,91,"IR",117400,"121X",,,,2.001,1.523,"BOTH","HIGH","OIBK"
89805,"Kitona_Base_VOR_CD","KIT","Kitona Base","VOR",115300,-5.938809871673584,12.426199913024902,394,"CD",,,,,,,-4.419,"BOTH","HIGH","CD-0042"
89810,"Kisumu_VOR-DME_KE","KIV","Kisumu","VOR-DME",114100,-0.0950860008597374,34.71189880371094,3680,"KE",114100,"088X",,,,,0.325,"BOTH","HIGH","HKKI"
89823,"Khajuraho_VOR-DME_IN","KKJ","Khajuraho","VOR-DME",116400,24.814899444580078,79.918701171875,737,"IN",116400,"111X",,,,0.011,-0.06,"BOTH","HIGH","VAKJ"
89824,"Khon_Kaen_VOR-DME_TH","KKN","Khon Kaen","VOR-DME",114900,16.470800399780273,102.78800201416016,670,"TH",114900,"096X",,,,0.007,-0.408,"BOTH","HIGH","VTUK"
89825,"Kancheepuram_VOR-DME_IN","KKP","Kancheepuram","VOR-DME",115400,12.784899711608887,79.71309661865234,290,"IN",115400,"101X",,,,-2.011,-1.493,"BOTH","LOW",
89827,"Silchar_VOR-DME_IN","KKU","Silchar","VOR-DME",115700,24.913700103759766,92.97750091552734,353,"IN",115700,"104X",,,,0.011,-0.302,"BOTH","HIGH","VEKU"
89841,"Kantola_VOR-DME_FI","KLA","Kantola","VOR-DME",114400,65.99169921875,29.23579978942871,923,"FI",114400,"091X",,,,9.007,10.494,"RNAV","HIGH","EFKS"
89842,"Klaipeda_VOR-DME_LT","KLA","Klaipeda","VOR-DME",113900,55.715599060058594,21.243799209594727,82,"LT",113900,"086X",,,,3.001,4.534,"RNAV","MEDIUM","EYKL"
89844,"Kalhovd_VOR-DME_NO","KLD","Kalhovd","VOR-DME",113700,60.05500030517578,8.373470306396484,4158,"NO",113700,"084X",,,,-1.007,0.096,"TERMINAL","LOW",
89845,"Klasdorf_VOR-DME_DE","KLF","Klasdorf","VOR-DME",115150,52.01940155029297,13.563400268554688,233,"DE",115150,"098Y",,,,2.01,2.162,"BOTH","HIGH","EDAZ"
89849,"Kalibo_VOR-DME_PH","KLO","Kalibo","VOR-DME",113000,11.683600425720215,122.38300323486328,14,"PH",113000,"077X",,,,-1.011,-0.457,"BOTH","HIGH","RPVK"
89850,"Kloten_VOR-DME_CH","KLO","Kloten","VOR-DME",114850,47.45709991455078,8.54557991027832,1410,"CH",114850,"095Y",,,,,0.514,"BOTH","MEDIUM","LSZH"
89865,"Kamina_Base_VOR_CD","KMB","Kamina Base","VOR",114700,-8.628589630126953,25.247900009155273,3543,"CD",,,,,,,-2.144,"BOTH","HIGH","FZSA"
89867,"Komatsu_VORTAC_JP","KMC","Komatsu","VORTAC",112000,36.396400451660156,136.40499877929688,53,"JP",112000,"057X",,,,-8.011,-7.327,"BOTH","HIGH","RJNK"
89868,"King_Khaled_Military_City_VORTAC_SA","KMC","King Khaled Military City","VORTAC",115900,27.879499435424805,45.556800842285156,1342,"SA",115900,"106X",,,,,2.566,"BOTH","LOW","OEKK"
89869,"Kunming_VOR-DME_CN","KMG","Kunming","VOR-DME",112900,25.016700744628906,102.73300170898438,6421,"CN",112900,"076X",,,,,-1.13,"BOTH","HIGH","ZPPP"
89870,"Gimhae_VOR-DME_KR","KMH","Gimhae","VOR-DME",113800,35.199100494384766,128.93600463867188,100,"KR",113800,"085X",,,,-7.011,-7.138,"BOTH","LOW","RKPK"
89871,"Kalemie_VOR_CD","KMI","Kalemie","VOR",116300,-5.86883020401001,29.249900817871094,2569,"CD",,,,,,,-0.557,"BOTH","HIGH","FZRF"
89872,"Kmiecin_VOR_PL","KMI","Kmiecin","VOR",116800,54.20130157470703,19.145099639892578,,"PL",,,,,,3.207,4.019,"BOTH","HIGH",
89875,"Kamishly_VOR-DME_SY","KML","Kamishly","VOR-DME",115100,37.016700744628906,41.205299377441406,1480,"SY",115100,"098X",,,,,4.325,"BOTH","HIGH","OSKL"
89878,"Kermanshah_VOR-DME_IR","KMS","Kermanshah","VOR-DME",114600,34.339698791503906,47.16910171508789,4307,"IR",114600,"093X",,,,3.501,3.558,"BOTH","HIGH","OICC"
89891,"Kaunas_VOR-DME_LT","KNA","Kaunas","VOR-DME",114400,54.959800720214844,24.06529998779297,256,"LT",114400,"091X",,,,4.007,5.377,"BOTH","HIGH","EYKA"
89892,"Kenana_VOR-DME_SD","KNA","Kenana","VOR-DME",115400,13.02869987487793,32.90719985961914,1303,"SD",115400,"101X",,,,,2.134,"BOTH","HIGH",
89894,"Kansai_VOR-DME_JP","KNE","Kansai","VOR-DME",111800,34.43009948730469,135.2519989013672,42,"JP",111800,"055X",,,,-7.011,-6.574,"BOTH","LOW","RJBB"
89896,"Kananga_VOR-DME_CD","KNG","Kananga","VOR-DME",115500,-5.9021501541137695,22.44969940185547,2139,"CD",115500,"102X",,,,,-1.479,"BOTH","HIGH","FZUA"
89899,"Kainuu_VOR-DME_FI","KNI","Kainuu","VOR-DME",114900,64.28250122070312,27.655799865722656,447,"FI",114900,"096X",,,,8.001,9.285,"RNAV","HIGH","EFKI"
89901,"Kigali_VOR-DME_RW","KNM","Kigali","VOR-DME",114900,-1.9692100286483765,30.14739990234375,4891,"RW",114900,"096X",,,,0.007,0.095,"BOTH","HIGH","HRYR"
89903,"Kaunis_VOR-DME_FI","KNS","Kaunis","VOR-DME",115800,68.4540023803711,27.451499938964844,1340,"FI",115800,"105X",,,,9.007,10.476,"RNAV","HIGH",
89904,"Konya_VOR-DME_TR","KNY","Konya","VOR-DME",111200,37.996700286865234,32.56439971923828,3389,"TR",111200,"049X",,,,,4.143,"BOTH","LOW","LTAN"
89117,"Kona_VORTAC_US","KOA","Kona","VORTAC",112100,19.717238888900003,-156.044920278,36,"US",,"104X",,,,,11,"BOTH","HIGH","PHKO"
89915,"Gangneung_VOR-DME_KR","KOG","Gangneung","VOR-DME",113500,37.7588005065918,128.9499969482422,50,"KR",113500,"082X",,,,-8.011,-8.025,"BOTH","LOW","RKNN"
89916,"Koksy_VORTAC_BE","KOK","Koksy","VORTAC",114500,51.09469985961914,2.651669979095459,30,"BE",114500,"092X",51.0992,2.65472,20,-2.007,-1.134,"BOTH","HIGH","EBFN"
89918,"Korsa_VOR-DME_DK","KOR","Korsa","VOR-DME",112800,55.43939971923828,11.631500244140625,136,"DK",112800,"075X",,,,1.008,1.375,"RNAV","HIGH",
89921,"Kos_VOR-DME_GR","KOS","Kos","VOR-DME",109000,36.79059982299805,27.091100692749023,410,"GR",109000,"027X",,,,,3.343,"TERMINAL","LOW","LGKO"
89924,"Ganzhou_VOR-DME_CN","KOW","Ganzhou","VOR-DME",112100,25.821699142456055,114.91500091552734,338,"CN",112100,"058X",,,,,-3.012,"BOTH","HIGH",
89926,"Kozani_VOR-DME_GR","KOZ","Kozani","VOR-DME",109600,40.285099029541016,21.84040069580078,2055,"GR",109600,"033X",,,,1.007,3.139,"LO","MEDIUM","LGKZ"
89934,"Kan'On_VOR-DME_JP","KPE","Kan'On","VOR-DME",109850,34.35929870605469,132.41099548339844,30,"JP",109850,"035Y",,,,-7.011,-7.024,"LO","LOW","RJBH"
89935,"Kupang_VOR-DME_ID","KPG","Kupang","VOR-DME",112200,-10.173999786376953,123.6780014038086,335,"ID",112200,"059X",,,,2.007,2.202,"BOTH","HIGH","WATT"
89936,"Kavala_VOR-DME_GR","KPL","Kavala","VOR-DME",108800,40.911800384521484,24.614099502563477,23,"GR",108800,"025X",,,,2.007,3.416,"BOTH","HIGH","LGKV"
89937,"Pohang_VORTAC_KR","KPO","Pohang","VORTAC",112500,35.977500915527344,129.4739990234375,900,"KR",112500,"072X",,,,-7.011,-7.303,"BOTH","HIGH","RKTH"
89939,"Kamphaeng_Saen_VOR-DME_TH","KPS","Kamphaeng Saen","VOR-DME",114500,14.167200088500977,99.95099639892578,33,"TH",114500,"092X",,,,-1.011,-0.362,"BOTH","HIGH","VTBK"
89941,"Kempten_VOR-DME_DE","KPT","Kempten","VOR-DME",109600,47.74580001831055,10.349699974060059,2529,"DE",109600,"033X",,,,0.007,1.196,"BOTH","HIGH",
89957,"Kiruna_VOR-DME_SE","KRA","Kiruna","VOR-DME",115200,67.81919860839844,20.337499618530273,1489,"SE",115200,"099X",,,,5.01,6.425,"RNAV","HIGH","ESNQ"
89958,"Aden_VOR-DME_YE","KRA","Aden","VOR-DME",112500,12.831199645996094,45.02349853515625,12,"YE",112500,"072X",,,,,1.188,"BOTH","HIGH","OYAA"
89960,"Khoram_Abad_VOR-DME_IR","KRD","Khoram Abad","VOR-DME",116400,33.43510055541992,48.289100646972656,3762,"IR",116400,"111X",,,,3.001,3.412,"BOTH","HIGH","OICK"
89962,"Kochi_VOR-DME_JP","KRE","Kochi","VOR-DME",113700,33.54180145263672,133.67999267578125,54,"JP",113700,"084X",,,,-5.007,-6.442,"BOTH","HIGH","RJOK"
89963,"Korhogo_VOR_CI","KRG","Korhogo","VOR",115200,9.372469902038574,-5.644309997558594,1213,"CI",,,,,,,-5.245,"BOTH","HIGH","DIKO"
89964,"Karaganda_VOR-DME_KZ","KRG","Karaganda","VOR-DME",113400,49.686100006103516,73.36329650878906,1748,"KZ",113400,"081X",,,,8.007,8.158,"BOTH","HIGH","UAKK"
89965,"Karlsruhe_VOR-DME_DE","KRH","Karlsruhe","VOR-DME",115950,48.99290084838867,8.584239959716797,908,"DE",115950,"106Y",,,,0.01,0.49,"BOTH","HIGH",
89968,"Kerkira_VOR-DME_GR","KRK","Kerkira","VOR-DME",114700,39.44390106201172,20.072799682617188,78,"GR",114700,"094X",,,,0.007,2.547,"BOTH","HIGH","LGKR"
89969,"Karmoy_VOR-DME_NO","KRM","Karmoy","VOR-DME",115150,59.346500396728516,5.201690196990967,102,"NO",115150,"098Y",,,,-3.001,-1.125,"BOTH","HIGH","ENHD"
89972,"Karnice_VOR-DME_PL","KRN","Karnice","VOR-DME",117800,51.94620132446289,20.444599151611328,591,"PL",117800,"125X",,,,,4.082,"BOTH","HIGH",
89973,"Karistos_VOR-DME_GR","KRO","Karistos","VOR-DME",112200,37.99420166015625,24.4950008392334,2024,"GR",112200,"059X",,,,,3.23,"BOTH","HIGH",
89975,"Kuressaare_VOR-DME_EE","KRS","Kuressaare","VOR-DME",112400,58.22829818725586,22.515399932861328,39,"EE",112400,"071X",,,,3.007,5.459,"RNAV","HIGH","EEKE"
89976,"Krasnoyarsk_VOR-DME_RU","KRS","Krasnoyarsk","VOR-DME",113200,56.16999816894531,92.50830078125,965,"RU",113200,"079X",,,,4.007,4.364,"BOTH","HIGH","UNKL"
89977,"Turkmenbashi_VOR-DME_TM","KRS","Turkmenbashi","VOR-DME",112300,40.084999084472656,53,279,"TM",112300,"070X",,,,,5.165,"BOTH","MEDIUM","UTAK"
89980,"Kartuzy_VOR-DME_PL","KRT","Kartuzy","VOR-DME",113200,54.29970169067383,18.20800018310547,689,"PL",113200,"079X",,,,2.007,3.453,"BOTH","HIGH","EPGD"
89981,"Khorat_VOR-DME_TH","KRT","Khorat","VOR-DME",113700,14.9173002243042,102.13999938964844,729,"TH",113700,"084X",,,,0.007,-0.352,"BOTH","HIGH","VTUN"
89998,"Ndjili_VOR-DME_CD","KSA","Ndjili","VOR-DME",115000,-4.404739856719971,15.41819953918457,1079,"CD",115000,"097X",,,,,-3.123,"BOTH","HIGH","FZAA"
89999,"Kosice_VOR-DME_SK","KSC","Kosice","VOR-DME",108200,48.683101654052734,21.248199462890625,787,"SK",108200,"019X",,,,3.007,3.569,"BOTH","HIGH","LZKZ"
90001,"Karlstad_VOR-DME_SE","KSD","Karlstad","VOR-DME",117800,59.44240188598633,13.331600189208984,348,"SE",117800,"125X",,,,1.001,2.197,"BOTH","HIGH","ESOK"
90002,"Kushiro_VOR-DME_JP","KSE","Kushiro","VOR-DME",112500,43.03379821777344,144.20399475097656,334,"JP",112500,"072X",,,,-9.011,-8.372,"BOTH","HIGH","RJCK"
90004,"Kumasi_VOR-DME_GH","KSI","Kumasi","VOR-DME",113900,6.7085700035095215,-1.5906599760055542,942,"GH",113900,"086X",,,,,-4.498,"BOTH","HIGH","DGSI"
90006,"Seoul_VOR-DME_KR","KSM","Seoul","VOR-DME",113000,37.43519973754883,127.11000061035156,82,"KR",113000,"077X",,,,-8.011,-7.468,"BOTH","LOW","RKSM"
90009,"Kayseri_VOR-DME_TR","KSR","Kayseri","VOR-DME",116300,38.77560043334961,35.52170181274414,3489,"TR",116300,"110X",,,,,4.35,"BOTH","HIGH","LTAU"
90012,"Kasane_VOR-DME_BW","KSV","Kasane","VOR-DME",113300,-17.832700729370117,25.16990089416504,3293,"BW",113300,"080X",,,,,-7.506,"BOTH","HIGH","FBKE"
90027,"Kagawa_VOR-DME_JP","KTE","Kagawa","VOR-DME",108400,34.212501525878906,134.0229949951172,696,"JP",108400,"021X",,,,-6.007,-6.569,"BOTH","HIGH","RJOT"
90028,"Kitzingen_VOR_DE","KTG","Kitzingen","VOR",111400,49.74589920043945,10.213600158691406,697,"DE",,,,,,-1.009,1.155,"LO","LOW","ETIN"
90030,"Kithira_VOR-DME_GR","KTH","Kithira","VOR-DME",113800,36.27579879760742,23.016199111938477,1042,"GR",113800,"085X",,,,,3.053,"TERMINAL","MEDIUM",
90032,"Kotlas_VOR-DME_RU","KTL","Kotlas","VOR-DME",117800,61.24169921875,46.71329879760742,180,"RU",117800,"125X",,,,13.007,14.596,"BOTH","HIGH",
90033,"Kathmandu_VOR-DME_NP","KTM","Kathmandu","VOR-DME",112300,27.674699783325195,85.34919738769531,4255,"NP",112300,"070X",,,,0.007,0.069,"BOTH","HIGH","VNKT"
90034,"Khartoum_VOR-DME_SD","KTM","Khartoum","VOR-DME",112100,15.566100120544434,32.55339813232422,1280,"SD",112100,"058X",,,,,2.239,"BOTH","HIGH","HSSK"
90035,"Kariatain_VOR-DME_SY","KTN","Kariatain","VOR-DME",117700,34.21329879760742,37.264198303222656,2457,"SY",117700,"124X",,,,3.007,4.009,"BOTH","HIGH",
90037,"Ketapang_VOR-DME_ID","KTP","Ketapang","VOR-DME",116800,-1.8164900541305542,109.96600341796875,49,"ID",116800,"115X",,,,,0.58,"BOTH","HIGH","WIOK"
90039,"Kutaisi_VOR-DME_GE","KTS","Kutaisi","VOR-DME",113600,42.173500061035156,42.45610046386719,200,"GE",113600,"083X",,,,5.007,5.444,"BOTH","HIGH","UGKO"
90040,"Keetmanshoop_VOR-DME_NA","KTV","Keetmanshoop","VOR-DME",112900,-26.537399291992188,18.11359977722168,3507,"NA",112900,"076X",,,,-18.007,-17.1,"BOTH","HIGH","FYKT"
90041,"Kununurra_VOR-DME_AU","KU","Kununurra","VOR-DME",116500,-15.77560043334961,128.70899963378906,165,"AU",116500,"112X",-15.7781,128.71,145,3.007,3.233,"BOTH","HIGH","YPKU"
90042,"Kaduna_VOR-DME_NG","KU","Kaduna","VOR-DME",114700,10.596099853515625,7.447509765625,2113,"NG",114700,"094X",,,,,-1.43,"BOTH","HIGH","DN53"
90055,"Kuwait_VOR-DME_KW","KUA","Kuwait","VOR-DME",115500,29.218399047851562,47.96760177612305,188,"KW",115500,"102X",,,,2.007,2.563,"BOTH","HIGH","OKKK"
90057,"Kumamoto_VOR-DME_JP","KUE","Kumamoto","VOR-DME",112800,32.834800720214844,130.8419952392578,651,"JP",112800,"075X",,,,-6.011,-6.325,"BOTH","HIGH","RJFT"
90064,"Kunsan_VORTAC_KR","KUZ","Kunsan","VORTAC",112800,35.910400390625,126.61100006103516,61,"KR",112800,"075X",,,,-6.009,-7.156,"BOTH","HIGH","RKJK"
90065,"Kilimanjaro_VOR-DME_TZ","KV","Kilimanjaro","VOR-DME",115300,-3.427880048751831,37.10660171508789,2932,"TZ",115300,"100X",,,,0.007,-0.36,"BOTH","HIGH","HTKJ"
90069,"Kvernberget_VOR-DME_NO","KVB","Kvernberget","VOR-DME",113800,63.118099212646484,7.810540199279785,684,"NO",113800,"085X",,,,-2.007,-0.177,"RNAV","HIGH","ENKB"
90072,"Karlovy_Vary_VOR-DME_CZ","KVY","Karlovy Vary","VOR-DME",111550,50.20119857788086,12.92590045928955,2167,"CZ",111550,"052Y",,,,,2.015,"TERMINAL","LOW","LKKV"
90083,"Gwangju_VOR-DME_KR","KWA","Gwangju","VOR-DME",114400,35.12620162963867,126.81199645996094,42,"KR",114400,"091X",,,,-7.011,-7.026,"BOTH","HIGH","RKJJ"
90084,"Guiyang_VOR-DME_CN","KWE","Guiyang","VOR-DME",114300,26.520000457763672,106.79499816894531,3812,"CN",114300,"090X",,,,,-1.499,"BOTH","HIGH","ZUGY"
90085,"Kohtoh_VOR-DME_JP","KWE","Kohtoh","VOR-DME",115000,35.60900115966797,139.81500244140625,78,"JP",115000,"097X",,,,-7.011,-6.533,"BOTH","HIGH","RJTT"
90087,"Guilin_VOR-DME_CN","KWL","Guilin","VOR-DME",114900,25.209999084472656,110.03800201416016,570,"CN",114900,"096X",,,,,-2.091,"BOTH","HIGH","ZGKL"
90088,"Kirkwall_VOR-DME_GB","KWL","Kirkwall","VOR-DME",108600,58.95970153808594,-2.8939499855041504,65,"GB",108600,"023X",,,,-6.812,-4.552,"BOTH","LOW","EGPA"
90091,"Kumejima_VORTAC_JP","KXC","Kumejima","VORTAC",116700,26.37190055847168,126.72200012207031,42,"JP",116700,"114X",26.3717,126.722,54,-4.011,-4.269,"BOTH","HIGH","ROKJ"
90093,"Kamiyaku_VOR-DME_JP","KYE","Kamiyaku","VOR-DME",115400,30.390100479125977,130.6510009765625,139,"JP",115400,"101X",,,,-6.011,-5.454,"BOTH","HIGH","RJFC"
90094,"Kaiyuan_VOR-DME_CN","KYU","Kaiyuan","VOR-DME",114900,42.63330078125,124.00800323486328,324,"CN",114900,"096X",,,,,-8.542,"BOTH","HIGH",
90095,"Kimberley_VOR-DME_ZA","KYV","Kimberley","VOR-DME",113200,-28.79990005493164,24.760400772094727,3950,"ZA",113200,"079X",,,,,-20.234,"BOTH","HIGH","FAKM"
90102,"Kisarazu_VOR-DME_JP","KZE","Kisarazu","VOR-DME",114500,35.402400970458984,139.9029998779297,45,"JP",114500,"092X",,,,-7.011,-6.483,"BOTH","LOW","RJTK"
90103,"Kyzyl_VOR-DME_RU","KZL","Kyzyl","VOR-DME",112300,51.59000015258789,94.20670318603516,2142,"RU",112300,"070X",,,,1.007,2.17,"BOTH","HIGH",
90104,"Kazan_VOR-DME_RU","KZN","Kazan","VOR-DME",112700,55.60499954223633,49.27170181274414,409,"RU",112700,"074X",,,,,12.036,"BOTH","HIGH","UWKD"
90106,"Kyzylorda_VOR-DME_KZ","KZO","Kyzylorda","VOR-DME",112700,44.70669937133789,65.5999984741211,213,"KZ",112700,"074X",,,,5.007,6.379,"BOTH","HIGH",
90124,"Lahore_VOR-DME_PK","LA","Lahore","VOR-DME",112700,31.49970054626465,74.4000015258789,729,"PK",112700,"074X",,,,1.007,1.266,"BOTH","HIGH","OPLA"
90141,"Lamar_VORTAC_US","LAA","Lamar","VORTAC",116900,38.19710159301758,-102.68800354003906,3944,"US",116900,"116X",,,,12.001,8.139,"BOTH","HIGH",
90149,"Lagos_VOR-DME_NG","LAG","Lagos","VOR-DME",113700,6.708459854125977,3.3274500370025635,251,"NG",113700,"084X",,,,,-3.281,"BOTH","HIGH","DNMM"
90153,"Banja_Luka_VOR-DME_BA","LAK","Banja Luka","VOR-DME",115900,44.94169998168945,17.295799255371094,400,"BA",115900,"106X",,,,,2.492,"BOTH","LOW","LQBK"
90154,"Lakeland_VORTAC_US","LAL","Lakeland","VORTAC",116000,27.9862003326416,-82.01390075683594,135,"US",116000,"107X",,,,1.001,-4.43,"BOTH","HIGH","KLAL"
90155,"Lamerd_VOR-DME_IR","LAM","Lamerd","VOR-DME",117000,27.372800827026367,53.183998107910156,1251,"IR",117000,"117X",,,,,2.063,"LO","MEDIUM",
90156,"Lambourne_VOR-DME_GB","LAM","Lambourne","VOR-DME",115600,51.64609909057617,0.15166699886322021,200,"GB",115600,"103X",,,,-3.001,-2.119,"BOTH","HIGH",
90158,"Lansing_VORTAC_US","LAN","Lansing","VORTAC",110800,42.71739959716797,-84.69770050048828,880,"US",110800,"045X",,,,-5.001,-5.506,"LO","MEDIUM","KLAN"
90160,"Laoag_VOR-DME_PH","LAO","Laoag","VOR-DME",112900,18.178800582885742,120.52899932861328,53,"PH",112900,"076X",,,,0.007,-2.031,"BOTH","HIGH","RPLI"
90161,"Lapa_VOR-DME_BR","LAP","Lapa","VOR-DME",113700,-13.264599800109863,-43.408199310302734,1454,"BR",113700,"084X",,,,-21.007,-22.038,"BOTH","HIGH","SBLP"
90162,"La_Paz_VOR-DME_MX","LAP","La Paz","VOR-DME",112300,24.085599899291992,-110.35900115966797,69,"MX",112300,"070X",,,,10.001,9.386,"BOTH","HIGH","MMLP"
90166,"La_Rioja_VOR_AR","LAR","La Rioja","VOR",113500,-29.388599395751953,-66.80359649658203,1437,"AR",,,,,,0.007,-2.01,"BOTH","HIGH","SANL"
90167,"Laramie_VORTAC_US","LAR","Laramie","VORTAC",117600,41.33789825439453,-105.72100067138672,7280,"US",117600,"123X",,,,14.001,10.099,"BOTH","MEDIUM","KLAR"
90169,"Lar_VOR-DME_IR","LAR","Lar","VOR-DME",117900,27.675199508666992,54.415199279785156,2619,"IR",117900,"126X",,,,,2.025,"LO","HIGH","OISL"
90174,"Las_Vegas_VORTAC_US","LAS","Las Vegas","VORTAC",116900,36.0797004699707,-115.16000366210938,2141,"US",116900,"116X",,,,15.001,12.529,"BOTH","HIGH","KLAS"
90176,"Latina_VOR-DME_IT","LAT","Latina","VOR-DME",111200,41.541099548339844,12.918100357055664,93,"IT",111200,"049X",,,,,1.514,"BOTH","HIGH","LIRL"
90179,"Laravale_VOR_AU","LAV","Laravale","VOR",117800,-28.089799880981445,152.9250030517578,,"AU",,,,,,11.007,11.163,"BOTH","HIGH",
90180,"Lago_Agrio_VOR-DME_EC","LAV","Lago Agrio","VOR-DME",112300,0.1022220030426979,-76.85639953613281,1001,"EC",112300,"070X",,,,0.007,-2.522,"BOTH","HIGH","SENL"
90181,"Landvetter_VOR-DME_SE","LAV","Landvetter","VOR-DME",114600,57.65610122680664,12.289899826049805,574,"SE",114600,"093X",,,,1.001,1.523,"BOTH","HIGH","ESGG"
90182,"Poznan_VOR-DME_PL","LAW","Poznan","VOR-DME",115800,52.422401428222656,16.8302001953125,308,"PL",115800,"105X",,,,,3.113,"BOTH","MEDIUM",
90183,"Lawton_VOR-DME_US","LAW","Lawton","VOR-DME",109400,34.49620056152344,-98.41310119628906,1100,"US",109400,"031X",,,,9.001,5.376,"LO","MEDIUM","KFSI"
90184,"Los_Angeles_VORTAC_US","LAX","Los Angeles","VORTAC",113600,33.933101654052734,-118.43199920654297,182,"US",113600,"083X",33.9334,-118.432,180,15.001,13.076,"BOTH","HIGH","KLAX"
90185,"Laayoune_VOR-DME_EH","LAY","Laayoune","VOR-DME",112100,27.142900466918945,-13.218000411987305,223,"EH",112100,"058X",,,,-6.007,-5.251,"BOTH","HIGH","GMML"
90188,"Labasa_VOR-DME_FJ","LB","Labasa","VOR-DME",115100,-16.41830062866211,179.31500244140625,32,"FJ",115100,"098X",,,,12.007,12.001,"BOTH","HIGH","NFNL"
90201,"Turkmenabat_VOR-DME_TM","LBA","Turkmenabat","VOR-DME",109200,39.09000015258789,63.611698150634766,646,"TM",109200,"029X",,,,4.007,4.266,"BOTH","HIGH","UTAV"
90204,"Lubbock_VORTAC_US","LBB","Lubbock","VORTAC",109200,33.704898834228516,-101.91400146484375,3310,"US",109200,"029X",,,,11.012,7.32,"LO","MEDIUM","KLBB"
90205,"Elbe_VOR-DME_DE","LBE","Elbe","VOR-DME",115100,53.65420150756836,9.595060348510742,50,"DE",115100,"098X",,,,1.01,0.573,"BOTH","HIGH",
90206,"North_Platte_VORTAC_US","LBF","North Platte","VORTAC",117400,41.04859924316406,-100.74700164794922,3050,"US",117400,"121X",,,,11.001,7.13,"BOTH","MEDIUM","KLBF"
90207,"Lubang_VOR-DME_PH","LBG","Lubang","VOR-DME",117500,13.854100227355957,120.10700225830078,43,"PH",117500,"122X",,,,0.007,-1.085,"BOTH","HIGH","RPLU"
90209,"Liberal_VORTAC_US","LBL","Liberal","VORTAC",112300,37.04439926147461,-100.97100067138672,2890,"US",112300,"070X",,,,11.001,7.083,"BOTH","HIGH","KLBL"
90210,"Laibin_VOR-DME_CN","LBN","Laibin","VOR-DME",113700,23.74329948425293,109.21199798583984,361,"CN",113700,"084X",,,,,-1.515,"BOTH","HIGH",
90211,"Trakshi_VOR-DME_LV","LBN","Trakshi","VOR-DME",112900,56.773399353027344,26.352100372314453,300,"LV",112900,"076X",,,,5.007,6.446,"BOTH","HIGH",
90212,"Chelyabinsk_VOR-DME_RU","LBN","Chelyabinsk","VOR-DME",113300,55.30670166015625,61.52000045776367,771,"RU",113300,"080X",,,,,12.549,"BOTH","HIGH","USCC"
90213,"Lilabari_VOR-DME_IN","LBR","Lilabari","VOR-DME",116500,27.291900634765625,94.10030364990234,330,"IN",116500,"112X",,,,0.011,-0.269,"BOTH","HIGH","VELR"
90215,"Lumberton_VOR_US","LBT","Lumberton","VOR",110000,34.61069869995117,-79.05480194091797,126,"US",,,,,,-8.001,-8.098,"LO","LOW",
90216,"Luburg_VOR-DME_DE","LBU","Luburg","VOR-DME",109200,48.91299819946289,9.340229988098145,1064,"DE",109200,"029X",,,,0.003,1.019,"LO","MEDIUM","EDDS"
90217,"La_Belle_VORTAC_US","LBV","La Belle","VORTAC",110400,26.82819938659668,-81.39140319824219,30,"US",110400,"041X",,,,1.001,-4.555,"BOTH","MEDIUM",
90218,"Eaton_VORTAC_US","LBY","Eaton","VORTAC",110600,31.418699264526367,-89.33760070800781,290,"US",110600,"043X",,,,5.001,-0.086,"LO","MEDIUM",
90226,"La_Chatre_VOR_FR","LCA","La Chatre","VOR",112100,46.69139862060547,2.1495800018310547,882,"FR",,,,,,-3.007,-0.563,"BOTH","HIGH",
90227,"Larnaca_VOR-DME_CY","LCA","Larnaca","VOR-DME",112800,34.87329864501953,33.62670135498047,20,"CY",112800,"075X",,,,3.007,3.56,"BOTH","HIGH","LCLK"
90229,"Lecce_VORTAC_IT","LCC","Lecce","VORTAC",112800,40.2484016418457,18.130699157714844,217,"IT",112800,"075X",,,,,2.405,"BOTH","HIGH","LIBN"
90230,"Los_Cedros_VOR-DME_CO","LCE","Los Cedros","VOR-DME",112600,7.817989826202393,-76.7219009399414,109,"CO",112600,"073X",,,,-3.007,-4.245,"BOTH","HIGH","SKLC"
90233,"Lake_Charles_VORTAC_US","LCH","Lake Charles","VORTAC",113400,30.14150047302246,-93.10559844970703,20,"US",113400,"081X",,,,7.001,2.293,"BOTH","HIGH","KLCH"
90235,"Longchang_VOR-DME_CN","LCH","Longchang","VOR-DME",117600,40.861698150634766,123.13300323486328,213,"CN",117600,"123X",,,,,-8.129,"BOTH","HIGH",
90238,"Lucin_VORTAC_US","LCU","Lucin","VORTAC",113600,41.362998962402344,-113.84100341796875,4400,"US",113600,"083X",,,,17.001,13.384,"BOTH","HIGH","02UT"
90246,"Crimson_VORTAC_US","LDK","Crimson","VORTAC",117800,33.2588996887207,-87.53690338134766,370,"US",117800,"125X",,,,3.001,-1.416,"LO","MEDIUM","KTCL"
90248,"Linden_VORTAC_US","LDN","Linden","VORTAC",114300,38.854400634765625,-78.20559692382812,2440,"US",114300,"090X",,,,-6.001,-9.514,"BOTH","MEDIUM",
90249,"La_Divina_Pastora_VOR-DME_VE","LDP","La Divina Pastora","VOR-DME",117700,4.692780017852783,-61.0275993347168,618,"VE",117700,"124X",,,,-13.007,-14.078,"BOTH","HIGH",
90252,"Curbelo_VOR-DME_UY","LDS","Curbelo","VOR-DME",117600,-34.858299255371094,-55.09170150756836,98,"UY",117600,"123X",,,,-7.007,-9.458,"BOTH","HIGH","SULS"
90256,"Lodz_VOR-DME_PL","LDZ","Lodz","VOR-DME",112400,51.80009841918945,19.656099319458008,787,"PL",112400,"071X",,,,2.007,3.547,"BOTH","HIGH","EPLL"
90257,"Ndele_VOR_CF","LE","Ndele","VOR",113100,8.397109985351562,20.68589973449707,1647,"CF",,,,,,,0.278,"BOTH","LOW","FEFN"
90267,"Lebanon_VOR-DME_US","LEB","Lebanon","VOR-DME",113700,43.67890167236328,-72.21610260009766,1460,"US",113700,"084X",43.6792,-72.2151,1460,-15.001,-15.154,"LO","MEDIUM","KLEB"
90268,"Leigh_Creek_VOR_AU","LEC","Leigh Creek","VOR",117800,-30.596399307250977,138.4290008544922,856,"AU",,,,,,7.007,7.212,"BOTH","HIGH","YLEC"
90273,"Leipzig_VOR-DME_DE","LEG","Leipzig","VOR-DME",115850,51.43600082397461,12.473199844360352,486,"DE",115850,"105Y",,,,1.001,1.537,"BOTH","HIGH","EDDP"
90274,"Leh_VOR-DME_IN","LEH","Leh","VOR-DME",115700,34.7327995300293,77.56639862060547,3282,"IN",115700,"104X",,,,2.011,2.001,"BOTH","MEDIUM","VILH"
90275,"Lemmon_VOR_US","LEM","Lemmon","VOR",111400,45.919700622558594,-102.10399627685547,2570,"US",,,,,,13.001,8.209,"TERMINAL","LOW",
90276,"Bandar_Lengeh_VOR-DME_IR","LEN","Bandar Lengeh","VOR-DME",114800,26.536100387573242,54.851200103759766,62,"IR",114800,"095X",,,,1.001,1.466,"BOTH","HIGH","OIBL"
90281,"Lesquin_VOR-DME_FR","LEQ","Lesquin","VOR-DME",109000,50.561798095703125,3.089169979095459,157,"FR",109000,"027X",,,,,-1.008,"BOTH","HIGH","LFQQ"
90282,"Leticia_VOR-DME_CO","LET","Leticia","VOR-DME",117500,-4.195000171661377,-69.939697265625,277,"CO",117500,"122X",,,,,-7.053,"BOTH","HIGH","SKLT"
90284,"Leeville_VORTAC_US","LEV","Leeville","VORTAC",113500,29.175199508666992,-90.10399627685547,2,"US",113500,"082X",,,,2.007,0.378,"BOTH","HIGH","0LS3"
90292,"La_Fria_VOR-DME_VE","LFA","La Fria","VOR-DME",113000,8.244720458984375,-72.26809692382812,323,"VE",113000,"077X",,,,-6.007,-7.289,"BOTH","HIGH","SVLF"
90295,"Litchfield_VOR-DME_US","LFD","Litchfield","VOR-DME",111200,42.0625,-84.76509857177734,1040,"US",111200,"049X",,,,-5.001,-5.366,"LO","MEDIUM",
90297,"Lufkin_VORTAC_US","LFK","Lufkin","VORTAC",112100,31.162399291992188,-94.71700286865234,200,"US",112100,"058X",,,,5.006,3.264,"BOTH","HIGH",
90298,"Lafayette_VORTAC_US","LFT","Lafayette","VORTAC",109800,30.19379997253418,-91.99259948730469,37,"US",109800,"035X",,,,3.001,1.463,"LO","MEDIUM","KLFT"
90299,"Lifou_VOR-DME_NC","LFU","Lifou","VOR-DME",113300,-20.774200439453125,167.24099731445312,92,"NC",113300,"080X",,,,12.011,12.087,"TERMINAL","LOW","NWWL"
90300,"Marconi_VOR-DME_US","LFV","Marconi","VOR-DME",114700,42.0172004699707,-70.03730010986328,152,"US",114700,"094X",,,,-16.004,-15.445,"BOTH","HIGH",
90305,"La Guardia_VOR-DME_US","LGA","La Guardia","VOR-DME",113100,40.783724,-73.868599,10,"US",113100,"078X",,,,-12,-13.2,"BOTH","MEDIUM","KLGA"
90306,"Lagrange_VORTAC_US","LGC","Lagrange","VORTAC",115600,33.04909896850586,-85.2061996459961,790,"US",115600,"103X",,,,1.001,-3.217,"BOTH","HIGH",
90308,"Liege_VOR-DME_BE","LGE","Liege","VOR-DME",115450,50.653900146484375,5.470560073852539,698,"BE",115450,"101Y",,,,,-0.138,"TERMINAL","LOW","EBLG"
90309,"Freetown_Lungi_VOR-DME_SL","LGI","Freetown Lungi","VOR-DME",115500,8.617179870605469,-13.191399574279785,84,"SL",115500,"102X",,,,,-8.322,"BOTH","HIGH","GFLL"
90311,"L'Aigle_VOR_FR","LGL","L'Aigle","VOR",115000,48.79059982299805,0.5302780270576477,971,"FR",,,,,,-3.007,-1.409,"BOTH","HIGH",
90312,"La_Gomera_VOR-DME_ES","LGM","La Gomera","VOR-DME",116000,28.02869987487793,-17.21489906311035,741,"ES",116000,"107X",28.0286,-17.2148,741,,-6.534,"BOTH","LOW","GCGM"
90313,"Logan_VOR-DME_US","LGU","Logan","VOR-DME",109800,41.84410095214844,-111.86499786376953,4466,"US",109800,"035X",,,,16.001,13.023,"TERMINAL","LOW",
90321,"Hamamatsu_VOR-DME_JP","LHE","Hamamatsu","VOR-DME",110000,34.74789810180664,137.68099975585938,211,"JP",110000,"037X",,,,-6.007,-6.515,"BOTH","HIGH","RJNH"
90323,"Brigham_City_VOR-DME_US","LHO","Brigham City","VOR-DME",112900,41.79290008544922,-112.01000213623047,5358,"US",112900,"076X",,,,14.009,13.049,"LO","MEDIUM",
90327,"Lake_Hughes_VORTAC_US","LHS","Lake Hughes","VORTAC",108400,34.68299865722656,-118.5770034790039,5790,"US",108400,"021X",,,,15.001,13.195,"LO","MEDIUM",
90329,"Lake_Henry_VORTAC_US","LHY","Lake Henry","VORTAC",110800,41.475799560546875,-75.48259735107422,2320,"US",110800,"045X",,,,-10.002,-12.312,"BOTH","MEDIUM",
90335,"Liberator_VOR_US","LIA","Liberator","VOR",114900,42.98270034790039,-115.77400207519531,2990,"US",,,,,,18.001,14.386,"LO","MEDIUM","KMUO"
90336,"Liberty_VORTAC_US","LIB","Liberty","VORTAC",113000,35.81159973144531,-79.61260223388672,830,"US",113000,"077X",,,,-3.001,-8.033,"BOTH","MEDIUM","KGSO"
90337,"Liberia_VOR-DME_CR","LIB","Liberia","VOR-DME",112800,10.593299865722656,-85.54669952392578,270,"CR",112800,"075X",,,,,0.348,"BOTH","HIGH","MRLB"
90341,"Liepaja_VOR-DME_LV","LIE","Liepaja","VOR-DME",112300,56.51860046386719,21.091999053955078,0,"LV",112300,"070X",,,,2.007,4.58,"RNAV","HIGH","EVLA"
90343,"Liling_VOR-DME_CN","LIG","Liling","VOR-DME",112400,27.626699447631836,113.5270004272461,279,"CN",112400,"071X",,,,,-3.063,"BOTH","HIGH",
90344,"Lihue_VORTAC_US","LIH","Lihue","VORTAC",113500,21.965299606323242,-159.33799743652344,110,"US",113500,"082X",,,,11.001,9.584,"BOTH","HIGH","PHLI"
90345,"Lima_VOR-DME_PE","LIM","Lima","VOR-DME",113800,-12.008600234985352,-77.122802734375,100,"PE",113800,"085X",,,,,0.06,"BOTH","HIGH","SPIM"
90346,"Linden_VORTAC_US","LIN","Linden","VORTAC",114800,38.07460021972656,-121.00399780273438,260,"US",114800,"095X",,,,17.001,14.364,"BOTH","HIGH","KRIU"
90347,"Linate_VOR-DME_IT","LIN","Linate","VOR-DME",112250,45.4612007141,9.2753200531,386,"IT",116000,"107X",,,,,1.054,"BOTH","HIGH","LIML"
90348,"Linin_VOR-DME_PL","LIN","Linin","VOR-DME",113100,51.932899475097656,21.15850067138672,394,"PL",113100,"078X",,,,2.007,4.194,"BOTH","HIGH",
90350,"Limon_VOR-DME_CR","LIO","Limon","VOR-DME",116300,9.963330268859863,-83.02670288085938,7,"CR",116300,"110X",,,,,-0.481,"BOTH","HIGH","MRLM"
90352,"Lipa_VOR_PH","LIP","Lipa","VOR",115100,13.956199645996094,121.12699890136719,1220,"PH",,,,,,-1.011,-1.117,"BOTH","HIGH","RPUL"
90355,"Lisboa_VOR-DME_PT","LIS","Lisboa","VOR-DME",114800,38.889400482177734,-9.162779808044434,1142,"PT",114800,"095X",,,,-5.007,-4.002,"BOTH","HIGH","LPPT"
90358,"Little_Rock_VORTAC_US","LIT","Little Rock","VORTAC",113900,34.67770004272461,-92.18049621582031,240,"US",113900,"086X",,,,5.001,1.314,"BOTH","HIGH",
90360,"Lanseria_VOR-DME_ZA","LIV","Lanseria","VOR-DME",117400,-25.94890022277832,27.91360092163086,4570,"ZA",117400,"121X",,,,,-17.272,"BOTH","HIGH","FALA"
90361,"Lviv_VOR-DME_UA","LIV","Lviv","VOR-DME",115500,49.81159973144531,23.951000213623047,1094,"UA",115500,"102X",,,,,4.432,"BOTH","HIGH","UKLL"
90364,"Lodja_VOR_CD","LJA","Lodja","VOR",115500,-3.4190399646759033,23.449800491333008,,"CD",,,,,,,-0.562,"BOTH","HIGH",
90365,"Wanchang_VOR-DME_CN","LJB","Wanchang","VOR-DME",115900,43.77330017089844,125.85199737548828,653,"CN",115900,"106X",,,,,-9.344,"BOTH","HIGH","ZYCC"
90366,"Lianjiang_VOR-DME_CN","LJG","Lianjiang","VOR-DME",117600,26.219999313354492,119.5469970703125,151,"CN",117600,"123X",,,,,-3.464,"BOTH","HIGH","ZSFZ"
90369,"Timmerman_VOR-DME_US","LJT","Timmerman","VOR-DME",112500,43.109798431396484,-88.03730010986328,750,"US",112500,"072X",,,,-2.001,-3.019,"TERMINAL","MEDIUM",
90370,"Ljungbyhed_VOR-DME_SE","LJU","Ljungbyhed","VOR-DME",113400,56.083099365234375,13.20110034942627,154,"SE",113400,"081X",,,,,2.115,"TERMINAL","LOW","ESTL"
90379,"Esdem_VOR-DME_IN","LKA","Esdem","VOR-DME",114000,28.179500579833984,74.10919952392578,841,"IN",114000,"087X",,,,1.011,0.44,"BOTH","HIGH",
90380,"Lung_Kwu_Chau_VOR-DME_HK","LKC","Lung Kwu Chau","VOR-DME",113200,22.3789005279541,113.88400268554688,253,"HK",113200,"079X",,,,-2.011,-2.139,"BOTH","HIGH","VHHH"
90384,"Longkou_VOR-DME_CN","LKO","Longkou","VOR-DME",115800,29.91670036315918,113.6969985961914,103,"CN",115800,"105X",,,,,-3.332,"BOTH","HIGH",
90386,"Salmon_VOR-DME_US","LKT","Salmon","VOR-DME",113500,45.02130126953125,-114.08399963378906,9258,"US",113500,"082X",,,,18.001,14.349,"BOTH","HIGH",
90388,"Lakeview_VORTAC_US","LKV","Lakeview","VORTAC",112000,42.492801666259766,-120.50700378417969,7460,"US",112000,"057X",,,,19.001,15.427,"BOTH","HIGH",
90393,"White_Lake_VOR-DME_US","LLA","White Lake","VOR-DME",110400,29.66320037841797,-92.37359619140625,40,"US",110400,"041X",,,,4.001,2.035,"BOTH","MEDIUM",
90395,"Lovelock_VORTAC_US","LLC","Lovelock","VORTAC",116500,40.124900817871094,-118.5780029296875,4784,"US",116500,"112X",,,,16.001,14.393,"BOTH","MEDIUM",
90396,"Laoliangcang_VOR-DME_CN","LLC","Laoliangcang","VOR-DME",116200,28.068300247192383,112.21199798583984,472,"CN",116200,"109X",,,,,-2.568,"BOTH","HIGH",
90399,"Lucknow_VOR-DME_IN","LLK","Lucknow","VOR-DME",113100,26.76219940185547,80.88050079345703,400,"IN",113100,"078X",,,,0.011,0.107,"BOTH","HIGH","VILK"
90401,"Llano_VORTAC_US","LLO","Llano","VORTAC",108200,30.796300888061523,-98.78739929199219,1200,"US",108200,"019X",,,,8.012,5.48,"BOTH","MEDIUM",
90402,"Lengpui_VOR-DME_IN","LLP","Lengpui","VOR-DME",114200,23.829700469970703,92.62590026855469,1372,"IN",114200,"089X",,,,0.011,-0.329,"BOTH","HIGH","VELP"
90406,"Lajes_VOR_PT","LM","Lajes","VOR",112300,38.78390121459961,-27.104400634765625,255,"PT",,,,,,-14.001,-10.48,"BOTH","HIGH","LPLA"
90407,"Learmonth_VOR-DME_AU","LM","Learmonth","VOR-DME",112400,-22.234699249267578,114.09400177001953,25,"AU",112400,"071X",,,,0.007,0.336,"BOTH","HIGH","YPLM"
90408,"Lome_VOR-DME_TG","LM","Lome","VOR-DME",115300,6.184080123901367,1.268779993057251,72,"TG",115300,"100X",6.17456,1.25975,79,,-4.09,"BOTH","HIGH","DXXX"
90418,"Limoges_VOR-DME_FR","LMG","Limoges","VOR-DME",114500,45.81589889526367,1.0255800485610962,1375,"FR",114500,"092X",,,,-3.007,-1.127,"BOTH","HIGH","LFBL"
90419,"Mochis_VOR-DME_MX","LMM","Mochis","VOR-DME",115500,25.682600021362305,-109.0719985961914,16,"MX",115500,"102X",,,,10.007,9.312,"BOTH","HIGH","MMLM"
90420,"Lamoni_VORTAC_US","LMN","Lamoni","VORTAC",116700,40.59669876098633,-93.96759796142578,1140,"US",116700,"114X",,,,7.001,2.206,"BOTH","HIGH","LWD"
90422,"Longmen_VOR-DME_CN","LMN","Longmen","VOR-DME",116300,23.649999618530273,114.3270034790039,128,"CN",116300,"110X",,,,,-2.319,"BOTH","HIGH",
90423,"Limnos_VOR-DME_GR","LMO","Limnos","VOR-DME",109200,39.919498443603516,25.237199783325195,30,"GR",109200,"029X",,,,2.007,3.399,"BOTH","HIGH","LGLM"
90424,"La_Mesa_VOR-DME_HN","LMS","La Mesa","VOR-DME",113100,15.469799995422363,-87.90850067138672,91,"HN",113100,"078X",,,,2.007,1.05,"BOTH","HIGH","MHLM"
90427,"Klamath_Falls_VORTAC_US","LMT","Klamath Falls","VORTAC",115900,42.153099060058594,-121.72799682617188,4087,"US",115900,"106X",,,,17.001,15.512,"BOTH","HIGH","KLMT"
90428,"Lamezia_Terme_VOR-DME_IT","LMT","Lamezia Terme","VOR-DME",112500,38.902801513671875,16.264999389648438,45,"IT",112500,"072X",,,,,2.182,"LO","MEDIUM","LICA"
90441,"Lands_End_VOR-DME_GB","LND","Lands End","VOR-DME",114200,50.13629913330078,-5.636990070343018,800,"GB",114200,"089X",,,,-5.001,-4.096,"BOTH","HIGH","EGHQ"
90443,"Luonet_VOR-DME_FI","LNE","Luonet","VOR-DME",112300,62.420799255371094,25.623300552368164,696,"FI",112300,"070X",,,,6.007,7.599,"RNAV","HIGH","EFJY"
90445,"Lincoln_VORTAC_US","LNK","Lincoln","VORTAC",116100,40.92380142211914,-96.74199676513672,1370,"US",116100,"108X",,,,9.001,4.261,"BOTH","HIGH","5K3"
90447,"Lost_Nation_VOR-DME_US","LNN","Lost Nation","VOR-DME",110200,41.68439865112305,-81.3895034790039,620,"US",110200,"039X",,,,-8.001,-8.172,"TERMINAL","LOW",
90448,"Olno_VOR-DME_BE","LNO","Olno","VOR-DME",112800,50.58580017089844,5.710279941558838,811,"BE",112800,"075X",,,,-1.007,-0.088,"BOTH","HIGH",
90449,"Tour_Du_Pin_VOR_FR","LNP","Tour Du Pin","VOR",113450,45.48979949951172,5.440000057220459,,"FR",,,,,,,0.06,"BOTH","HIGH",
90450,"Lone_Rock_VOR-DME_US","LNR","Lone Rock","VOR-DME",112800,43.29439926147461,-90.13310241699219,1184,"US",112800,"075X",,,,0.01,-1.134,"LO","MEDIUM",
90454,"Lanai_VORTAC_US","LNY","Lanai","VORTAC",117700,20.76449966430664,-156.968994140625,1250,"US",117700,"124X",,,,11.001,9.57,"BOTH","HIGH","PHNY"
90455,"Linz_VOR-DME_AT","LNZ","Linz","VOR-DME",116600,48.229698181152344,14.10319995880127,1145,"AT",116600,"113X",48.2297,14.1033,1145,0.007,2.164,"BOTH","HIGH",
90468,"Leona_VORTAC_US","LOA","Leona","VORTAC",110800,31.124000549316406,-95.96800231933594,350,"US",110800,"045X",,,,8.008,4.121,"LO","MEDIUM",
90469,"Calama_VOR-DME_CL","LOA","Calama","VOR-DME",116300,-22.50029945373535,-68.87689971923828,7692,"CL",116300,"110X",,,,-1.007,-3.051,"BOTH","HIGH","SCCF"
90473,"Londrina_VOR-DME_BR","LON","Londrina","VOR-DME",112400,-23.339500427246094,-51.11249923706055,1867,"BR",112400,"071X",,,,-15.007,-17.228,"BOTH","HIGH","SBLO"
90474,"London_VOR-DME_GB","LON","London","VOR-DME",113600,51.48720169067383,-0.4666669964790344,110,"GB",113600,"083X",,,,-3.001,-2.243,"BOTH","HIGH","EGLL"
90482,"Lagos_VOR-DME_NG","LOS","Lagos","VOR-DME",112900,6.542779922485352,3.3136699199676514,95,"NG",112900,"076X",,,,,-3.308,"BOTH","HIGH","DNMM"
90484,"Eilot_VOR-DME_IL","LOT","Eilot","VOR-DME",112000,29.607799530029297,34.97560119628906,200,"IL",112000,"057X",,,,2.007,3.276,"BOTH","HIGH","IL-0021"
90485,"Lodwar_VOR-DME_KE","LOV","Lodwar","VOR-DME",114500,3.1075000762939453,35.612701416015625,1715,"KE",114500,"092X",,,,0.001,1.049,"BOTH","HIGH","HKLO"
90486,"Loei_VOR-DME_TH","LOY","Loei","VOR-DME",115900,17.447099685668945,101.7229995727539,860,"TH",115900,"106X",,,,-1.011,-0.434,"BOTH","HIGH","VTUL"
90487,"London_VORTAC_US","LOZ","London","VORTAC",116100,37.03310012817383,-84.11009979248047,1240,"US",116100,"108X",,,,-3.004,-4.574,"LO","MEDIUM","KLOZ"
90488,"Legazpi_VOR-DME_PH","LP","Legazpi","VOR-DME",112200,13.150199890136719,123.72799682617188,66,"PH",112200,"059X",,,,-3.007,-1.041,"BOTH","HIGH","PH-0681"
90494,"Logrono_VOR-DME_ES","LPA","Logrono","VOR-DME",115450,42.46049880981445,-2.3269100189208984,1348,"ES",115450,"101Y",42.4604,-2.32698,1182,,-1.586,"BOTH","MEDIUM",
90495,"Luang_Phabang_VOR-DME_LA","LPB","Luang Phabang","VOR-DME",116600,19.89940071105957,102.16000366210938,948,"LA",116600,"113X",,,,-1.011,-0.52,"BOTH","HIGH","VLLB"
90496,"Gran_Canaria_VOR-DME_ES","LPC","Gran Canaria","VOR-DME",115000,27.828500747680664,-15.43220043182373,148,"ES",115000,"097X",27.8287,-15.4322,148,,-6.129,"BOTH","HIGH","GCLP"
90497,"Lampedusa_VOR-DME_IT","LPD","Lampedusa","VOR-DME",108600,35.499698638916016,12.630999565124512,59,"IT",108600,"023X",35.5003,12.6314,59,0.007,1.338,"RNAV","HIGH","LICD"
90500,"Lampang_VOR-DME_TH","LPN","Lampang","VOR-DME",114700,18.276899337768555,99.50240325927734,809,"TH",114700,"094X",,,,0.007,-0.442,"BOTH","HIGH","VTCL"
90515,"Lambarene_VOR_GA","LR","Lambarene","VOR",112700,-0.7078859806060791,10.240400314331055,82,"GA",,,,,,,-3.391,"BOTH","HIGH","FOGR"
90521,"La_Coruna_VOR-DME_ES","LRA","La Coruna","VOR-DME",115100,43.39619827270508,-8.306819915771484,415,"ES",115100,"098X",43.3961,-8.30679,423,,-4.07,"BOTH","HIGH","LECO"
90523,"Laredo_VORTAC_US","LRD","Laredo","VORTAC",117400,27.478700637817383,-99.4177017211914,580,"US",117400,"121X",,,,9.012,6.047,"BOTH","HIGH",
90526,"Longreach_VOR_AU","LRE","Longreach","VOR",117900,-23.424400329589844,144.28199768066406,627,"AU",,,,,,7.007,7.518,"BOTH","HIGH","YLRE"
90531,"La_Romana_VOR-DME_DO","LRN","La Romana","VOR-DME",116200,18.45400047302246,-68.91179656982422,259,"DO",116200,"109X",,,,,-11.06,"LO","HIGH","MDLR"
90533,"Lancaster_VORTAC_US","LRP","Lancaster","VORTAC",117300,40.119998931884766,-76.29129791259766,400,"US",117300,"120X",,,,-9.002,-11.331,"BOTH","MEDIUM","KLNS"
90535,"Gran_Roque_VOR-DME_VE","LRS","Gran Roque","VOR-DME",113100,11.947799682617188,-66.66950225830078,0,"VE",113100,"078X",,,,-10.007,-11.303,"BOTH","HIGH","SVRS"
90547,"Lyon_Saint_Exupery_VOR-DME_FR","LSE","Lyon/Saint Exupery","VOR-DME",114750,45.74549865722656,5.090579986572266,821,"FR",114750,"094Y",,,,-1.007,-0.006,"BOTH","HIGH","LFLL"
90548,"La_Crosse_VOR-DME_US","LSE","La Crosse","VOR-DME",108400,43.8760986328125,-91.25599670410156,650,"US",108400,"021X",,,,2.001,-0.205,"LO","LOW","KLSE"
90549,"Lawson_VOR-DME_US","LSF","Lawson","VOR-DME",111400,32.332401275634766,-84.99330139160156,250,"US",111400,"051X",32.3324,-84.9933,250,-2.001,-3.236,"LO","LOW","KLSF"
90551,"Lashio_VOR-DME_MM","LSO","Lashio","VOR-DME",116800,22.98419952392578,97.74620056152344,2470,"MM",116800,"115X",,,,0.007,-0.459,"BOTH","HIGH","VYLS"
90559,"Lesvos_VOR-DME_GR","LSV","Lesvos","VOR-DME",114200,39.231300354003906,26.42530059814453,705,"GR",114200,"089X",,,,0.007,3.445,"BOTH","HIGH","LGMT"
90560,"Launceston_VOR-DME_AU","LT","Launceston","VOR-DME",112600,-41.54389953613281,147.21299743652344,562,"AU",112600,"073X",,,,14.007,14.059,"BOTH","HIGH","YMLT"
90565,"Lanzarote_VOR-DME_ES","LTE","Lanzarote","VOR-DME",113700,28.9419002532959,-13.616399765014648,121,"ES",113700,"084X",28.942,-13.6165,121,-7.007,-5.285,"BOTH","HIGH","GCRR"
90566,"Klickitat_VOR-DME_US","LTJ","Klickitat","VOR-DME",112300,45.713600158691406,-121.10099792480469,3220,"US",112300,"070X",,,,21.001,16.481,"BOTH","HIGH",
90567,"Bassel_Al_Assad_VOR-DME_SY","LTK","Bassel Al Assad","VOR-DME",114800,35.39939880371094,35.95069885253906,193,"SY",114800,"095X",,,,,4.073,"TERMINAL","HIGH","OSLK"
90570,"Loreto_VOR-DME_MX","LTO","Loreto","VOR-DME",113200,25.98069953918457,-111.3499984741211,34,"MX",113200,"079X",,,,10.007,10.076,"BOTH","HIGH","MMLT"
90571,"La_Tontouta_VOR-DME_NC","LTO","La Tontouta","VOR-DME",112900,-22.00510025024414,166.21200561523438,52,"NC",112900,"076X",,,,13.007,12.194,"BOTH","HIGH","NWWW"
90572,"La_Tour_Du_Pin_VOR-DME_FR","LTP","La Tour Du Pin","VOR-DME",115550,45.48899841308594,5.439060211181641,2165,"FR",115550,"102Y",,,,-1.007,0.059,"BOTH","HIGH",
90573,"Altus_VORTAC_US","LTS","Altus","VORTAC",109800,34.662899017333984,-99.27120208740234,1370,"US",109800,"035X",,,,8.004,6.08,"LO","MEDIUM","KLTS"
90575,"Makhado_VORTAC_ZA","LTV","Makhado","VORTAC",115000,-23.15850067138672,29.686399459838867,3046,"ZA",115000,"097X",,,,,-14.134,"BOTH","HIGH",
90576,"Latacunga_VOR-DME_EC","LTV","Latacunga","VOR-DME",117100,-0.9241859912872314,-78.61750030517578,9140,"EC",117100,"118X",,,,,-1.278,"LO","HIGH","SELT"
90591,"Lubeck_VOR_DE","LUB","Lubeck","VOR",110600,53.94070053100586,10.667799949645996,264,"DE",,,,,,1.009,1.186,"BOTH","HIGH","EDHL"
90592,"Lubumbashi_VOR-DME_CD","LUB","Lubumbashi","VOR-DME",116700,-11.603899955749512,27.505399703979492,4380,"CD",116700,"114X",,,,,-3.245,"BOTH","HIGH","FZQA"
90594,"Le_Luc_VOR-DME_FR","LUC","Le Luc","VOR-DME",113000,43.3828010559082,6.255919933319092,266,"FR",113000,"077X",,,,0.007,0.237,"BOTH","HIGH","LFMC"
90601,"Luxeuil_VOR_FR","LUL","Luxeuil","VOR",117100,47.68830108642578,6.29557991027832,,"FR",,,,,,-1.007,0.134,"BOTH","HIGH","LFSX"
90602,"Mabor_VOR-DME_IN","LUN","Mabor","VOR-DME",117600,28.57029914855957,73.7842025756836,606,"IN",117600,"123X",,,,1.011,0.498,"BOTH","HIGH",
90605,"Luanxian_VOR-DME_CN","LUX","Luanxian","VOR-DME",117100,39.73830032348633,118.72799682617188,134,"CN",117100,"118X",,,,,-6.54,"BOTH","HIGH",
90606,"Luxembourg_VOR-DME_LU","LUX","Luxembourg","VOR-DME",112250,49.639400482177734,6.247220039367676,1234,"LU",112250,"059Y",,,,,0.054,"TERMINAL","LOW","ELLX"
90608,"Luziania_VOR-DME_BR","LUZ","Luziania","VOR-DME",113100,-16.260900497436523,-47.97100067138672,3269,"BR",113100,"078X",,,,,-20.135,"BOTH","HIGH","SWUZ"
90610,"Libreville_VOR-DME_GA","LV","Libreville","VOR-DME",112100,0.4798330068588257,9.401969909667969,52,"GA",112100,"058X",,,,,-3.327,"BOTH","HIGH","FOOL"
90616,"Lavan_Island_VOR-DME_IR","LVA","Lavan Island","VOR-DME",116850,26.81209945678711,53.355899810791016,76,"IR",116850,"115Y",,,,,1.593,"BOTH","HIGH","OIBV"
90619,"Level_Island_VOR-DME_US","LVD","Level Island","VOR-DME",116500,56.46770095825195,-133.08299255371094,100,"US",116500,"112X",,,,28.001,22.094,"BOTH","HIGH","PAWG"
90620,"Mount_Livingstone_VOR_AU","LVG","Mount Livingstone","VOR",117200,-37.1411018371582,147.552001953125,,"AU",,,,,,12.011,12.284,"BOTH","HIGH",
90623,"Lawrenceville_VORTAC_US","LVL","Lawrenceville","VORTAC",112900,36.81800079345703,-77.90299987792969,350,"US",112900,"076X",,,,-8.001,-9.309,"LO","MEDIUM",
90624,"Livingston_VORTAC_US","LVM","Livingston","VORTAC",116100,45.70249938964844,-110.44200134277344,4650,"US",116100,"108X",,,,15.001,13.135,"LO","MEDIUM","KLVM"
90626,"Livingston_VORTAC_US","LVT","Livingston","VORTAC",108400,36.584598541259766,-85.1666030883789,1020,"US",108400,"021X",,,,-2.001,-4.026,"LO","MEDIUM",
90628,"Wilkes-Barre_VORTAC_US","LVZ","Wilkes-Barre","VORTAC",111600,41.27280044555664,-75.68949890136719,2120,"US",111600,"053X",,,,-10.002,-12.19,"BOTH","MEDIUM","KAVP"
90638,"Lowenberg_VOR-DME_DE","LWB","Lowenberg","VOR-DME",114550,52.910301208496094,13.134599685668945,234,"DE",114550,"092Y",,,,1.01,2.067,"BOTH","HIGH",
90639,"Greenbrier_VOR-DME_US","LWB","Greenbrier","VOR-DME",116050,37.863800048828125,-80.39199829101562,2319,"US",116050,"107Y",,,,-8.001,-7.598,"BOTH","HIGH",
90642,"Wells_VOR_US","LWL","Wells","VOR",114200,41.144798278808594,-114.97799682617188,5905,"US",,,,,,17.001,13.571,"LO","MEDIUM",
90643,"Lawrence_VOR-DME_US","LWM","Lawrence","VOR-DME",112500,42.74039840698242,-71.09480285644531,299,"US",112500,"072X",,,,-15.001,-15.294,"TERMINAL","MEDIUM","KBED"
90644,"Lewistown_VORTAC_US","LWT","Lewistown","VORTAC",112000,47.053001403808594,-109.60600280761719,4133,"US",112000,"057X",47.0524,-109.606,4130,15.001,13.054,"BOTH","HIGH","KLWT"
90646,"Langebaanweg_VORTAC_ZA","LWV","Langebaanweg","VORTAC",117000,-32.9828987121582,18.16390037536621,106,"ZA",117000,"117X",,,,,-23.206,"BOTH","HIGH","FALW"
90647,"Lawrenceville_VOR-DME_US","LWV","Lawrenceville","VOR-DME",108800,38.769901275634766,-87.60379791259766,429,"US",108800,"025X",,,,-1.011,-2.312,"LO","LOW",
90649,"Lhasa_VOR-DME_CN","LXA","Lhasa","VOR-DME",113100,29.301700592041016,91.00170135498047,11724,"CN",113100,"078X",,,,,-0.049,"BOTH","HIGH",
90651,"Luxi_VOR-DME_CN","LXI","Luxi","VOR-DME",112300,24.538299560546875,103.74299621582031,5592,"CN",112300,"070X",,,,,-1.175,"BOTH","HIGH",
90654,"Luxor_VOR-DME_EG","LXR","Luxor","VOR-DME",114400,25.749399185180664,32.76860046386719,332,"EG",114400,"091X",,,,3.005,3.05,"BOTH","HIGH","HELX"
90661,"Lydd_VOR-DME_GB","LYD","Lydd","VOR-DME",114050,50.999698638916016,0.8786110281944275,30,"GB",114050,"087Y",,,,-3.007,-1.504,"BOTH","HIGH","EGMD"
90662,"Laboulaye_VOR_AR","LYE","Laboulaye","VOR",116300,-34.1411018371582,-63.36249923706055,449,"AR",,,,,,-1.007,-2.487,"BOTH","HIGH","SASQ"
90665,"Lynchburg_VORTAC_US","LYH","Lynchburg","VORTAC",109200,37.254600524902344,-79.23650360107422,880,"US",109200,"029X",,,,-5.001,-8.412,"BOTH","MEDIUM","KLYH"
90670,"Ladysmith_VOR_ZA","LYV","Ladysmith","VOR",116500,-28.60449981689453,29.69420051574707,3805,"ZA",,,,,,,-21.401,"BOTH","HIGH","FALY"
90678,"Lanzarote_VOR-DME_ES","LZR","Lanzarote","VOR-DME",115200,29.166000366210938,-13.510700225830078,1768,"ES",115200,"099X",,,,-7.007,-5.256,"BOTH","HIGH","GCRR"
90679,"Lampasas_VORTAC_US","LZZ","Lampasas","VORTAC",112500,31.18549919128418,-98.14189910888672,1290,"US",112500,"072X",,,,8.012,5.271,"LO","HIGH",
90690,"Al_Dhafra_VORTAC_AE","MA","Al Dhafra","VORTAC",114900,24.24679946899414,54.5453987121582,76,"AE",114900,"096X",,,,1.005,1.25,"BOTH","HIGH","OMAM"
90691,"Mount_Isa_VOR-DME_AU","MA","Mount Isa","VOR-DME",117500,-20.66469955444336,139.48599243164062,1142,"AU",117500,"122X",-20.6667,139.489,1121,6.007,6.115,"BOTH","HIGH","YBMA"
90711,"Macae_VOR-DME_BR","MAC","Macae","VOR-DME",112700,-22.344900131225586,-41.76890182495117,8,"BR",112700,"074X",,,,-21.007,-22.158,"BOTH","HIGH","SBME"
90712,"Machrihanish_VOR-DME_GB","MAC","Machrihanish","VOR-DME",116000,55.43000030517578,-5.650279998779297,95,"GB",116000,"107X",,,,-7.001,-5.196,"BOTH","HIGH","EGEC"
90715,"Los_Angeles_VOR_CL","MAD","Los Angeles","VOR",112900,-37.406700134277344,-72.42469787597656,374,"CL",,,,,,,7.058,"BOTH","HIGH","SCGE"
90716,"Madison_VOR-DME_US","MAD","Madison","VOR-DME",110400,41.31380081176758,-72.69219970703125,230,"US",110400,"041X",,,,-13.001,-14.089,"LO","MEDIUM",
90719,"Midland_VORTAC_US","MAF","Midland","VORTAC",114800,32.009300231933594,-102.19000244140625,2860,"US",114800,"095X",,,,11.012,7.342,"LO","MEDIUM","KMAF"
90720,"Magdeburg_VOR-DME_DE","MAG","Magdeburg","VOR-DME",110450,51.994998931884766,11.794300079345703,209,"DE",110450,"041Y",,,,1.011,1.417,"BOTH","HIGH","EDOV"
90721,"Marathon_VOR_US","MAH","Marathon","VOR",114900,41.015098571777344,-83.66470336914062,831,"US",,,,,,-5.001,-6.152,"TERMINAL","LOW",
90722,"Maisach_VOR-DME_DE","MAH","Maisach","VOR-DME",115200,48.263401031499995,11.311900138899999,1759,"DE",108400,"021X",,,,1,1.4,"BOTH","HIGH",
90723,"Mahshahr_VOR-DME_IR","MAH","Mahshahr","VOR-DME",115800,30.556299209594727,49.14939880371094,8,"IR",115800,"105X",,,,3.001,3.042,"BOTH","HIGH","OIAM"
90724,"Marianna_VORTAC_US","MAI","Marianna","VORTAC",114000,30.78619956970215,-85.12449645996094,120,"US",114000,"087X",,,,0.001,-3.022,"LO","MEDIUM",
90727,"Marsa_Alam_VOR-DME_EG","MAK","Marsa Alam","VOR-DME",115500,25.582799911499023,34.56560134887695,265,"EG",115500,"102X",,,,,3.09,"BOTH","HIGH","HEMA"
90728,"Marrakech_VOR-DME_MA","MAK","Marrakech","VOR-DME",113300,31.61280059814453,-8.103059768676758,1470,"MA",113300,"080X",,,,-6.007,-3.274,"BOTH","HIGH","GMMX"
90730,"Malayer_VOR-DME_IR","MAL","Malayer","VOR-DME",112100,34.34189987182617,48.75199890136719,6312,"IR",112100,"058X",,,,3.001,3.512,"BOTH","HIGH",
90731,"Malpensa_VOR-DME_IT","MAL","Malpensa","VOR-DME",111200,45.6427001953125,8.734560012817383,768,"IT",111200,"049X",,,,,0.572,"BOTH","HIGH","LIMC"
90734,"Matamoros_VOR-DME_MX","MAM","Matamoros","VOR-DME",114300,25.77079963684082,-97.5239028930664,25,"MX",114300,"090X",,,,7.01,5.097,"BOTH","HIGH","MMMA"
90738,"Maples_VORTAC_US","MAP","Maples","VORTAC",113400,37.59080123901367,-91.7885971069336,1370,"US",113400,"081X",,,,6.001,0.572,"LO","MEDIUM","KTBN"
90739,"Maracaibo_VORTAC_VE","MAR","Maracaibo","VORTAC",115700,10.584199905395508,-71.71289825439453,112,"VE",115700,"104X",,,,-6.007,-8.13,"BOTH","HIGH","SVMC"
90740,"Marie_VOR-DME_FI","MAR","Marie","VOR-DME",114700,60.14099884033203,19.914400100708008,118,"FI",114700,"094X",,,,2.007,5.065,"RNAV","HIGH","EFMA"
90741,"Martin_VOR-DME_ES","MAR","Martin","VOR-DME",112600,37.055301666259766,-4.939889907836914,2267,"ES",112600,"073X",37.0554,-4.93983,2267,-3.007,-2.296,"BOTH","HIGH","LEMG"
90747,"Maastricht_VOR-DME_NL","MAS","Maastricht","VOR-DME",108600,50.971900939941406,5.960430145263672,283,"NL",108600,"023X",,,,-1.007,-0.057,"BOTH","HIGH","EHBK"
90751,"Mene_Mauroa_VOR-DME_VE","MAU","Mene Mauroa","VOR-DME",117900,10.690899848937988,-71.04010009765625,406,"VE",117900,"126X",,,,-6.007,-8.39,"BOTH","HIGH",
90752,"Malden_VORTAC_US","MAW","Malden","VORTAC",111200,36.55509948730469,-89.9113998413086,280,"US",111200,"049X",,,,3.001,-0.214,"LO","MEDIUM",
90753,"Mayfield_VOR-DME_GB","MAY","Mayfield","VOR-DME",117900,51.0172004699707,0.11611100286245346,360,"GB",117900,"126X",,,,-3.001,-2.072,"BOTH","HIGH",
90754,"Mayaguez_VOR-DME_PR","MAZ","Mayaguez","VOR-DME",110600,18.256500244140625,-67.1510009765625,18,"PR",110600,"043X",,,,-10.006,-12.012,"BOTH","MEDIUM","TJMZ"
90763,"Mbandaka_VOR-DME_CD","MBA","Mbandaka","VOR-DME",115700,0.04733699932694435,18.283000946044922,1026,"CD",115700,"104X",,,,,-1.187,"BOTH","HIGH","FZEA"
90764,"Smara_VOR-DME_EH","MBA","Smara","VOR-DME",117700,26.7367000579834,-11.667900085449219,350,"EH",117700,"124X",,,,,-4.524,"BOTH","HIGH","GMMA"
90765,"Matsumoto_VOR-DME_JP","MBE","Matsumoto","VOR-DME",117600,36.15599822998047,137.9199981689453,2260,"JP",117600,"123X",,,,-7.011,-7.19,"BOTH","HIGH","RJAF"
90766,"Moosburg_VOR-DME_DE","MBG","Moosburg","VOR-DME",117150,48.57339859008789,12.26099967956543,1658,"DE",117150,"118Y",,,,1.009,1.491,"BOTH","HIGH",
90767,"Marambio_VOR-DME_AQ","MBI","Marambio","VOR-DME",117000,-64.23470306396484,-56.619998931884766,760,"AQ",117000,"117X",,,,11.007,11.12,"BOTH","HIGH","SAWB"
90770,"Manistee_VOR-DME_US","MBL","Manistee","VOR-DME",111400,44.27069854736328,-86.25399780273438,618,"US",111400,"051X",,,,-5.001,-4.545,"LO","MEDIUM",
90771,"Malabo_VOR-DME_GQ","MBO","Malabo","VOR-DME",114500,3.7682199478149414,8.720250129699707,56,"GQ",114500,"092X",,,,,-2.513,"BOTH","HIGH","FGSL"
90772,"Saginaw_VOR-DME_US","MBS","Saginaw","VOR-DME",112900,43.53160095214844,-84.07720184326172,670,"US",112900,"076X",,,,-3.001,-6.366,"LO","MEDIUM","KMBS"
90773,"Masbate_VOR-DME_PH","MBT","Masbate","VOR-DME",115700,12.369199752807617,123.63099670410156,50,"PH",115700,"104X",,,,0.007,-0.543,"BOTH","HIGH","RPVJ"
90774,"Medicine_Bow_VOR-DME_US","MBW","Medicine Bow","VOR-DME",111600,41.84550094604492,-106.00399780273438,7000,"US",111600,"053X",,,,14.001,10.225,"BOTH","MEDIUM","80V"
90775,"Moulins_Montbeugny_VOR_FR","MBY","Moulins/Montbeugny","VOR",109600,46.54130172729492,3.4995601177215576,,"FR",,,,,,,-0.31,"LO","MEDIUM","LFHY"
90776,"Mbuji_Mayi_VOR-DME_CD","MBY","Mbuji Mayi","VOR-DME",112900,-6.115469932556152,23.563100814819336,2221,"CD",112900,"076X",,,,,-1.387,"BOTH","HIGH","FZWA"
90778,"Maroochydore_VOR-DME_AU","MC","Maroochydore","VOR-DME",114200,-26.59779930114746,153.08999633789062,25,"AU",114200,"089X",,,,10.007,10.539,"RNAV","HIGH","YBSU"
90788,"Mc_Comb_VORTAC_US","MCB","Mc Comb","VORTAC",116700,31.304500579833984,-90.2582015991211,440,"US",116700,"114X",,,,3.001,0.304,"BOTH","HIGH","KMCB"
90789,"Mc_Clellan_VOR-DME_US","MCC","Mc Clellan","VOR-DME",109200,38.66740036010742,-121.40399932861328,72,"US",109200,"029X",,,,17.001,14.499,"TERMINAL","LOW","KMCC"
90790,"Zumbi_VOR-DME_BR","MCE","Zumbi","VOR-DME",115100,-9.509889602661133,-35.78689956665039,387,"BR",115100,"098X",,,,,-22.442,"BOTH","HIGH","SBMO"
90792,"Mcgrath_VORTAC_US","MCG","Mcgrath","VORTAC",115500,62.95100021362305,-155.61099243164062,350,"US",115500,"102X",,,,23.001,18.255,"BOTH","HIGH","PAMC"
90795,"Kansas_City_VORTAC_US","MCI","Kansas City","VORTAC",113250,39.285301208496094,-94.73709869384766,1017,"US",113250,"079Y",,,,5.001,3.019,"BOTH","HIGH","KFLV"
90796,"Mc_Cook_VOR-DME_US","MCK","Mc Cook","VOR-DME",115300,40.203800201416016,-100.59400177001953,2571,"US",115300,"100X",,,,8.001,7.054,"BOTH","HIGH",
90799,"Macon_VOR-DME_US","MCM","Macon","VOR-DME",112900,39.65409851074219,-92.4822006225586,870,"US",112900,"076X",,,,6.001,1.161,"BOTH","MEDIUM",
90800,"Macon_VORTAC_US","MCN","Macon","VORTAC",114200,32.691200256347656,-83.64720153808594,350,"US",114200,"089X",,,,1.001,-4.265,"BOTH","HIGH","KMCN"
90801,"Mallacoota_VOR-DME_AU","MCO","Mallacoota","VOR-DME",117500,-37.59619903564453,149.71800231933594,133,"AU",117500,"122X",-37.6006,149.723,133,13.007,13.302,"BOTH","HIGH","YMCO"
90804,"Macapa_VOR-DME_BR","MCP","Macapa","VOR-DME",112000,0.05216699838638306,-51.073001861572266,56,"BR",112000,"057X",,,,-18.007,-18.465,"BOTH","MEDIUM","SBMQ"
90807,"Monte_Caseros_VOR-DME_AR","MCS","Monte Caseros","VOR-DME",113900,-30.266700744628906,-57.638301849365234,174,"AR",113900,"086X",,,,-7.007,-9.549,"BOTH","HIGH","SARM"
90808,"Seeb_VOR-DME_OM","MCT","Seeb","VOR-DME",114500,23.591100692749023,58.260101318359375,80,"OM",114500,"092X",,,,0.007,0.542,"BOTH","HIGH","OOMS"
90809,"Mactan_VOR-DME_PH","MCT","Mactan","VOR-DME",114300,10.313599586486816,123.98799896240234,36,"PH",114300,"090X",,,,0.007,-0.289,"BOTH","HIGH","RPVM"
90810,"Manchester_VOR-DME_GB","MCT","Manchester","VOR-DME",113550,53.35689926147461,-2.2622199058532715,282,"GB",113550,"082Y",,,,-5.007,-3.257,"RNAV","HIGH","EGCC"
90812,"Macau_VOR-DME_MO","MCU","Macau","VOR-DME",116400,22.13559913635254,113.5979995727539,30,"MO",116400,"111X",,,,-2.011,-2.093,"BOTH","HIGH","VMMC"
90813,"Mason_City_VORTAC_US","MCW","Mason City","VORTAC",114900,43.09469985961914,-93.32990264892578,1210,"US",114900,"096X",,,,6.001,1.338,"BOTH","HIGH",
90817,"Madang_VOR-DME_PG","MD","Madang","VOR-DME",116300,-5.211629867553711,145.77699279785156,11,"PG",116300,"110X",,,,6.011,5.28,"BOTH","HIGH","AYMD"
90831,"Minami_Daito_VOR-DME_JP","MDE","Minami Daito","VOR-DME",117800,25.85449981689453,131.26400756835938,167,"JP",117800,"125X",,,,-4.011,-4.191,"LO","LOW","ROMD"
90833,"Milldorf_VOR-DME_DE","MDF","Milldorf","VOR-DME",117000,48.23469924926758,12.337400436401367,1526,"DE",117000,"117X",,,,1.009,1.528,"BOTH","HIGH",
90834,"Mudgee_VOR_AU","MDG","Mudgee","VOR",112200,-32.5609016418457,149.593994140625,1545,"AU",,,,,,11.007,11.388,"BOTH","HIGH","YMDG"
90836,"Madurai_VOR-DME_IN","MDI","Madurai","VOR-DME",116100,9.831080436706543,78.08899688720703,461,"IN",116100,"108X",,,,-2.011,-2.196,"BOTH","HIGH","VOMD"
90839,"Medan_VOR-DME_ID","MDN","Medan","VOR-DME",113000,3.504549980163574,98.60769653320312,175,"ID",113000,"077X",,,,0.007,-0.322,"BOTH","HIGH","WIMK"
90840,"Middleton_Island_VOR-DME_US","MDO","Middleton Island","VOR-DME",115300,59.42179870605469,-146.35000610351562,121,"US",115300,"100X",,,,21.001,20.554,"BOTH","HIGH",
90841,"Mar_Del_Plata_VOR-DME_AR","MDP","Mar Del Plata","VOR-DME",116200,-37.9296989440918,-57.57640075683594,73,"AR",116200,"109X",,,,-5.007,-5.52,"BOTH","HIGH","SAZM"
90845,"Mandalay_VOR-DME_MM","MDY","Mandalay","VOR-DME",112800,21.93429946899414,96.12979888916016,252,"MM",112800,"075X",,,,-1.011,-0.428,"BOTH","HIGH","VYCZ"
90862,"Davis_VOR_US","MEE","Davis","VOR",108600,35.66320037841797,-95.3676986694336,610,"US",,,,,,6.001,3.403,"TERMINAL","LOW",
90865,"Meridian_VORTAC_US","MEI","Meridian","VORTAC",117000,32.378501892089844,-88.8042984008789,580,"US",117000,"117X",,,,5.001,-0.383,"BOTH","HIGH","KMEI"
90866,"Meekatharra_VOR-DME_AU","MEK","Meekatharra","VOR-DME",112900,-26.60689926147461,118.53299713134766,1723,"AU",112900,"076X",-26.6069,118.532,1723,0.007,0.578,"BOTH","HIGH","YMEK"
90868,"Melilla_VOR-DME_ES","MEL","Melilla","VOR-DME",114250,35.280399322509766,-2.958169937133789,200,"ES",114250,"089Y",35.2803,-2.95828,200,,-1.51,"LO","LOW","GEML"
90870,"Memphis_VORTAC_US","MEM","Memphis","VORTAC",117500,35.015098571777344,-89.98320007324219,360,"US",117500,"122X",,,,1.001,-0.065,"BOTH","HIGH","KMEM"
90872,"Mende_VOR-DME_FR","MEN","Mende","VOR-DME",115300,44.608299255371094,3.1624200344085693,4515,"FR",115300,"100X",,,,-2.007,-0.292,"BOTH","HIGH",
90873,"Menderes_VOR-DME_TR","MEN","Menderes","VOR-DME",117900,38.29610061645508,27.15920066833496,407,"TR",117900,"126X",,,,,3.438,"LO","MEDIUM","LTBJ"
90874,"Mercaderes_VOR-DME_CO","MER","Mercaderes","VOR-DME",116300,1.7883299589157104,-77.15080261230469,3800,"CO",116300,"110X",,,,-1.007,-2.597,"BOTH","HIGH",
90877,"Mesta_VOR-DME_GR","MES","Mesta","VOR-DME",117600,38.25170135498047,25.90559959411621,1165,"GR",117600,"123X",,,,2.307,3.347,"BOTH","HIGH","LGHI"
90878,"Mesnali_VOR-DME_NO","MES","Mesnali","VOR-DME",114400,61.09980010986328,10.642800331115723,2317,"NO",114400,"091X",,,,-1.001,1.094,"RNAV","HIGH",
90880,"Bronkhorstspruit_VORTAC_ZA","MEV","Bronkhorstspruit","VORTAC",114300,-25.7908992767334,28.56130027770996,4928,"ZA",114300,"090X",,,,,-17.254,"BOTH","HIGH",
90881,"Mexico_VOR-DME_MX","MEX","Mexico","VOR-DME",115600,19.439300537109375,-99.06680297851562,7316,"MX",115600,"103X",,,,8.007,5.587,"BOTH","HIGH","MMMX"
90884,"Mamfe_VOR_CM","MF","Mamfe","VOR",115100,5.705689907073975,9.303950309753418,153,"CM",,,,,,-5.007,-2.163,"BOTH","HIGH",
90894,"Mansfield_VORTAC_US","MFD","Mansfield","VORTAC",108800,40.86859893798828,-82.59100341796875,1210,"US",108800,"025X",,,,-3.001,-7.054,"LO","MEDIUM",
90896,"Mc_Allen_VOR-DME_US","MFE","Mc Allen","VOR-DME",117200,26.173900604248047,-98.24079895019531,100,"US",117200,"119X",,,,9.012,5.305,"BOTH","HIGH","KMFE"
90899,"Philibert_Tsiranana_VOR-DME_MG","MG","Philibert Tsiranana","VOR-DME",112100,-15.657500267028809,46.3406982421875,87,"MG",112100,"058X",,,,,-11.02,"BOTH","HIGH","FMNM"
90910,"Ouere_VOR-DME_NC","MGA","Ouere","VOR-DME",113000,-22.315399169921875,166.47300720214844,-8,"NC",113000,"077X",,,,12.011,12.267,"BOTH","HIGH","NWWM"
90911,"Managua_VOR-DME_NI","MGA","Managua","VOR-DME",112100,12.139699935913086,-86.17420196533203,194,"NI",112100,"058X",,,,,0.398,"BOTH","HIGH","MNMG"
90912,"Magala_VOR-DME_SA","MGA","Magala","VOR-DME",116300,26.28890037536621,47.20690155029297,1568,"SA",116300,"110X",,,,1.007,2.344,"BOTH","HIGH",
90913,"Malaga_VOR-DME_ES","MGA","Malaga","VOR-DME",112000,36.814300537109375,-4.36952018737793,3396,"ES",112000,"057X",36.8144,-4.36946,3396,-3.807,-2.185,"BOTH","HIGH","LEMG"
90919,"Montgomery_VORTAC_US","MGM","Montgomery","VORTAC",112100,32.2223014831543,-86.3197021484375,270,"US",112100,"058X",,,,3.001,-2.246,"BOTH","HIGH",
90920,"Magangue_VOR-DME_CO","MGN","Magangue","VOR-DME",114100,9.287409782409668,-74.84719848632812,164,"CO",114100,"088X",,,,-5.007,-5.552,"BOTH","HIGH","SKMG"
90921,"Magnitogorsk_VOR-DME_RU","MGR","Magnitogorsk","VOR-DME",114100,53.40330123901367,58.75669860839844,1426,"RU",114100,"088X",,,,,11.37,"BOTH","MEDIUM","USCM"
90922,"Moultrie_VOR-DME_US","MGR","Moultrie","VOR-DME",108800,31.082300186157227,-83.80419921875,290,"US",108800,"025X",,,,-2.001,-4.019,"LO","MEDIUM",
90926,"Morgantown_VORTAC_US","MGW","Morgantown","VORTAC",111600,39.55670166015625,-79.86039733886719,2340,"US",111600,"053X",,,,-5.001,-8.51,"BOTH","MEDIUM","4G7"
90938,"Mitchell_VOR-DME_US","MHE","Mitchell","VOR-DME",109200,43.777000427246094,-98.03759765625,1301,"US",109200,"029X",43.7772,-98.0373,1325,7.001,5.189,"LO","MEDIUM",
90939,"Trinity_VOR-DME_US","MHF","Trinity","VOR-DME",113600,29.546300888061523,-94.74749755859375,38,"US",113600,"083X",,,,7.012,3.319,"TERMINAL","MEDIUM","KGLS"
90941,"Manhattan_VOR-DME_US","MHK","Manhattan","VOR-DME",110200,39.14540100097656,-96.668701171875,1044,"US",110200,"039X",,,,6.005,4.266,"LO","LOW","KMHK"
90944,"Menorca_VOR-DME_ES","MHN","Menorca","VOR-DME",112600,39.86349868774414,4.217189788818359,325,"ES",112600,"073X",39.8635,4.217,325,-1.007,-0.013,"BOTH","HIGH","LEMH"
90946,"Mae_Hong_Son_VOR-DME_TH","MHS","Mae Hong Son","VOR-DME",115500,19.319599151611328,97.91210174560547,929,"TH",115500,"102X",,,,0.007,-0.448,"BOTH","HIGH","VTCH"
90947,"Manchester_VOR-DME_US","MHT","Manchester","VOR-DME",114400,42.868499755859375,-71.36949920654297,469,"US",114400,"091X",,,,-15.001,-15.239,"LO","MEDIUM",
90949,"Monchengladbach_VOR_DE","MHV","Monchengladbach","VOR",109800,51.237300872802734,6.490240097045898,156,"DE",,,,,,-1.001,0.035,"TERMINAL","HIGH","EDLN"
90950,"Machala_VOR-DME_EC","MHV","Machala","VOR-DME",112100,-3.2950000762939453,-79.94419860839844,26,"EC",112100,"058X",,,,1.007,-0.052,"BOTH","HIGH","EC-0064"
90959,"Mildura_VOR-DME_AU","MIA","Mildura","VOR-DME",113700,-34.22669982910156,142.08599853515625,230,"AU",113700,"084X",,,,9.011,9.253,"BOTH","HIGH","YMIA"
90960,"Mandalay_VOR-DME_MM","MIA","Mandalay","VOR-DME",116300,21.710899353027344,95.97470092773438,300,"MM",116300,"110X",,,,-1.011,-0.427,"BOTH","HIGH","VYMD"
90961,"Manila_VOR-DME_PH","MIA","Manila","VOR-DME",113800,14.508000373840332,121.02200317382812,60,"PH",113800,"085X",,,,0.007,-1.183,"BOTH","HIGH","RPLL"
90966,"Michaelsdorf_VOR_DE","MIC","Michaelsdorf","VOR",112200,54.30550003051758,11.005200386047363,119,"DE",,,,,,0.007,1.251,"BOTH","HIGH",
90967,"Merida_VOR-DME_MX","MID","Merida","VOR-DME",117700,20.937999725341797,-89.65619659423828,38,"MX",117700,"124X",,,,3.004,1.177,"BOTH","HIGH","MMMD"
90968,"Midhurst_VOR-DME_GB","MID","Midhurst","VOR-DME",114000,51.05390167236328,-0.625,200,"GB",114000,"087X",,,,-4.001,-2.239,"BOTH","HIGH",
90969,"Muncie_VOR-DME_US","MIE","Muncie","VOR-DME",114400,40.237300872802734,-85.39399719238281,940,"US",114400,"091X",,,,-3.001,-4.38,"LO","MEDIUM","KMIE"
90973,"Milos_VOR-DME_GR","MIL","Milos","VOR-DME",113500,36.747501373291016,24.519399642944336,12,"GR",113500,"082X",,,,0.007,3.166,"BOTH","HIGH",
90976,"Milton_VORTAC_US","MIP","Milton","VORTAC",109200,41.023399353027344,-76.66529846191406,1000,"US",109200,"029X",,,,-9.002,-11.352,"BOTH","MEDIUM",
90977,"Maiquetia_VOR-DME_VE","MIQ","Maiquetia","VOR-DME",114800,10.60947222,-66.98966667,235,"VE",114800,"095X",,,,-10,-11.1,"BOTH","HIGH","SVMI"
90980,"Misawa_VORTAC_JP","MIS","Misawa","VORTAC",115400,40.703800201416016,141.38099670410156,142,"JP",115400,"101X",,,,-8.01,-8.239,"BOTH","HIGH","RJSM"
90981,"Misurata_VOR-DME_LY","MIS","Misurata","VOR-DME",117100,32.31669998168945,15.066699981689453,60,"LY",117100,"118X",,,,1.007,1.449,"BOTH","HIGH",
90985,"Maiduguri_VOR-DME_NG","MIU","Maiduguri","VOR-DME",113700,11.888199806213379,13.116700172424316,1102,"NG",113700,"084X",,,,,-0.27,"BOTH","HIGH","DNMA"
90991,"Miyakejima_VOR-DME_JP","MJE","Miyakejima","VOR-DME",109000,34.11899948120117,139.4980010986328,144,"JP",109000,"027X",,,,-5.007,-6.248,"BOTH","HIGH","RJTQ"
90996,"Palma_De_Mallorca_VOR-DME_ES","MJV","Palma De Mallorca","VOR-DME",113300,39.43519973754883,2.7582900524139404,505,"ES",113300,"080X",39.4352,2.75812,505,-1.007,-0.225,"BOTH","HIGH",
90997,"Marcos_Juarez_VOR_AR","MJZ","Marcos Juarez","VOR",114700,-32.687801361083984,-62.16080093383789,361,"AR",,,,,,-3.007,-4.412,"BOTH","HIGH","SAOM"
90998,"Mackay_VOR-DME_AU","MK","Mackay","VOR-DME",112700,-21.172800064086914,149.18699645996094,35,"AU",112700,"074X",,,,8.007,8.409,"BOTH","HIGH","YBMK"
91016,"Minangkabau_VOR-DME_ID","MKB","Minangkabau","VOR-DME",114700,-0.7870000004768372,100.27799987792969,16,"ID",114700,"094X",,,,,-0.184,"BOTH","HIGH","WIPT"
91017,"Merauke_VOR-DME_ID","MKE","Merauke","VOR-DME",115800,-8.52260971069336,140.41700744628906,10,"ID",115800,"105X",,,,3.107,4.484,"BOTH","HIGH","WAKK"
91018,"Mukawa_VOR-DME_JP","MKE","Mukawa","VOR-DME",116400,42.55500030517578,141.95599365234375,94,"JP",116400,"111X",,,,-9.011,-8.551,"LO","LOW","RJCC"
91019,"Muskegon_VORTAC_US","MKG","Muskegon","VORTAC",115200,43.1693000793457,-86.03929901123047,660,"US",115200,"099X",,,,-1.001,-4.481,"LO","MEDIUM","KMKG"
91021,"Magong_VOR-DME_TW","MKG","Magong","VOR-DME",115200,23.595399856567383,119.63700103759766,122,"TW",115200,"099X",,,,-2.007,-3.102,"BOTH","HIGH","RCQC"
91022,"Molokai_VORTAC_US","MKK","Molokai","VORTAC",116100,21.138099670410156,-157.16700744628906,1421,"US",116100,"108X",,,,11.001,9.595,"BOTH","HIGH","PHMK"
91023,"Mc_Kellar_VOR-DME_US","MKL","Mc Kellar","VOR-DME",112000,35.603599548339844,-88.910400390625,410,"US",112000,"057X",,,,2.001,-0.594,"TERMINAL","LOW","KMKL"
91024,"Mikonos_VOR-DME_GR","MKN","Mikonos","VOR-DME",110000,37.44029998779297,25.344499588012695,405,"GR",110000,"037X",,,,,3.261,"LO","HIGH","LGMK"
91027,"Mokpo_VOR-DME_KR","MKP","Mokpo","VOR-DME",111200,34.75979995727539,126.37899780273438,23,"KR",111200,"049X",,,,-7.011,-6.533,"BOTH","HIGH","RKJM"
91029,"Mikra_VOR-DME_GR","MKR","Mikra","VOR-DME",110800,40.518699645996094,22.96980094909668,22,"GR",110800,"045X",,,,,3.249,"TERMINAL","MEDIUM","LGTS"
91031,"Meknes_VOR_MA","MKS","Meknes","VOR",116300,33.87810134887695,-5.515279769897461,,"MA",,,,,,,-2.367,"BOTH","HIGH",
91032,"Hasanuddin_VOR-DME_ID","MKS","Hasanuddin","VOR-DME",114700,-5.0378098487854,119.5260009765625,78,"ID",114700,"094X",,,,1.007,1.388,"BOTH","HIGH","WAAA"
91034,"Mankato_VOR-DME_US","MKT","Mankato","VOR-DME",110800,44.21989822387695,-93.91239929199219,1020,"US",110800,"045X",,,,7.001,1.553,"LO","MEDIUM",
91038,"Melbourne_VOR-DME_AU","ML","Melbourne","VOR-DME",114100,-37.65999984741211,144.8419952392578,412,"AU",114100,"088X",-37.6606,144.841,412,11.007,11.313,"BOTH","HIGH","YMML"
91052,"Maella_VOR-DME_ES","MLA","Maella","VOR-DME",112100,41.129600524902344,0.165243998169899,1184,"ES",112100,"058X",41.1297,0.165444,1184,-2.007,-1.083,"BOTH","HIGH",
91053,"Melbourne_VOR-DME_US","MLB","Melbourne","VOR-DME",110000,28.105300903320312,-80.63529968261719,30,"US",110000,"037X",,,,-2.001,-5.409,"LO","MEDIUM","KMLB"
91055,"Mc_Alester_VORTAC_US","MLC","Mc Alester","VORTAC",112000,34.8494987487793,-95.78230285644531,820,"US",112000,"057X",,,,8.001,3.586,"BOTH","MEDIUM","KMLC"
91057,"Malindi_VOR-DME_KE","MLD","Malindi","VOR-DME",113300,-3.2335400581359863,40.10260009765625,80,"KE",113300,"080X",,,,,-1.032,"BOTH","HIGH","HKML"
91058,"Malad_City_VOR-DME_US","MLD","Malad City","VOR-DME",117400,42.19990158081055,-112.45099639892578,7330,"US",117400,"121X",,,,17.001,13.199,"BOTH","HIGH",
91059,"Male_VOR-DME_MV","MLE","Male","VOR-DME",114700,4.193389892578125,73.53070068359375,22,"MV",114700,"094X",,,,-3.007,-3.351,"BOTH","HIGH","VRMM"
91061,"Milford_VORTAC_US","MLF","Milford","VORTAC",112100,38.36040115356445,-113.01300048828125,4980,"US",112100,"058X",,,,16.001,12.441,"BOTH","HIGH",
91062,"Malargue_VOR-DME_AR","MLG","Malargue","VOR-DME",117200,-35.48609924316406,-69.57859802246094,4665,"AR",117200,"119X",,,,5.007,3.364,"BOTH","HIGH","SAMM"
91063,"Malaga_VOR-DME_ES","MLG","Malaga","VOR-DME",113550,36.6786994934082,-4.506669998168945,75,"ES",113550,"082Y",36.6786,-4.50678,75,,-2.207,"BOTH","HIGH","LEMG"
91064,"Malakal_VOR-DME_SS","MLK","Malakal","VOR-DME",112700,9.563170433044434,31.653200149536133,1316,"SS",112700,"074X",,,,,1.534,"BOTH","HIGH","HSSM"
91066,"Morelia_VOR-DME_MX","MLM","Morelia","VOR-DME",114600,19.843799591064453,-101.03700256347656,6033,"MX",114600,"093X",,,,8.003,6.419,"BOTH","HIGH","MMMM"
91067,"Melun_VOR-DME_FR","MLN","Melun","VOR-DME",113600,48.4557991027832,2.8132801055908203,335,"FR",113600,"083X",,,,-2.007,-0.534,"BOTH","HIGH","LFPM"
91068,"Mitilini_VOR-DME_GR","MLN","Mitilini","VOR-DME",109600,39.05739974975586,26.600500106811523,30,"GR",109600,"033X",,,,,3.447,"TERMINAL","LOW","LGMT"
91069,"Melo_VOR_UY","MLO","Melo","VOR",114300,-32.34239959716797,-54.22200012207031,364,"UY",,,,,,,-11.464,"BOTH","HIGH","SUMO"
91071,"Mullan_Pass_VOR-DME_US","MLP","Mullan Pass","VOR-DME",117800,47.45690155029297,-115.64600372314453,6100,"US",117800,"125X",,,,20.001,15.479,"BOTH","HIGH",
91072,"Miles_City_VORTAC_US","MLS","Miles City","VORTAC",112100,46.382198333740234,-105.9540023803711,2640,"US",112100,"058X",,,,15.001,10.558,"BOTH","HIGH","KMLS"
91075,"Dongmulantou_VOR-DME_CN","MLT","Dongmulantou","VOR-DME",112700,20.15169906616211,110.6729965209961,190,"CN",112700,"074X",,,,,-1.32,"BOTH","HIGH","ZJHK"
91076,"Millinocket_VOR-DME_US","MLT","Millinocket","VOR-DME",117900,45.586700439453125,-68.5155029296875,550,"US",117900,"126X",,,,-20.001,-17.457,"BOTH","HIGH",
91078,"Monroe_VORTAC_US","MLU","Monroe","VORTAC",117200,32.51689910888672,-92.03600311279297,80,"US",117200,"119X",,,,3.006,1.364,"LO","MEDIUM","KMLU"
91080,"Maleny_VOR_AU","MLY","Maleny","VOR",115900,-26.744699478149414,152.76100158691406,,"AU",,,,,,11.011,10.512,"BOTH","HIGH",
91081,"Manley_VOR-DME_JM","MLY","Manley","VOR-DME",115500,17.930200576782227,-76.77760314941406,10,"JM",115500,"102X",,,,-5.007,-6.144,"BOTH","HIGH","MKJP"
91089,"Montmedy_VOR_FR","MMD","Montmedy","VOR",109400,49.391300201416016,5.124420166015625,1076,"FR",,,,,,-1.007,-0.144,"BOTH","HIGH",
91091,"Montour_VORTAC_US","MMJ","Montour","VORTAC",112000,40.48820114135742,-80.19390106201172,1200,"US",112000,"057X",,,,-8.004,-8.519,"TERMINAL","MEDIUM","KPIT"
91092,"Mangalore_VOR-DME_IN","MML","Mangalore","VOR-DME",114200,12.961299896240234,74.92160034179688,334,"IN",114200,"089X",,,,-2.011,-1.512,"BOTH","HIGH","VOML"
91093,"Marshall_VOR-DME_US","MML","Marshall","VOR-DME",111000,44.44839859008789,-95.82479858398438,1180,"US",111000,"047X",,,,5.001,3.308,"TERMINAL","LOW",
91094,"Mormon_Mesa_VORTAC_US","MMM","Mormon Mesa","VORTAC",114300,36.7692985534668,-114.2770004272461,2120,"US",114300,"090X",,,,16.001,12.474,"BOTH","MEDIUM",
91096,"Mc_Entire_VORTAC_US","MMT","Mc Entire","VORTAC",113200,33.92409896850586,-80.80239868164062,249,"US",113200,"079X",,,,-5.001,-6.458,"LO","LOW",
91098,"Chennai_VOR-DME_IN","MMV","Chennai","VOR-DME",112500,12.993399620056152,80.17070007324219,51,"IN",112500,"072X",,,,-2.011,-1.467,"BOTH","HIGH","VOMM"
91099,"Mafikeng_VOR-DME_ZA","MMV","Mafikeng","VOR-DME",112900,-25.825899124145508,25.53510093688965,4128,"ZA",112900,"076X",,,,,-16.441,"BOTH","HIGH","FAMM"
91111,"El_Golea_VOR-DME_DZ","MNA","El Golea","VOR-DME",112100,30.5585994720459,2.8616700172424316,1306,"DZ",112100,"058X",,,,-4.007,-0.247,"BOTH","HIGH","DAUE"
91112,"Minna_VOR-DME_NG","MNA","Minna","VOR-DME",115100,9.643170356750488,6.449729919433594,834,"NG",115100,"098X",,,,,-2.059,"BOTH","HIGH","DNKA"
91121,"Mangalore_VOR_AU","MNG","Mangalore","VOR",113200,-36.88610076904297,145.19400024414062,467,"AU",,,,,,11.011,11.253,"BOTH","HIGH","YMNG"
91127,"Menominee_VOR-DME_US","MNM","Menominee","VOR-DME",109600,45.18009948730469,-87.64720153808594,650,"US",109600,"033X",,,,0.001,-3.535,"LO","MEDIUM",
91129,"Manado_VOR-DME_ID","MNO","Manado","VOR-DME",114200,1.5551799535751343,124.9280014038086,270,"ID",114200,"089X",,,,2.007,1.059,"BOTH","HIGH","WAMM"
91130,"Monor_VOR-DME_HU","MNR","Monor","VOR-DME",112500,47.33470153808594,19.405500411987305,453,"HU",112500,"072X",,,,3.007,3.252,"BOTH","HIGH","LHBP"
90735,"Manaus_VOR-DME_BR","MNS","Manaus","VOR-DME",115800,-3.040007,-60.054787,108,"BR",,"099X",,,,-12,-14.1,"BOTH","HIGH","SBEG"
91132,"Minsk-2_VOR-DME_BY","MNS","Minsk-2","VOR-DME",113600,53.8849983215332,28.021699905395508,666,"BY",113600,"083X",,,,,6.305,"BOTH","HIGH","UMMS"
91133,"Bishkek_VOR-DME_KG","MNS","Bishkek","VOR-DME",113400,43.06829833984375,74.52169799804688,2051,"KG",113400,"081X",,,,5.007,4.599,"BOTH","HIGH","UAFM"
91135,"Maun_VOR-DME_BW","MNV","Maun","VOR-DME",112700,-19.990400314331055,23.3887996673584,3100,"BW",112700,"074X",,,,-10.007,-9.547,"BOTH","HIGH","FBMN"
91136,"Manta_VOR-DME_EC","MNV","Manta","VOR-DME",113900,-0.9347220063209534,-80.66190338134766,58,"EC",113900,"086X",,,,1.007,-0.072,"BOTH","HIGH","SEMT"
91156,"Modesto_VOR-DME_US","MOD","Modesto","VOR-DME",114600,37.62730026245117,-120.95800018310547,90,"US",114600,"093X",,,,17.001,14.289,"BOTH","HIGH","KMOD"
91158,"Oyama_VOR-DME_JP","MOE","Oyama","VOR-DME",108650,34.07099914550781,139.56100463867188,63,"JP",108650,"023Y",,,,-5.007,-6.233,"BOTH","HIGH","RJTQ"
91160,"Maumere_VOR-DME_ID","MOF","Maumere","VOR-DME",114500,-8.645689964294434,122.24199676513672,115,"ID",114500,"092X",,,,2.011,2.061,"BOTH","HIGH","WATC"
91166,"Bordj_Mokhtar_VOR_DZ","MOK","Bordj Mokhtar","VOR",113000,21.380800247192383,0.9521420001983643,,"DZ",,,,,,,-1.318,"BOTH","HIGH",
91168,"Montebello_VOR-DME_US","MOL","Montebello","VOR-DME",115300,37.9005012512207,-79.10690307617188,3460,"US",115300,"100X",,,,-5.001,-8.569,"BOTH","MEDIUM",
91169,"Puerto_Montt_VOR-DME_CL","MON","Puerto Montt","VOR-DME",115700,-41.42919921875,-73.09190368652344,285,"CL",115700,"104X",,,,11.007,9.467,"BOTH","HIGH","SCTE"
91170,"Monastir_VOR-DME_TN","MON","Monastir","VOR-DME",113100,35.75490188598633,10.748100280761719,32,"TN",113100,"078X",,,,-0.207,1.159,"BOTH","HIGH","DTMB"
91171,"Monticello_VOR-DME_US","MON","Monticello","VOR-DME",111600,33.56209945678711,-91.7156982421875,280,"US",111600,"053X",,,,4.001,1.177,"LO","MEDIUM",
91173,"Mt_Pleasant_VOR-DME_US","MOP","Mt Pleasant","VOR-DME",110600,43.622798919677734,-84.73729705810547,752,"US",110600,"043X",,,,-5.001,-6.039,"LO","MEDIUM",
91178,"Mostaganem_VOR-DME_DZ","MOS","Mostaganem","VOR-DME",112200,35.89860153198242,0.13638900220394135,732,"DZ",112200,"059X",,,,,-0.58,"BOTH","HIGH","DA14"
91179,"Moses_Point_VOR-DME_US","MOS","Moses Point","VOR-DME",116300,64.69650268554688,-162.0709991455078,14,"US",116300,"110X",,,,19.002,15.349,"LO","MEDIUM","MOS"
91181,"Minot_VORTAC_US","MOT","Minot","VORTAC",117100,48.26029968261719,-101.28700256347656,1691,"US",117100,"118X",,,,13.001,7.501,"BOTH","HIGH","KMOT"
91182,"Montana_VOR-DME_CH","MOT","Montana","VOR-DME",115850,46.31340026855469,7.503330230712891,4456,"CH",115850,"105Y",,,,0.007,0.369,"BOTH","MEDIUM","LSGS"
91183,"Moulins_VOR-DME_FR","MOU","Moulins","VOR-DME",116700,46.7067985534668,3.6316699981689453,699,"FR",116700,"114X",,,,-2.007,-0.294,"BOTH","HIGH",
91185,"Mombasa_VOR-DME_KE","MOV","Mombasa","VOR-DME",112300,-3.9485299587249756,39.6427001953125,200,"KE",112300,"070X",,,,-1.001,-1.129,"BOTH","HIGH","HKMO"
91186,"Monclova_VOR-DME_MX","MOV","Monclova","VOR-DME",117900,26.95549964904785,-101.47100067138672,1864,"MX",117900,"126X",,,,8.001,6.597,"BOTH","HIGH","MMMV"
91187,"Morris_VOR-DME_US","MOX","Morris","VOR-DME",109600,45.565799713134766,-95.96920013427734,1132,"US",109600,"033X",,,,5.001,3.324,"LO","LOW",
91199,"Matsuyama_VOR-DME_JP","MPE","Matsuyama","VOR-DME",116300,33.8129997253418,132.71800231933594,64,"JP",116300,"110X",,,,-6.007,-6.513,"BOTH","HIGH","RJOM"
91203,"Bangui_M_Poko_VOR-DME_CF","MPK","Bangui M Poko","VOR-DME",117300,4.376140117645264,18.525400161743164,1208,"CF",117300,"120X",,,,,-0.292,"BOTH","HIGH","FEFF"
91205,"Montpelier_VOR-DME_US","MPV","Montpelier","VOR-DME",110800,44.08549880981445,-72.44940185546875,2080,"US",110800,"045X",,,,-16.001,-15.172,"LO","MEDIUM",
91209,"Mount Mcquoid (Closed Nov 2008)_VOR_AU","MQD","Mount Mcquoid (Closed Nov 2008)","VOR",-1,-33.108299255371,151.13900756836,,"AU",,,,,,,,"BOTH","HIGH",
91212,"Miyako_VOR-DME_JP","MQE","Miyako","VOR-DME",116600,39.8656005859375,141.9510040283203,628,"JP",116600,"113X",,,,-7.007,-8.009,"BOTH","HIGH",
91213,"Nez_Perce_VOR-DME_US","MQG","Nez Perce","VOR-DME",108200,46.38159942626953,-116.87000274658203,1720,"US",108200,"019X",,,,20.001,15.539,"LO","MEDIUM",
91215,"Morro_Bay_VORTAC_US","MQO","Morro Bay","VORTAC",112400,35.25230026245117,-120.76000213623047,1463,"US",112400,"071X",,,,16.001,13.507,"BOTH","MEDIUM","KSMX"
91216,"Millsap_VORTAC_US","MQP","Millsap","VORTAC",117700,32.726200103759766,-97.99739837646484,900,"US",117700,"124X",,,,9.008,5.225,"BOTH","HIGH",
91217,"Mariquita_VOR-DME_CO","MQU","Mariquita","VOR-DME",116100,5.207220077514648,-74.92420196533203,2780,"CO",116100,"108X",,,,-3.007,-5.09,"BOTH","HIGH","SKQU"
91219,"Sheremetyevo_VOR-DME_RU","MR","Sheremetyevo","VOR-DME",114600,55.961700439453125,37.34830093383789,656,"RU",114600,"093X",,,,,9.408,"BOTH","HIGH","UUEE"
91232,"Mragowo_VOR-DME_PL","MRA","Mragowo","VOR-DME",117300,53.7849006652832,21.13279914855957,492,"PL",117300,"120X",,,,2.007,4.341,"LO","HIGH","EPTO"
91234,"Martinsburg_VORTAC_US","MRB","Martinsburg","VORTAC",112100,39.38560104370117,-77.84839630126953,600,"US",112100,"058X",,,,-7.001,-10.158,"BOTH","MEDIUM","KMRB"
91235,"Maraba_VOR-DME_BR","MRB","Maraba","VOR-DME",113700,-5.368169784545898,-49.13520050048828,357,"BR",113700,"084X",,,,-18.007,-19.479,"BOTH","HIGH","SBMA"
91239,"Marica_VOR-DME_BR","MRC","Marica","VOR-DME",114000,-22.96769905090332,-42.891300201416016,4,"BR",114000,"087X",,,,-20.007,-21.45,"BOTH","HIGH","SDMC"
91240,"Mardin_VOR-DME_TR","MRD","Mardin","VOR-DME",116900,37.227699279785156,40.63859939575195,1729,"TR",116900,"116X",,,,,4.353,"BOTH","HIGH","LTCR"
91242,"Aomori_VOR-DME_JP","MRE","Aomori","VOR-DME",114100,40.738800048828125,140.7050018310547,764,"JP",114100,"088X",,,,-9.011,-8.312,"BOTH","HIGH","RJSA"
91243,"Marfa_VOR-DME_US","MRF","Marfa","VOR-DME",115900,30.29840087890625,-103.95500183105469,4830,"US",115900,"106X",,,,11.012,8.146,"BOTH","MEDIUM",
91244,"Masirah_Island_VORTAC_OM","MRH","Masirah Island","VORTAC",113800,20.674400329589844,58.89609909057617,80,"OM",113800,"085X",,,,,0.199,"TERMINAL","HIGH","OOMA"
91248,"Marmul_VOR-DME_OM","MRL","Marmul","VOR-DME",114300,18.142200469970703,55.17789840698242,920,"OM",114300,"090X",,,,0.007,0.25,"BOTH","HIGH","OOMX"
91249,"Marseille_Provence_VOR-DME_FR","MRM","Marseille/Provence","VOR-DME",108800,43.37730026245117,5.32643985748291,771,"FR",108800,"025X",,,,,0.096,"BOTH","HIGH","LFML"
91251,"Marinilla_VOR-DME_CO","MRN","Marinilla","VOR-DME",113000,6.176390171051025,-75.32389831542969,7054,"CO",113000,"077X",,,,-3.007,-5.03,"BOTH","HIGH","SKRG"
91252,"Moron_VOR-DME_ES","MRN","Moron","VOR-DME",115500,37.17509841918945,-5.618919849395752,285,"ES",115500,"102X",,,,-4.003,-2.428,"TERMINAL","HIGH","LEMO"
91256,"Merowe_VOR-DME_SD","MRW","Merowe","VOR-DME",116000,18.449800491333008,31.818700790405273,881,"SD",116000,"107X",,,,0.007,2.338,"BOTH","HIGH","HSMR"
91279,"Mashhad_VOR-DME_IR","MSD","Mashhad","VOR-DME",114000,36.231201171875,59.65060043334961,3264,"IR",114000,"087X",,,,3.001,3.431,"BOTH","HIGH","OIMM"
91284,"Muscle_Shoals_VORTAC_US","MSL","Muscle Shoals","VORTAC",116500,34.70690155029297,-87.49150085449219,580,"US",116500,"112X",,,,1.001,-1.558,"LO","MEDIUM","KMSL"
91285,"Madison_VORTAC_US","MSN","Madison","VORTAC",108600,43.144798278808594,-89.3396987915039,860,"US",108600,"023X",,,,3.001,-1.535,"LO","MEDIUM","KMSN"
91287,"Mount_Sandon_VOR_AU","MSO","Mount Sandon","VOR",115300,-31.387500762939453,151.41099548339844,,"AU",,,,,,11.007,11.505,"BOTH","HIGH",
91288,"Missoula_VOR-DME_US","MSO","Missoula","VOR-DME",112800,46.90800094604492,-114.08399963378906,3203,"US",112800,"075X",,,,17.001,15.042,"LO","MEDIUM","KMSO"
91290,"Minneapolis_VOR-DME_US","MSP","Minneapolis","VOR-DME",115300,44.89649963378906,-93.23650360107422,831,"US",115300,"100X",,,,2.001,1.147,"BOTH","HIGH","KMSP"
91292,"Mostar_VOR-DME_BA","MSR","Mostar","VOR-DME",116900,43.26139831542969,17.85569953918457,164,"BA",116900,"116X",,,,2.007,2.501,"BOTH","HIGH","LQMO"
91293,"Massena_VORTAC_US","MSS","Massena","VORTAC",114100,44.914398193359375,-74.72270202636719,200,"US",114100,"088X",,,,-14.004,-14.167,"BOTH","HIGH","CYCC"
91294,"Mossoro_VOR-DME_BR","MSS","Mossoro","VOR-DME",112400,-5.197329998016357,-37.364498138427734,88,"BR",112400,"071X",,,,-22.007,-21.466,"BOTH","HIGH","SBMS"
91296,"Mae_Sot_VOR-DME_TH","MST","Mae Sot","VOR-DME",116700,16.698699951171875,98.54209899902344,690,"TH",116700,"114X",,,,-1.011,-0.424,"BOTH","HIGH","VTPM"
91298,"Macas_VOR-DME_EC","MSV","Macas","VOR-DME",112500,-2.257460117340088,-78.11009979248047,3625,"EC",112500,"072X",,,,,-1.319,"BOTH","HIGH","SEMC"
91300,"Toamasina_VOR_MG","MT","Toamasina","VOR",113100,-18.124300003051758,49.39419937133789,22,"MG",,,,,,,-14.444,"HI","HIGH","FMMT"
91301,"Multan_VOR_PK","MT","Multan","VOR",116700,30.194000244140625,71.41639709472656,423,"PK",,,,,,0.007,1.188,"BOTH","HIGH","OPMT"
91310,"Margarita_VOR-DME_VE","MTA","Margarita","VOR-DME",114100,10.923399925231934,-63.96139907836914,74,"VE",114100,"088X",,,,-11.007,-12.561,"BOTH","HIGH","SVMG"
91314,"Montdidier_VOR_FR","MTD","Montdidier","VOR",113650,49.5526008605957,2.4894700050354004,,"FR",,,,,,-3.007,-1.064,"BOTH","HIGH","LFAR"
91315,"Mount_Gambier_VOR_AU","MTG","Mount Gambier","VOR",117000,-37.751399993896484,140.78500366210938,212,"AU",,,,,,9.007,9.426,"BOTH","HIGH",
91316,"Mitiga_VOR_LY","MTG","Mitiga","VOR",113400,32.892799377441406,13.271100044250488,36,"LY",,,,,,0.007,1.315,"BOTH","HIGH","HLLM"
91317,"Martigues_VOR-DME_FR","MTG","Martigues","VOR-DME",117300,43.38629913330078,5.086830139160156,650,"FR",117300,"120X",,,,-1.007,0.058,"BOTH","HIGH",
91320,"Mopti_Ambodedjo_VOR_ML","MTI","Mopti/Ambodedjo","VOR",115500,14.526100158691406,-4.064720153808594,,"ML",,,,,,,-3.474,"BOTH","HIGH","GAMB"
91323,"Montrose_VOR-DME_US","MTJ","Montrose","VOR-DME",117100,38.50640106201172,-107.89900207519531,5710,"US",117100,"118X",,,,12.001,10.504,"LO","HIGH",
91324,"Montelimar_VOR-DME_FR","MTL","Montelimar","VOR-DME",113650,44.554901123046875,4.779860019683838,656,"FR",113650,"083Y",,,,-2.007,-0.02,"BOTH","HIGH",
91327,"Mataram_VOR-DME_ID","MTM","Mataram","VOR-DME",114500,-8.56050968170166,116.07499694824219,51,"ID",114500,"092X",,,,2.011,1.416,"BOTH","HIGH","ID-0319"
91331,"Mattoon_VOR-DME_US","MTO","Mattoon","VOR-DME",109400,39.47800064086914,-88.28610229492188,720,"US",109400,"031X",39.4779,-88.2862,743,3.001,-2.055,"LO","MEDIUM",
91332,"Mount_Pleasant_VOR_FK","MTP","Mount Pleasant","VOR",114700,-51.826698303222656,-58.420799255371094,244,"FK",,,,,,5.007,4.106,"BOTH","MEDIUM","EGYP"
91334,"Mount_Hope_VOR-DME_AU","MTP","Mount Hope","VOR-DME",117900,-34.1349983215332,135.33999633789062,540,"AU",117900,"126X",,,,6.007,6.391,"BOTH","HIGH","YCUS"
91337,"Metro_VOR_DE","MTR","Metro","VOR",110000,50.27629852294922,8.84862995147705,666,"DE",,,,,,0.011,0.508,"LO","HIGH",
91339,"Monteria_VOR-DME_CO","MTR","Monteria","VOR-DME",114400,8.815560340881348,-75.81780242919922,36,"CO",114400,"091X",,,,-3.007,-5.114,"BOTH","HIGH","SKMR"
91340,"Minatitlan_VOR-DME_MX","MTT","Minatitlan","VOR-DME",116400,18.1028995513916,-94.5822982788086,36,"MX",116400,"111X",,,,6.001,4.097,"BOTH","HIGH","MMMT"
91341,"Myton_VORTAC_US","MTU","Myton","VORTAC",112700,40.149200439453125,-110.12799835205078,5396,"US",112700,"074X",,,,14.001,12.02,"BOTH","HIGH",
91342,"Mitu_VOR-DME_CO","MTU","Mitu","VOR-DME",112200,1.2423399686813354,-70.23650360107422,680,"CO",112200,"059X",,,,-6.007,-7.461,"BOTH","HIGH","SKMU"
91344,"Manitowoc_VOR-DME_US","MTW","Manitowoc","VOR-DME",111000,44.128501892089844,-87.67990112304688,650,"US",111000,"047X",,,,-2.001,-3.355,"LO","LOW",
91345,"Monterrey_VOR-DME_MX","MTY","Monterrey","VOR-DME",114700,25.772899627685547,-100.10399627685547,1278,"MX",114700,"094X",,,,9.004,6.222,"BOTH","HIGH","MMMY"
91352,"Kamuela_VOR-DME_US","MUE","Kamuela","VOR-DME",113300,19.99810028076172,-155.6699981689453,2670,"US",113300,"080X",,,,11.003,9.55,"BOTH","HIGH","PHMU"
91353,"Munchen_VOR-DME_DE","MUN","Munchen","VOR-DME",112300,48.180301666259766,11.815999984741211,1802,"DE",112300,"070X",,,,1.009,1.421,"BOTH","HIGH","EDDM"
91354,"Maturin_VOR-DME_VE","MUN","Maturin","VOR-DME",115300,9.746970176696777,-63.15230178833008,213,"VE",115300,"100X",,,,-11.007,-13.161,"BOTH","HIGH","SVMT"
91358,"Mus_VOR-DME_TR","MUS","Mus","VOR-DME",111200,38.74810028076172,41.66109848022461,4173,"TR",111200,"049X",,,,3.007,4.536,"BOTH","HIGH","LTCK"
91361,"Mut_VOR-DME_TR","MUT","Mut","VOR-DME",112300,36.864200592041016,33.292198181152344,5791,"TR",112300,"070X",,,,2.007,4.089,"BOTH","HIGH",
91366,"Mina_VORTAC_US","MVA","Mina","VORTAC",115100,38.56529998779297,-118.03299713134766,7860,"US",115100,"098X",,,,17.001,14.083,"BOTH","HIGH",
91367,"Monroeville_VORTAC_US","MVC","Monroeville","VORTAC",116800,31.460399627685547,-87.35279846191406,417,"US",116800,"115X",,,,4.001,-1.33,"LO","MEDIUM",
91368,"Monbetsu_VOR-DME_JP","MVE","Monbetsu","VOR-DME",112900,44.305301666259766,143.39500427246094,159,"JP",112900,"076X",,,,-9.011,-9.125,"BOTH","HIGH","RJEB"
91369,"Montevideo_VOR-DME_US","MVE","Montevideo","VOR-DME",111600,44.97269821166992,-95.71199798583984,1034,"US",111600,"053X",,,,5.001,3.225,"LO","LOW",
91371,"Martha'S_Vineyard_VOR-DME_US","MVY","Martha'S Vineyard","VOR-DME",114500,41.39619827270508,-70.61270141601562,59,"US",114500,"092X",,,,-15.001,-15.154,"LO","MEDIUM",
91381,"Marion_VOR-DME_US","MWA","Marion","VOR-DME",110400,37.75419998168945,-89.01170349121094,490,"US",110400,"041X",37.7544,-89.0118,490,4.001,-1.134,"LO","MEDIUM",
91382,"Manado_VOR-DME_ID","MWB","Manado","VOR-DME",114800,1.3232500553131104,124.95500183105469,2373,"ID",114800,"095X",,,,1.011,1.081,"BOTH","HIGH","WAMM"
91383,"Tohoku_VOR-DME_JP","MWE","Tohoku","VOR-DME",114900,40.80889892578125,141.15699768066406,444,"JP",114900,"096X",,,,-9.011,-8.283,"BOTH","HIGH","RJSM"
91384,"Moses_Lake_VOR-DME_US","MWH","Moses Lake","VOR-DME",115000,47.210899353027344,-119.31700134277344,1177,"US",115000,"097X",,,,18.001,16.513,"BOTH","HIGH",
91390,"Modena_VORTAC_US","MXE","Modena","VORTAC",113200,39.91809844970703,-75.6707992553711,474,"US",113200,"079X",,,,-9.002,-11.538,"BOTH","MEDIUM",
91392,"Mexicali_VOR-DME_MX","MXL","Mexicali","VOR-DME",115000,32.631099700927734,-115.23799896240234,74,"MX",115000,"097X",,,,13.002,12.111,"BOTH","HIGH","MMML"
91395,"Midwest_VOR-DME_US","MXQ","Midwest","VOR-DME",112900,39.4296989440918,-83.80120086669922,1050,"US",112900,"076X",,,,-4.001,-5.446,"TERMINAL","LOW",
91399,"Maxwell_VORTAC_US","MXW","Maxwell","VORTAC",110000,39.31760025024414,-122.22200012207031,110,"US",110000,"037X",,,,18.001,15.085,"LO","MEDIUM",
91407,"Miyako_Jima_VORTAC_JP","MYC","Miyako Jima","VORTAC",117500,24.785999298095703,125.3010025024414,198,"JP",117500,"122X",24.7855,125.301,198,-4.011,-3.563,"BOTH","HIGH","ROMY"
91409,"Mystic_VOR_US","MYS","Mystic","VOR",108200,37.894100189208984,-86.24449920654297,790,"US",,,,,,-1.001,-3.269,"LO","MEDIUM","KFTK"
91410,"Marysville_VOR-DME_US","MYV","Marysville","VOR-DME",110800,39.09859848022461,-121.572998046875,60,"US",110800,"045X",,,,16.001,14.586,"TERMINAL","LOW","KMYV"
91413,"Mwanza_VOR_TZ","MZ","Mwanza","VOR",115700,-2.4383599758148193,32.922298431396484,3763,"TZ",,,,,,,0.034,"HI","HIGH","HTMW"
91417,"Mission_Bay_VORTAC_US","MZB","Mission Bay","VORTAC",117800,32.78219985961914,-117.2249984741211,12,"US",117800,"125X",,,,15.001,12.383,"BOTH","HIGH",
91418,"Metzada_VOR-DME_IL","MZD","Metzada","VOR-DME",115000,31.33060073852539,35.390499114990234,-1200,"IL",115000,"097X",,,,1.007,3.381,"BOTH","HIGH","LLMZ"
91419,"Miyazaki_VOR-DME_JP","MZE","Miyazaki","VOR-DME",112400,31.878700256347656,131.43699645996094,32,"JP",112400,"071X",,,,-6.011,-6.141,"BOTH","HIGH","RJFM"
91422,"Mazatlan_VOR-DME_MX","MZT","Mazatlan","VOR-DME",114900,23.160499572753906,-106.27100372314453,38,"MX",114900,"096X",,,,9.004,8.296,"BOTH","HIGH","MMMZ"
91424,"Moline_VORTAC_US","MZV","Moline","VORTAC",114400,41.32109832763672,-90.63809967041016,820,"US",114400,"091X",,,,5.001,-0.27,"LO","MEDIUM",
91425,"Mazenod_VOR-DME_LS","MZV","Mazenod","VOR-DME",117200,-29.50040054321289,27.540599822998047,5578,"LS",117200,"119X",,,,,-22.043,"BOTH","HIGH","FXMM"
91426,"Marion_VOR-DME_US","MZZ","Marion","VOR-DME",108600,40.49340057373047,-85.67919921875,850,"US",108600,"023X",,,,-3.001,-4.273,"LO","MEDIUM",
91443,"Nausori_VOR-DME_FJ","NA","Nausori","VOR-DME",112200,-18.042200088500977,178.56199645996094,99,"FJ",112200,"059X",,,,12.011,12.225,"BOTH","HIGH","NFNA"
91456,"Namha_VOR-DME_VN","NAH","Namha","VOR-DME",115500,20.38719940185547,106.11799621582031,14,"VN",115500,"102X",,,,0.007,-1.083,"BOTH","HIGH",
91457,"Nakuru_VOR-DME_KE","NAK","Nakuru","VOR-DME",115100,-0.304749995470047,36.15340042114258,6286,"KE",115100,"098X",,,,0.001,0.218,"BOTH","HIGH",
91459,"Nan_VOR-DME_TH","NAN","Nan","VOR-DME",115700,18.809099197387695,100.78299713134766,685,"TH",115700,"104X",,,,0.007,-0.463,"BOTH","HIGH","VTCN"
91461,"Narrandera_VOR-DME_AU","NAR","Narrandera","VOR-DME",116300,-34.701900482177734,146.51699829101562,473,"AU",116300,"110X",,,,11.011,11.15,"BOTH","HIGH","YNAR"
91463,"Punta_Arenas_VOR-DME_CL","NAS","Punta Arenas","VOR-DME",114100,-53.003700256347656,-70.85369873046875,137,"CL",114100,"088X",,,,14.007,14.032,"BOTH","HIGH","SCCI"
91465,"Natania_VOR-DME_IL","NAT","Natania","VOR-DME",112400,32.332000732421875,34.96799850463867,100,"IL",112400,"071X",,,,2.007,3.434,"BOTH","HIGH",
91466,"Natta_VOR-DME_SE","NAT","Natta","VOR-DME",113000,66.74649810791016,21.322399139404297,1258,"SE",113000,"077X",,,,5.501,7.014,"BOTH","HIGH",
91467,"Nautla_VOR-DME_MX","NAU","Nautla","VOR-DME",112300,20.191699981689453,-96.74549865722656,15,"MX",112300,"070X",,,,6.007,4.594,"BOTH","HIGH",
91475,"Nabire_VOR-DME_ID","NBR","Nabire","VOR-DME",117300,-3.381959915161133,135.50100708007812,20,"ID",117300,"120X",,,,3.011,3.082,"BOTH","HIGH","ID-0339"
91478,"Guantanamo_Bay_Ns_VOR_CU","NBW","Guantanamo Bay Ns","VOR",114600,19.904499053955078,-75.19879913330078,43,"CU",,,,,,-5.004,-7.368,"BOTH","HIGH","MUGM"
91485,"Changbei_VOR-DME_CN","NCH","Changbei","VOR-DME",115100,28.885000228881836,115.91300201416016,143,"CN",115100,"098X",,,,,-3.475,"BOTH","HIGH","ZSCN"
91487,"Incheon_VOR-DME_KR","NCN","Incheon","VOR-DME",113800,37.49489974975586,126.43000030517578,23,"KR",113800,"085X",,,,-8.011,-7.433,"BOTH","LOW","RKSI"
91496,"Qiqihar_VOR-DME_CN","NDG","Qiqihar","VOR-DME",112900,47.24169921875,123.9219970703125,459,"CN",112900,"076X",,,,,-10.158,"BOTH","HIGH","ZYQQ"
91508,"Tabanera_VOR-DME_ES","NEA","Tabanera","VOR-DME",116750,42.0275993347168,-4.109129905700684,3002,"ES",116750,"114Y",,,,,-2.311,"BOTH","HIGH",
91510,"Nejran_VORTAC_SA","NEJ","Nejran","VORTAC",116700,17.60689926147461,44.41559982299805,3957,"SA",116700,"114X",,,,1.007,1.55,"BOTH","HIGH","OENG"
91513,"Neratovice_VOR-DME_CZ","NER","Neratovice","VOR-DME",108600,50.366600036621094,14.621399879455566,1000,"CZ",108600,"023X",,,,,2.284,"TERMINAL","LOW","LKPR"
91517,"Neuquen_VOR-DME_AR","NEU","Neuquen","VOR-DME",116700,-38.95029830932617,-68.15470123291016,885,"AR",116700,"114X",,,,6.007,4.142,"BOTH","HIGH","SAZN"
91518,"Nevers_VOR_FR","NEV","Nevers","VOR",113400,47.15299987792969,2.9293599128723145,593,"FR",,,,,,-3.007,-0.443,"BOTH","HIGH",
91519,"Newcastle_VOR-DME_GB","NEW","Newcastle","VOR-DME",114250,55.03839874267578,-1.6983699798583984,274,"GB",114250,"089Y",,,,-5.001,-3.312,"RNAV","HIGH","EGNT"
91520,"Norfolk_Island_VOR-DME_NF","NF","Norfolk Island","VOR-DME",112400,-29.047300338745117,167.9320068359375,327,"NF",112400,"071X",,,,15.011,14.512,"BOTH","HIGH","YSNF"
91535,"Naga_VOR-DME_PH","NGA","Naga","VOR-DME",114700,13.582200050354004,123.2699966430664,170,"PH",114700,"094X",13.5821,123.269,170,-2.007,-1.095,"BOTH","HIGH","RPUN"
91536,"Ningbo_VOR-DME_CN","NGB","Ningbo","VOR-DME",116300,29.82670021057129,121.45999908447266,23,"CN",116300,"110X",,,,,-4.539,"BOTH","HIGH","ZSNB"
91539,"Nepalgunj_VOR-DME_NP","NGJ","Nepalgunj","VOR-DME",115100,28.10140037536621,81.65080261230469,540,"NP",115100,"098X",,,,0.011,0.218,"BOTH","HIGH","VNNG"
91540,"Truax_VORTAC_US","NGP","Truax","VORTAC",114000,27.68630027770996,-97.2947006225586,20,"US",114000,"087X",,,,6.005,5.009,"LO","MEDIUM","KNGP"
91545,"Nawabshah_VOR-DME_PK","NH","Nawabshah","VOR-DME",112900,26.217599868774414,68.38580322265625,126,"PK",112900,"076X",,,,0.007,0.37,"BOTH","HIGH","OPNH"
91552,"Naha_VORTAC_JP","NHC","Naha","VORTAC",116500,26.208499908447266,127.64299774169922,57,"JP",116500,"112X",26.2082,127.643,57,-4.011,-4.26,"BOTH","HIGH","ROAH"
91555,"Nhill_VOR_AU","NHL","Nhill","VOR",116500,-36.315799713134766,141.64599609375,454,"AU",,,,,,10.011,9.448,"BOTH","HIGH","YNHL"
91558,"Nanhui_VOR-DME_CN","NHW","Nanhui","VOR-DME",114600,31.08169937133789,121.572998046875,21,"CN",114600,"093X",,,,,-5.143,"BOTH","HIGH","ZSPD"
91560,"Nauru_VOR-DME_NR","NI","Nauru","VOR-DME",113000,-0.5438330173492432,166.92100524902344,22,"NR",113000,"077X",,,,9.002,8.505,"BOTH","HIGH","ANYN"
91569,"Nienburg_VOR_DE","NIE","Nienburg","VOR",116500,52.62590026855469,9.371990203857422,190,"DE",,,,,,0.009,0.552,"RNAV","MEDIUM",
91571,"Nicky_VOR-DME_BE","NIK","Nicky","VOR-DME",117400,51.165000915527344,4.183889865875244,119,"BE",117400,"121X",,,,-2.007,-0.421,"BOTH","HIGH","EBAW"
91574,"Junin_VOR_AR","NIN","Junin","VOR",116100,-34.541099548339844,-60.93389892578125,269,"AR",,,,,,-3.007,-4.497,"BOTH","HIGH","AR-0743"
91578,"Nias_VOR-DME_ID","NIS","Nias","VOR-DME",117100,1.168660044670105,97.70169830322266,20,"ID",117100,"118X",,,,-1.011,-0.446,"BOTH","HIGH","WIMB"
91579,"Nis_VOR-DME_RS","NIS","Nis","VOR-DME",113900,43.346500396728516,21.82710075378418,623,"RS",113900,"086X",,,,,3.304,"BOTH","LOW","LYNI"
91581,"Nitra_VOR-DME_SK","NIT","Nitra","VOR-DME",116500,48.290401458740234,18.050600051879883,810,"SK",116500,"112X",,,,,3.121,"BOTH","HIGH",
91583,"Nice_VOR-DME_FR","NIZ","Nice","VOR-DME",112400,43.770599365234375,7.254389762878418,2822,"FR",112400,"071X",,,,,0.377,"BOTH","HIGH","LFMN"
91585,"Niijima_VORTAC_JP","NJC","Niijima","VORTAC",116500,34.34809875488281,139.27099609375,999,"JP",116500,"112X",,,,-7.011,-6.314,"BOTH","HIGH",
91586,"Nizhnevartovsk_VOR-DME_RU","NJC","Nizhnevartovsk","VOR-DME",112300,60.94329833984375,76.46829986572266,-144,"RU",112300,"070X",,,,,15.252,"BOTH","HIGH","USNN"
91601,"Nanki_VOR-DME_JP","NKE","Nanki","VOR-DME",109050,33.66130065917969,135.35899353027344,338,"JP",109050,"027Y",,,,-7.011,-6.413,"BOTH","HIGH","RJBD"
91603,"Nakhon_Phanom_VOR-DME_TH","NKP","Nakhon Phanom","VOR-DME",111600,17.3882999420166,104.63800048828125,603,"TH",111600,"053X",,,,-1.011,-0.473,"BOTH","HIGH","VTUW"
91604,"Nakhon_Ratchasima_VOR-DME_TH","NKR","Nakhon Ratchasima","VOR-DME",110200,14.946599960327148,102.31099700927734,768,"TH",110200,"039X",,,,0.011,-0.352,"BOTH","HIGH","VTUQ"
91606,"Nakhon_Si_Thammarat_VOR-DME_TH","NKS","Nakhon Si Thammarat","VOR-DME",117400,8.54164981842041,99.9468994140625,13,"TH",117400,"121X",,,,0.011,-0.255,"BOTH","HIGH","VTSF"
91610,"Novokazalinsk_VOR-DME_KZ","NKZ","Novokazalinsk","VOR-DME",113600,45.8307991027832,62.12860107421875,252,"KZ",113600,"083X",,,,,7.222,"BOTH","MEDIUM",
91623,"Nuevo_Laredo_VOR-DME_MX","NLD","Nuevo Laredo","VOR-DME",112600,27.43939971923828,-99.5645980834961,484,"MX",112600,"073X",,,,9.01,6.089,"BOTH","HIGH","MMNL"
91624,"Nanlang_VOR-DME_CN","NLG","Nanlang","VOR-DME",117700,22.531700134277344,113.56300354003906,361,"CN",117700,"124X",,,,,-2.141,"BOTH","HIGH",
91625,"Yaounde_Nsimalen_VOR-DME_CM","NLY","Yaounde Nsimalen","VOR-DME",115700,3.7258100509643555,11.556500434875488,2318,"CM",115700,"104X",,,,,-2.104,"BOTH","HIGH","FKYS"
91626,"Nema_VOR_MR","NM","Nema","VOR",115300,16.62380027770996,-7.261000156402588,,"MR",,,,,,,-4.272,"BOTH","HIGH","GQNI"
91633,"Bima_VOR-DME_ID","NMA","Bima","VOR-DME",115100,-8.519980430603027,118.68900299072266,3,"ID",115100,"098X",,,,2.011,1.514,"BOTH","HIGH","WADB"
91638,"Nadi_VOR-DME_FJ","NN","Nadi","VOR-DME",112500,-17.654699325561523,177.39599609375,119,"FJ",112500,"072X",,,,12.007,12.142,"BOTH","HIGH","NFFN"
91639,"Entebbe_VOR-DME_UG","NN","Entebbe","VOR-DME",117500,0.05299700051546097,32.4379997253418,3782,"UG",117500,"122X",,,,0.007,0.376,"BOTH","HIGH","HUEN"
91647,"Nanning_VOR-DME_CN","NNG","Nanning","VOR-DME",114500,22.625,108.1969985961914,420,"CN",114500,"092X",,,,,-1.346,"BOTH","HIGH","ZGNN"
91648,"Nagpur_VOR-DME_IN","NNP","Nagpur","VOR-DME",112700,21.111600875854492,79.0198974609375,1033,"IN",112700,"074X",,,,-1.011,-0.385,"BOTH","HIGH","VANP"
91649,"Nanxiong_VOR-DME_CN","NNX","Nanxiong","VOR-DME",115600,25.100000381469727,114.27200317382812,128,"CN",115600,"103X",,,,,-2.473,"BOTH","HIGH",
91661,"Noibai_VOR-DME_VN","NOB","Noibai","VOR-DME",116100,21.21299934387207,105.83499908447266,33,"VN",116100,"108X",,,,0.007,-1.117,"BOTH","HIGH","VVNB"
91663,"Nolvik_VOR_SE","NOL","Nolvik","VOR",113200,57.77330017089844,11.82289981842041,,"SE",,,,,,0.501,1.413,"BOTH","HIGH",
91664,"No_Leon_VOR-DME_VE","NOL","No Leon","VOR-DME",116100,10.43970012664795,-67.15899658203125,6900,"VE",116100,"108X",,,,-9.007,-11.031,"BOTH","HIGH",
85719,"Alexandria_VOR-DME_EG","NOZ","Alexandria","VOR-DME",115900,31.18767,29.95071,10,"EG",115900,"106X",,,,3,3.2,"BOTH","HIGH","EG-0078"
91669,"New_Plymouth_VOR-DME_NZ","NP","New Plymouth","VOR-DME",114400,-39.007198333740234,174.1840057373047,97,"NZ",114400,"091X",,,,20.007,20.329,"BOTH","HIGH","NZNP"
91678,"Pohang_(Navy)_VORTAC_KR","NPH","Pohang (Navy)","VORTAC",109600,35.98640060424805,129.40899658203125,70,"KR",109600,"033X",,,,-7.011,-7.304,"TERMINAL","LOW","RKTH"
91686,"Napier_VOR-DME_NZ","NR","Napier","VOR-DME",113800,-39.453800201416016,176.86900329589844,6,"NZ",113800,"085X",,,,21.107,21.07,"BOTH","HIGH","NZNR"
91695,"Narita_VOR-DME_JP","NRE","Narita","VOR-DME",117900,35.78229904174805,140.36300659179688,153,"JP",117900,"126X",,,,-7.011,-6.521,"BOTH","HIGH","RJAA"
91696,"Chulman_VOR-DME_RU","NRG","Chulman","VOR-DME",113800,56.90829849243164,124.87699890136719,2697,"RU",113800,"085X",,,,-12.007,-13.26,"BOTH","HIGH",
91702,"Nelson_VOR-DME_NZ","NS","Nelson","VOR-DME",116400,-41.301700592041016,173.22300720214844,6,"NZ",116400,"111X",,,,21.007,21.522,"BOTH","HIGH","NZNS"
91712,"Nisa_VORTAC_PT","NSA","Nisa","VORTAC",115500,39.564701080322266,-7.914720058441162,1341,"PT",115500,"102X",,,,,-3.368,"BOTH","HIGH",
91713,"Fascene_VOR-DME_MG","NSB","Fascene","VOR-DME",117500,-13.3056001663208,48.32310104370117,36,"MG",117500,"122X",,,,,-9.253,"BOTH","HIGH","FMNN"
91717,"Nanjing_VOR-DME_CN","NSE","Nanjing","VOR-DME",112000,31.7450008392334,118.86299896240234,49,"CN",112000,"057X",,,,,-4.58,"BOTH","HIGH","ZSNJ"
91718,"Nakashibetsu_VOR-DME_JP","NSE","Nakashibetsu","VOR-DME",111450,43.57740020751953,144.9510040283203,263,"JP",111450,"051Y",,,,-9.011,-8.374,"BOTH","HIGH","RJCN"
91719,"Ningshan_VOR-DME_CN","NSH","Ningshan","VOR-DME",116300,33.31829833984375,108.31199645996094,2575,"CN",116300,"110X",,,,,-2.558,"BOTH","HIGH",
91722,"Novosibirsk_VOR-DME_RU","NSK","Novosibirsk","VOR-DME",113300,55.013301849365234,82.63999938964844,388,"RU",113300,"080X",,,,,8.506,"BOTH","HIGH","UNNT"
91723,"In_Salah_VOR-DME_DZ","NSL","In Salah","VOR-DME",113100,27.2367000579834,2.492500066757202,955,"DZ",113100,"078X",,,,-4.007,-0.406,"BOTH","HIGH","DAUI"
91725,"Nonsan_VOR-DME_KR","NSN","Nonsan","VOR-DME",117500,36.2672004699707,127.11900329589844,104,"KR",117500,"122X",,,,-7.011,-7.253,"BOTH","MEDIUM","RKUL"
91728,"Nelspruit_VOR-DME_ZA","NSV","Nelspruit","VOR-DME",116200,-25.498199462890625,30.915700912475586,2846,"ZA",116200,"109X",,,,,-17.466,"BOTH","HIGH","FANS"
91731,"Niamtougou_VOR-DME_TG","NT","Niamtougou","VOR-DME",113200,9.747329711914062,1.0826900005340576,1516,"TG",113200,"079X",,,,,-3.195,"BOTH","HIGH","DXNG"
91740,"Noto_VOR-DME_JP","NTE","Noto","VOR-DME",111450,37.290000915527344,136.96299743652344,786,"JP",111450,"051Y",,,,-8.011,-7.482,"LO","HIGH","RJNW"
91741,"Nantong_VOR-DME_CN","NTG","Nantong","VOR-DME",115600,32.06330108642578,120.97799682617188,9,"CN",115600,"103X",,,,,-5.248,"BOTH","HIGH",
91742,"Natal_VOR-DME_BR","NTL","Natal","VOR-DME",114300,-5.90831995010376,-35.248600006103516,169,"BR",114300,"090X",,,,-22.007,-21.504,"BOTH","HIGH","SBNT"
91743,"Nortel_VOR-DME_SE","NTL","Nortel","VOR-DME",116300,59.74980163574219,18.766799926757812,68,"SE",116300,"110X",,,,3.001,4.352,"RNAV","HIGH",
91745,"Nattenheim_VORTAC_DE","NTM","Nattenheim","VORTAC",115300,50.015899658203125,6.531789779663086,1388,"DE",115300,"100X",,,,0.009,0.092,"BOTH","HIGH",
91747,"Nantes_VOR-DME_FR","NTS","Nantes","VOR-DME",115500,47.1609001159668,-1.612969994544983,82,"FR",115500,"102X",,,,-4.007,-2.129,"BOTH","HIGH","LFRS"
91749,"Narathiwat_VOR-DME_TH","NTW","Narathiwat","VOR-DME",116300,6.527289867401123,101.74500274658203,18,"TH",116300,"110X",,,,0.011,-0.111,"BOTH","HIGH","VTSC"
91758,"Saufley_VOR_US","NUN","Saufley","VOR",108800,30.472200393676758,-87.33580017089844,80,"US",,,,,,1.001,-1.253,"LO","MEDIUM",
91761,"Nairobi_VOR-DME_KE","NV","Nairobi","VOR-DME",113100,-1.2999000549316406,36.954200744628906,5280,"KE",113100,"078X",,,,0.001,0.023,"BOTH","HIGH","HKJK"
91762,"Invercargill_VOR-DME_NZ","NV","Invercargill","VOR-DME",116800,-46.411598205566406,168.3179931640625,5,"NZ",116800,"115X",,,,24.007,24.537,"BOTH","HIGH","NZNV"
91768,"Neiva_VOR-DME_CO","NVA","Neiva","VOR-DME",115800,3.0591700077056885,-75.25309753417969,1451,"CO",115800,"105X",,,,-3.007,-4.323,"BOTH","HIGH","SKNV"
91769,"Nizhneudinsk_VOR_RU","NVD","Nizhneudinsk","VOR",112700,54.88330078125,99.06670379638672,,"RU",,,,,,2.807,0.152,"BOTH","HIGH",
91771,"Navas_VOR-DME_ES","NVS","Navas","VOR-DME",114950,40.36869812011719,-4.249420166015625,2516,"ES",114950,"096Y",40.3686,-4.24934,2516,-3.007,-2.264,"BOTH","HIGH",
91772,"Nieuwoudtville_VOR_ZA","NVV","Nieuwoudtville","VOR",116100,-31.3799991607666,19.07110023498535,,"ZA",,,,,,-20.007,-22.042,"BOTH","HIGH",
91781,"Newman_VOR-DME_AU","NWN","Newman","VOR-DME",117200,-23.420799255371094,119.8030014038086,1734,"AU",117200,"119X",,,,1.007,1.463,"BOTH","HIGH","YNWN"
91788,"Niamey_VOR-DME_NE","NY","Niamey","VOR-DME",114100,13.48330020904541,2.206389904022217,732,"NE",114100,"088X",,,,,-2.195,"BOTH","HIGH","DRRN"
91794,"Natya_VOR_AU","NYA","Natya","VOR",112800,-34.96889877319336,143.23300170898438,,"AU",,,,,,10.007,10.037,"BOTH","HIGH",
91795,"Nanyingbindao_VOR-DME_CN","NYB","Nanyingbindao","VOR-DME",113300,20.0132999420166,110.13700103759766,75,"CN",113300,"080X",,,,,-1.277,"BOTH","HIGH","ZJHK"
91798,"Nyala_VOR-DME_SD","NYL","Nyala","VOR-DME",116300,12.072600364685059,24.973100662231445,2122,"SD",116300,"110X",,,,,1.291,"BOTH","HIGH",
91800,"Nyiregyhaza_VOR_HU","NYR","Nyiregyhaza","VOR",116100,47.9911994934082,21.69260025024414,338,"HU",,,,,,,3.591,"BOTH","MEDIUM","LHNY"
91801,"Nadzab_VOR-DME_PG","NZ","Nadzab","VOR-DME",113900,-6.568329811096191,146.70899963378906,267,"PG",113900,"086X",,,,5.007,5.515,"BOTH","HIGH","AYNZ"
91811,"Nasu_VOR-DME_JP","NZE","Nasu","VOR-DME",114800,36.78269958496094,140.03599548339844,761,"JP",114800,"095X",,,,-7.011,-7.159,"BOTH","HIGH",
91838,"Moab_VOR-DME_US","OAB","Moab","VOR-DME",109800,38.75619888305664,-109.7490005493164,4570,"US",109800,"035X",,,,15.001,11.387,"TERMINAL","LOW",
91839,"Oakland_VORTAC_US","OAK","Oakland","VORTAC",116800,37.72589874267578,-122.2239990234375,10,"US",116800,"115X",,,,17.001,14.426,"BOTH","HIGH","KOAK"
91840,"Coaldale_VORTAC_US","OAL","Coaldale","VORTAC",117700,38.003299713134766,-117.7699966430664,4800,"US",117700,"124X",,,,17.001,13.567,"BOTH","HIGH","US-11003"
91845,"Oaxaca_VOR-DME_MX","OAX","Oaxaca","VOR-DME",112000,16.972299575805664,-96.73139953613281,5013,"MX",112000,"057X",,,,7.004,5.108,"BOTH","HIGH","MMOX"
91856,"El_Obeid_VOR-DME_SD","OBD","El Obeid","VOR-DME",115800,13.147700309753418,30.233400344848633,1942,"SD",115800,"105X",,,,,2.064,"BOTH","HIGH","HSOB"
91858,"Obihiro_VOR-DME_JP","OBE","Obihiro","VOR-DME",109650,42.73400115966797,143.22000122070312,531,"JP",109650,"033Y",,,,-9.011,-8.439,"BOTH","HIGH","RJCB"
91859,"Wolbach_VORTAC_US","OBH","Wolbach","VORTAC",114800,41.375701904296875,-98.35359954833984,2010,"US",114800,"095X",,,,7.007,5.356,"BOTH","HIGH",
91862,"Northbrook_VOR-DME_US","OBK","Northbrook","VOR-DME",113000,42.221500396728516,-87.95179748535156,758,"US",113000,"077X",,,,-2.001,-2.546,"BOTH","HIGH",
91863,"Obleon_VOR-DME_HT","OBN","Obleon","VOR-DME",113200,18.43829917907715,-72.2750015258789,6362,"HT",113200,"079X",,,,-7.001,-9.086,"BOTH","HIGH",
91866,"Overberg_VORTAC_ZA","OBV","Overberg","VORTAC",115400,-34.55609893798828,20.247100830078125,43,"ZA",115400,"101X",,,,,-25.086,"BOTH","HIGH","FAOB"
91877,"Ocala_VORTAC_US","OCF","Ocala","VORTAC",113700,29.177499771118164,-82.22630310058594,80,"US",113700,"084X",,,,0.001,-4.476,"LO","MEDIUM",
91878,"Ockham_VOR-DME_GB","OCK","Ockham","VOR-DME",115300,51.30500030517578,-0.4472219944000244,200,"GB",115300,"100X",,,,-4.001,-2.222,"BOTH","HIGH",
91879,"Oceanside_VORTAC_US","OCN","Oceanside","VORTAC",115300,33.2406005859375,-117.41799926757812,53,"US",115300,"100X",,,,15.001,12.466,"BOTH","HIGH","KNFG"
91881,"Rock_Springs_VORTAC_US","OCS","Rock Springs","VORTAC",116000,41.5901985168457,-109.01499938964844,6780,"US",116000,"107X",,,,13.001,11.484,"BOTH","HIGH","KRKS"
91892,"Odate_Noshiro_VOR-DME_JP","ODE","Odate Noshiro","VOR-DME",114750,40.198299407958984,140.36199951171875,308,"JP",114750,"094Y",,,,-9.011,-8.235,"LO","LOW","RJSR"
91893,"Foothills_VORTAC_US","ODF","Foothills","VORTAC",113400,34.695899963378906,-83.29769897460938,1700,"US",113400,"081X",,,,0.001,-5.055,"BOTH","HIGH",
91894,"Woodring_VOR-DME_US","ODG","Woodring","VOR-DME",109000,36.37379837036133,-97.78810119628906,1150,"US",109000,"027X",,,,8.001,5.147,"LO","LOW","KWDG"
91896,"Nodine_VORTAC_US","ODI","Nodine","VORTAC",117900,43.91239929199219,-91.46759796142578,1280,"US",117900,"126X",,,,1.006,-0.096,"BOTH","HIGH",
91897,"Kodiak_VORTAC_US","ODK","Kodiak","VORTAC",117100,57.775001525878906,-152.33999633789062,130,"US",117100,"118X",,,,23.001,18.201,"BOTH","HIGH","PADQ"
91898,"Odin_VOR-DME_DK","ODN","Odin","VOR-DME",115500,55.58100128173828,10.652999877929688,24,"DK",115500,"102X",,,,1.008,1.162,"RNAV","HIGH",
91899,"Odienne_VOR-DME_CI","ODN","Odienne","VOR-DME",117200,9.53007984161377,-7.573750019073486,1368,"CI",117200,"119X",,,,,-6.027,"BOTH","HIGH","DIOD"
91900,"Woodrum_VOR_US","ODR","Woodrum","VOR",114900,37.32440185546875,-79.97899627685547,1160,"US",,,,,,-6.001,-8.099,"LO","LOW","KROA"
91902,"Odesa_VOR-DME_UA","ODS","Odesa","VOR-DME",113950,46.43000030517578,30.670299530029297,197,"UA",113950,"086Y",,,,,5.248,"BOTH","HIGH","UKOO"
91904,"Oyem_VOR-DME_GA","OE","Oyem","VOR-DME",113000,1.5356899499893188,11.575699806213379,2158,"GA",113000,"077X",,,,,-2.406,"BOTH","HIGH","FOGO"
91908,"Rogue_Valley_VORTAC_US","OED","Rogue Valley","VORTAC",113600,42.47959899902344,-122.91300201416016,2080,"US",113600,"083X",,,,19.001,16.093,"BOTH","HIGH",
91910,"Choele_Choel_VOR-DME_AR","OEL","Choele Choel","VOR-DME",113400,-39.282501220703125,-65.61000061035156,643,"AR",113400,"081X",,,,,2.088,"BOTH","HIGH","SA29"
91919,"Norfolk_VOR-DME_US","OFK","Norfolk","VOR-DME",109600,41.98789978027344,-97.43460083007812,1540,"US",109600,"033X",,,,8.001,4.547,"LO","MEDIUM",
91921,"Ouagadougou_VOR-DME_BF","OG","Ouagadougou","VOR-DME",112900,12.34630012512207,-1.5128300189971924,1048,"BF",112900,"076X",,,,,-3.281,"BOTH","HIGH","DFFD"
91927,"Ogden_VORTAC_US","OGD","Ogden","VORTAC",115700,41.224098205566406,-112.0979995727539,4223,"US",115700,"104X",,,,14.001,13,"LO","MEDIUM","KHIF"
91928,"Maui_VORTAC_US","OGG","Maui","VORTAC",115100,20.9064998626709,-156.42100524902344,30,"US",115100,"098X",,,,11.001,10.002,"BOTH","HIGH","PHOG"
91931,"Ohakea_VORTAC_NZ","OH","Ohakea","VORTAC",109000,-40.209598541259766,175.39199829101562,164,"NZ",109000,"027X",,,,21.007,21.259,"BOTH","HIGH","NZOH"
91938,"Ohrid_VOR-DME_MK","OHR","Ohrid","VOR-DME",112500,41.172401428222656,20.736400604248047,2313,"MK",112500,"072X",,,,2.007,3.085,"LO","HIGH","LWOH"
91945,"Oki_VOR-DME_JP","OIE","Oki","VOR-DME",109250,36.176700592041016,133.322998046875,270,"JP",109250,"029Y",,,,-8.011,-7.378,"BOTH","HIGH","RJNO"
91954,"Onjuku_VORTAC_JP","OJC","Onjuku","VORTAC",115700,35.18349838256836,140.37100219726562,365,"JP",115700,"104X",35.1841,140.371,365,-6.007,-6.394,"BOTH","HIGH",
91955,"Johnson_Co_VOR-DME_US","OJC","Johnson Co","VOR-DME",113000,38.840599060058594,-94.73680114746094,1034,"US",113000,"077X",,,,6.001,3.037,"LO","LOW",
91956,"Oujda_VOR-DME_MA","OJD","Oujda","VOR-DME",117500,34.77330017089844,-1.950279951095581,1585,"MA",117500,"122X",,,,-4.007,-1.335,"BOTH","HIGH","GMFO"
91957,"Oakey_VOR-DME_AU","OK","Oakey","VOR-DME",112900,-27.399999618530273,151.73800659179688,1335,"AU",112900,"076X",,,,11.011,10.456,"BOTH","HIGH","YBOK"
91970,"Okayama_VORTAC_JP","OKC","Okayama","VORTAC",115900,34.6713981628418,134.01499938964844,783,"JP",115900,"106X",34.6716,134.015,783,-7.011,-7.061,"BOTH","HIGH","RJOB"
91971,"Okecie_VOR-DME_PL","OKE","Okecie","VOR-DME",113400,52.1697998046875,20.960100173950195,394,"PL",113400,"081X",,,,,4.181,"TERMINAL","LOW","EPWA"
91972,"Desna_VOR-DME_CZ","OKF","Desna","VOR-DME",113150,48.969200134277344,15.545599937438965,1600,"CZ",113150,"078Y",,,,,2.391,"RNAV","HIGH",
91973,"Cheb_VOR-DME_CZ","OKG","Cheb","VOR-DME",115700,50.065101623535156,12.405699729919434,1600,"CZ",115700,"104X",,,,,1.52,"RNAV","HIGH",
91974,"Kokomo_VORTAC_US","OKK","Kokomo","VORTAC",113500,40.527801513671875,-86.05799865722656,830,"US",113500,"082X",,,,0.005,-4.089,"LO","MEDIUM",
91975,"Praha_VOR-DME_CZ","OKL","Praha","VOR-DME",112600,50.096500396728516,14.262800216674805,1200,"CZ",112600,"073X",,,,,2.221,"BOTH","HIGH","LKPR"
91976,"Okmulgee_VOR-DME_US","OKM","Okmulgee","VOR-DME",114900,35.69309997558594,-95.86599731445312,766,"US",114900,"096X",,,,8.001,4.002,"BOTH","HIGH",
91984,"Brookwood_VORTAC_US","OKW","Brookwood","VORTAC",111000,33.239601135253906,-87.25,649,"US",111000,"047X",,,,0.001,-1.532,"LO","MEDIUM",
91985,"Frydlant_VOR-DME_CZ","OKX","Frydlant","VOR-DME",114850,50.9026985168457,15.031900405883789,1300,"CZ",114850,"095Y",,,,2.007,2.362,"RNAV","HIGH",
91986,"Orly_VOR-DME_FR","OL","Orly","VOR-DME",111200,48.72990036010742,2.3864200115203857,285,"FR",111200,"049X",,,,-3.012,-1.033,"BOTH","HIGH","LFPO"
92000,"Nagasaki_VOR-DME_JP","OLE","Nagasaki","VOR-DME",116600,32.90520095825195,129.91799926757812,154,"JP",116600,"113X",,,,-5.007,-6.328,"BOTH","HIGH","RJFU"
92003,"Wolf_Lake_VOR_US","OLK","Wolf Lake","VOR",110400,41.24689865112305,-85.49739837646484,970,"US",,,,,,-3.001,-4.471,"LO","MEDIUM",
92004,"Olympia_VORTAC_US","OLM","Olympia","VORTAC",113400,46.97159957885742,-122.9020004272461,200,"US",113400,"081X",,,,19.001,17.342,"BOTH","HIGH","KOLM"
92006,"Nogales_VOR-DME_US","OLS","Nogales","VOR-DME",108200,31.415000915527344,-110.8489990234375,3870,"US",108200,"019X",,,,12.001,10.494,"LO","MEDIUM","KOLS"
92008,"Columbus_VOR-DME_US","OLU","Columbus","VOR-DME",111800,41.45000076293945,-97.3407974243164,1442,"US",111800,"055X",,,,8.001,4.515,"LO","MEDIUM","KOLU"
92015,"Omarska_VOR-DME_BA","OMA","Omarska","VOR-DME",117900,44.95719909667969,16.8080997467041,632,"BA",117900,"126X",,,,1.007,2.436,"BOTH","HIGH",
92016,"Omidiyeh_VORTAC_IR","OMD","Omidiyeh","VORTAC",113600,30.851900100708008,49.50529861450195,68,"IR",113600,"083X",,,,3.001,3.058,"BOTH","HIGH","OIAJ"
92018,"Nome_VOR-DME_US","OME","Nome","VOR-DME",115000,64.48509979248047,-165.2530059814453,100,"US",115000,"097X",,,,17.001,13.459,"BOTH","HIGH","PAOM"
92020,"Ormond_Beach_VORTAC_US","OMN","Ormond Beach","VORTAC",112600,29.303300857543945,-81.11270141601562,19,"US",112600,"073X",,,,0.001,-5.354,"BOTH","HIGH",
92030,"Winona_VOR-DME_US","ONA","Winona","VOR-DME",111400,44.07619857788086,-91.70570373535156,650,"US",111400,"051X",,,,1.007,0.013,"TERMINAL","LOW",
92031,"Erabu_VORTAC_JP","ONC","Erabu","VORTAC",113100,27.432899475097656,128.69900512695312,218,"JP",113100,"078X",27.4334,128.699,218,-4.007,-4.492,"BOTH","HIGH","RJKB"
92034,"O'Neill_VORTAC_US","ONL","O'Neill","VORTAC",113900,42.47050094604492,-98.68689727783203,2030,"US",113900,"086X",,,,10.001,5.493,"BOTH","HIGH",
92036,"Socorro_VORTAC_US","ONM","Socorro","VORTAC",116800,34.33890151977539,-106.81999969482422,4910,"US",116800,"115X",,,,13.001,9.5,"BOTH","HIGH",
92039,"Newport_VORTAC_US","ONP","Newport","VORTAC",117100,44.575401306152344,-124.06099700927734,150,"US",117100,"118X",44.5753,-124.061,150,19.001,16.588,"BOTH","HIGH",
92045,"Woodstown_VORTAC_US","OOD","Woodstown","VORTAC",112800,39.63600158691406,-75.3030014038086,140,"US",112800,"075X",,,,-10.002,-12.028,"BOTH","MEDIUM",
92047,"Hoosier_VORTAC_US","OOM","Hoosier","VORTAC",110200,39.143798828125,-86.61299896240234,850,"US",110200,"039X",,,,-2.006,-3.238,"LO","MEDIUM","KBMG"
92060,"Rosiori_VOR-DME_RO","OPT","Rosiori","VOR-DME",117100,44.59159851074219,26.559499740600586,250,"RO",117100,"118X",,,,,4.251,"BOTH","HIGH",
92066,"Ohura_VOR-DME_NZ","OR","Ohura","VOR-DME",113000,-38.82659912109375,174.8070068359375,1128,"NZ",113000,"077X",,,,20.007,20.308,"BOTH","HIGH",
92079,"Oran_VOR-DME_DZ","ORA","Oran","VOR-DME",114000,35.61259841918945,-0.6549890041351318,284,"DZ",114000,"087X",,,,,-1.124,"BOTH","HIGH","DAOO"
92085,"Okushiri_VOR-DME_JP","ORE","Okushiri","VOR-DME",109850,42.0703010559082,139.4429931640625,168,"JP",109850,"035Y",,,,-9.011,-9.093,"BOTH","HIGH","RJEO"
92087,"Norfolk_VORTAC_US","ORF","Norfolk","VORTAC",116900,36.89189910888672,-76.20030212402344,20,"US",116900,"116X",,,,-7.001,-10.407,"BOTH","HIGH","KORF"
92098,"Orlando_VORTAC_US","ORL","Orlando","VORTAC",112200,28.542699813842773,-81.33499908447266,109,"US",112200,"059X",,,,0.003,-5.173,"BOTH","HIGH",
92100,"Orimaa_VOR-DME_FI","ORM","Orimaa","VOR-DME",117300,60.833499908447266,25.762100219726562,273,"FI",117300,"120X",,,,,7.366,"RNAV","HIGH",
92101,"Northway_VORTAC_US","ORT","Northway","VORTAC",116300,62.947200775146484,-141.91299438476562,1178,"US",116300,"110X",,,,30.001,23.415,"BOTH","HIGH","PAOR"
92104,"Norwich_VOR-DME_US","ORW","Norwich","VOR-DME",110000,41.556400299072266,-71.99939727783203,310,"US",110000,"037X",,,,-14.001,-14.364,"BOTH","HIGH",
92112,"Santa_Rosa_VOR-DME_AR","OSA","Santa Rosa","VOR-DME",112500,-36.58369827270508,-64.27279663085938,630,"AR",112500,"072X",,,,1.007,-0.378,"BOTH","HIGH","SAZR"
92114,"Mihara_VOR-DME_JP","OSE","Mihara","VOR-DME",109850,34.78770065307617,139.36500549316406,155,"JP",109850,"035Y",,,,-7.011,-6.399,"LO","HIGH","RJTO"
92116,"Oshkosh_VORTAC_US","OSH","Oshkosh","VORTAC",111800,43.99039840698242,-88.55590057373047,780,"US",111800,"055X",,,,2.001,-2.463,"LO","MEDIUM","KOSH"
92117,"Woodside_VORTAC_US","OSI","Woodside","VORTAC",113900,37.39250183105469,-122.28099822998047,2270,"US",113900,"086X",37.3927,-122.282,2270,17.001,14.377,"BOTH","MEDIUM","KNUQ"
92119,"Ornskoldsvik_VOR-DME_SE","OSK","Ornskoldsvik","VOR-DME",115000,63.40610122680664,18.993600845336914,351,"SE",115000,"097X",,,,4.001,5.134,"RNAV","HIGH","ESNO"
92120,"Osnabruck_VOR_DE","OSN","Osnabruck","VOR",114300,52.20009994506836,8.28551959991455,391,"DE",,,,,,0.009,0.35,"BOTH","HIGH",
92121,"Osan_VORTAC_KR","OSN","Osan","VORTAC",114700,37.09189987182617,127.02999877929688,34,"KR",114700,"094X",,,,-8.011,-7.399,"BOTH","HIGH","RKSO"
92122,"Osorno_VOR-DME_CL","OSO","Osorno","VOR-DME",116500,-40.61579895019531,-73.05609893798828,177,"CL",116500,"112X",,,,,9.192,"LO","MEDIUM","SCJO"
92124,"Ostersund_VOR-DME_SE","OSS","Ostersund","VOR-DME",114650,63.19960021972656,14.487600326538086,1204,"SE",114650,"093Y",,,,1.001,3.02,"RNAV","HIGH",
92125,"Ostia_VOR-DME_IT","OST","Ostia","VOR-DME",114900,41.80379867553711,12.237500190734863,14,"IT",114900,"096X",,,,0.007,1.43,"BOTH","HIGH","LIRF"
92127,"Oswego_VORTAC_US","OSW","Oswego","VORTAC",117600,37.157501220703125,-95.20359802246094,930,"US",117600,"123X",,,,8.001,3.295,"LO","MEDIUM",
92133,"Ostrava_VOR-DME_CZ","OTA","Ostrava","VOR-DME",117450,49.6974983215332,18.109100341796875,850,"CZ",117450,"121Y",,,,,3.194,"BOTH","HIGH","LKMT"
92134,"Tupelo_VOR-DME_US","OTB","Tupelo","VOR-DME",109800,34.223899841308594,-88.79730224609375,360,"US",109800,"035X",,,,4.001,-0.531,"LO","MEDIUM","KTUP"
92135,"Worthington_VOR-DME_US","OTG","Worthington","VOR-DME",110600,43.64690017700195,-95.58190155029297,1570,"US",110600,"043X",,,,8.001,3.226,"LO","MEDIUM",
92136,"North_Bend_VORTAC_US","OTH","North Bend","VORTAC",112100,43.41550064086914,-124.16799926757812,707,"US",112100,"058X",,,,18.001,16.379,"LO","MEDIUM","KOTH"
92138,"Valdosta_VOR-DME_US","OTK","Valdosta","VOR-DME",114800,30.780399322509766,-83.27970123291016,199,"US",114800,"095X",,,,-2.001,-4.21,"BOTH","HIGH","KVLD"
92140,"Ottumwa_VOR-DME_US","OTM","Ottumwa","VOR-DME",111600,41.02909851074219,-92.32589721679688,820,"US",111600,"053X",,,,6.001,0.591,"LO","MEDIUM","KOTM"
92141,"Otto_VOR_US","OTO","Otto","VOR",114000,35.072200775146484,-105.93599700927734,6290,"US",,,,,,13.001,9.328,"LO","MEDIUM",
92142,"Ottringham_VOR-DME_GB","OTR","Ottringham","VOR-DME",113900,53.698299407958984,-0.10361099988222122,0,"GB",113900,"086X",,,,-4.001,-2.373,"RNAV","HIGH",
92144,"Nottingham_VORTAC_US","OTT","Nottingham","VORTAC",113700,38.70589828491211,-76.74469757080078,210,"US",113700,"084X",,,,-10.001,-10.495,"BOTH","MEDIUM",
92145,"Otu_VOR-DME_CO","OTU","Otu","VOR-DME",115400,7.019859790802002,-74.70980072021484,2407,"CO",115400,"101X",,,,-4.007,-5.369,"BOTH","HIGH","SKOT"
92146,"Otumba_VOR-DME_MX","OTU","Otumba","VOR-DME",115000,19.6830997467041,-98.77639770507812,8500,"MX",115000,"097X",,,,7.007,5.515,"BOTH","HIGH",
92147,"Kotzebue_VOR-DME_US","OTZ","Kotzebue","VOR-DME",115700,66.88569641113281,-162.5399932861328,120,"US",115700,"104X",,,,19.001,15.499,"BOTH","HIGH","PAOT"
92156,"Oulu_VOR-DME_FI","OUK","Oulu","VOR-DME",113300,64.93160247802734,25.35930061340332,66,"FI",113300,"080X",,,,6.007,8.364,"RNAV","HIGH","EFOU"
92161,"Ovda_VOR-DME_IL","OVD","Ovda","VOR-DME",114100,29.966699600219727,34.947200775146484,1513,"IL",114100,"088X",,,,,3.295,"BOTH","HIGH","LLOV"
92165,"Omaha_VORTAC_US","OVR","Omaha","VORTAC",116300,41.167301177978516,-95.73670196533203,1300,"US",116300,"110X",,,,8.001,3.401,"BOTH","HIGH",
92174,"Owensboro_VOR-DME_US","OWB","Owensboro","VOR-DME",108600,37.74359893798828,-87.16590118408203,400,"US",108600,"023X",,,,1.001,-2.412,"LO","LOW","KOWB"
92176,"Osaka_VOR-DME_JP","OWE","Osaka","VOR-DME",113900,34.7760009765625,135.45199584960938,76,"JP",113900,"086X",,,,-7.007,-7.037,"BOTH","HIGH","RJOO"
92188,"Knox_VOR-DME_US","OXI","Knox","VOR-DME",115600,41.321998596191406,-86.64929962158203,690,"US",115600,"103X",,,,0.001,-3.497,"LO","HIGH",
92197,"Kibi_VOR-DME_JP","OYE","Kibi","VOR-DME",111000,34.75040054321289,133.8350067138672,880,"JP",111000,"047X",,,,-7.011,-7.081,"BOTH","HIGH","RJOB"
92208,"Cozad_VOR_US","OZB","Cozad","VOR",109000,40.870399475097656,-100.00399780273438,2500,"US",,,,,,9.001,6.435,"TERMINAL","LOW",
92209,"Bolzano_VOR-DME_IT","OZE","Bolzano","VOR-DME",117050,46.40480041503906,11.29259967803955,784,"IT",117050,"117Y",46.4049,11.2928,784,,1.342,"BOTH","MEDIUM","LIPB"
92210,"St_George_VOR-DME_US","OZN","St George","VOR-DME",109800,37.08810043334961,-113.59200286865234,2901,"US",109800,"035X",,,,15.001,12.394,"TERMINAL","LOW",
92212,"Cairns_VOR-DME_US","OZR","Cairns","VOR-DME",111200,31.268999099731445,-85.72630310058594,326,"US",111200,"049X",,,,2.01,-2.411,"LO","MEDIUM","KOZR"
92213,"Ouarzazate_VOR-DME_MA","OZT","Ouarzazate","VOR-DME",116700,30.940000534057617,-6.904439926147461,3837,"MA",116700,"114X",,,,-5.007,-3.046,"BOTH","HIGH","GMMZ"
92225,"Parakou_VOR_BJ","PA","Parakou","VOR",112800,9.370109558105469,2.619080066680908,,"BJ",,,,,,,-3.014,"BOTH","MEDIUM","DBBP"
92247,"Phrae_VOR-DME_TH","PAE","Phrae","VOR-DME",111800,18.13409996032715,100.16600036621094,538,"TH",111800,"055X",,,,-1.011,-0.442,"BOTH","HIGH","VTCP"
92248,"Paine_VOR-DME_US","PAE","Paine","VOR-DME",110600,47.9197998046875,-122.27799987792969,670,"US",110600,"043X",,,,20.001,17.464,"LO","MEDIUM","KPAE"
92249,"Paulo_Afonso_VOR_BR","PAF","Paulo Afonso","VOR",113300,-9.402000427246094,-38.25279998779297,883,"BR",,,,,,-22.007,-22.376,"BOTH","HIGH","SBUF"
92254,"Pirai_VOR-DME_BR","PAI","Pirai","VOR-DME",115000,-22.45400047302246,-43.84049987792969,318,"BR",115000,"097X",,,,-20.007,-21.241,"BOTH","HIGH",
92257,"Pakse_VOR-DME_LA","PAK","Pakse","VOR-DME",115000,15.196700096130371,105.73799896240234,364,"LA",115000,"097X",,,,0.007,-0.377,"BOTH","HIGH","VLPS"
92259,"El_Palomar_VOR-DME_AR","PAL","El Palomar","VOR-DME",115200,-34.61280059814453,-58.61389923095703,58,"AR",115200,"099X",,,,,-6.526,"LO","HIGH","SADP"
92260,"Palu_VOR-DME_ID","PAL","Palu","VOR-DME",116200,-0.8850110173225403,119.8949966430664,284,"ID",116200,"109X",,,,1.007,1.136,"BOTH","HIGH","WAFF"
92261,"Palermo_VOR-DME_IT","PAL","Palermo","VOR-DME",112300,38.034000396728516,13.177399635314941,3869,"IT",112300,"070X",,,,0.007,1.457,"RNAV","HIGH","LICJ"
92266,"Pampa_VOR-DME_GH","PAM","Pampa","VOR-DME",115900,8.013330459594727,0.5615000128746033,323,"GH",115900,"106X",,,,,-3.521,"BOTH","HIGH",
92267,"Pampus_VOR-DME_NL","PAM","Pampus","VOR-DME",117800,52.334800720214844,5.092160224914551,27,"NL",117800,"125X",,,,-2.007,-0.302,"BOTH","HIGH","EHLE"
92269,"Pantelleria_VOR-DME_IT","PAN","Pantelleria","VOR-DME",116100,36.81420135498047,11.965200424194336,604,"IT",116100,"108X",,,,0.007,1.307,"RNAV","HIGH","LICG"
92272,"Port_Au_Prince_VOR-DME_HT","PAP","Port Au Prince","VOR-DME",115300,18.576499938964844,-72.30419921875,125,"HT",115300,"100X",,,,-7.003,-9.091,"BOTH","HIGH","MTPP"
92273,"Pamplona_VOR-DME_ES","PAP","Pamplona","VOR-DME",113550,42.68840026855469,-1.6607799530029297,1890,"ES",113550,"082Y",42.6884,-1.66086,1890,,-1.472,"LO","LOW","LEPP"
92274,"Parana_VOR-DME_AR","PAR","Parana","VOR-DME",116800,-31.808300018310547,-60.48469924926758,243,"AR",116800,"115X",,,,-4.007,-6.398,"BOTH","HIGH","SAAP"
92275,"Puerto_Aguirre_VOR-DME_CL","PAR","Puerto Aguirre","VOR-DME",114900,-45.15919876098633,-73.52249908447266,289,"CL",114900,"096X",,,,14.007,12.031,"BOTH","HIGH",
92276,"Paradisi_VOR-DME_GR","PAR","Paradisi","VOR-DME",108600,36.40010070800781,28.06529998779297,19,"GR",108600,"023X",,,,,3.381,"TERMINAL","MEDIUM","LGRP"
92279,"Passeiry_VOR-DME_CH","PAS","Passeiry","VOR-DME",116600,46.163700103759766,5.999919891357422,1418,"CH",116600,"113X",,,,0.007,0.131,"BOTH","HIGH","LSGG"
92281,"Pastaza_VOR-DME_EC","PAV","Pastaza","VOR-DME",113100,-1.513890027999878,-78.0447006225586,3257,"EC",113100,"078X",,,,0.007,-1.438,"BOTH","HIGH","SESM"
92282,"Puerto_Ayacucho_VOR_VE","PAY","Puerto Ayacucho","VOR",112800,5.618889808654785,-67.60900115966797,245,"VE",,,,,,-8.007,-10.106,"BOTH","HIGH","SVPA"
92284,"La_Paz_VOR-DME_BO","PAZ","La Paz","VOR-DME",115700,-16.511999130249023,-68.2333984375,13313,"BO",115700,"104X",,,,-4.007,-5.389,"BOTH","HIGH","SLLP"
92285,"Poza_Rica_VOR-DME_MX","PAZ","Poza Rica","VOR-DME",115500,20.60059928894043,-97.4551010131836,497,"MX",115500,"102X",,,,7.004,5.168,"BOTH","HIGH","MMPA"
92296,"Puebla_VOR-DME_MX","PBC","Puebla","VOR-DME",115200,19.160900115966797,-98.37020111083984,7361,"MX",115200,"099X",,,,7.003,5.43,"BOTH","HIGH","MMPB"
92298,"Pine_Bluff_VOR-DME_US","PBF","Pine Bluff","VOR-DME",116000,34.24679946899414,-91.92620086669922,210,"US",116000,"107X",,,,4.001,1.229,"LO","MEDIUM",
92300,"Palm_Beach_VORTAC_US","PBI","Palm Beach","VORTAC",115700,26.680099487304688,-80.08650207519531,19,"US",115700,"104X",,,,-3.001,-5.465,"BOTH","HIGH","KPBI"
92301,"Puerto_Cabello_VOR-DME_VE","PBL","Puerto Cabello","VOR-DME",117700,10.487000465393066,-68.07649993896484,32,"VE",117700,"124X",,,,-8.007,-10.302,"BOTH","HIGH","SVPC"
92303,"Paraburdoo_VOR-DME_AU","PBO","Paraburdoo","VOR-DME",116900,-23.172500610351562,117.73699951171875,1416,"AU",116900,"116X",,,,0.007,1.188,"BOTH","HIGH","YPBO"
92309,"Pachuca_VOR-DME_MX","PCA","Pachuca","VOR-DME",112700,20.131799697875977,-98.68440246582031,4950,"MX",112700,"074X",,,,8.009,5.485,"BOTH","HIGH","MMPC"
92310,"Phucat_VOR-DME_VN","PCA","Phucat","VOR-DME",116300,13.957200050354004,109.04299926757812,80,"VN",116300,"110X",,,,0.007,-0.357,"BOTH","HIGH","VVPC"
92312,"Phetchabun_VOR-DME_TH","PCB","Phetchabun","VOR-DME",115400,16.676000595092773,101.1969985961914,450,"TH",115400,"101X",,,,-1.011,-0.409,"BOTH","HIGH","VTPB"
92321,"Picayune_VOR-DME_US","PCU","Picayune","VOR-DME",112200,30.561199188232422,-89.73049926757812,70,"US",112200,"059X",,,,5.001,0.136,"LO","MEDIUM",
92323,"Porto_VOR-DME_BR","PCX","Porto","VOR-DME",114600,-22.715299606323242,-42.85749816894531,201,"BR",114600,"093X",,,,-21.007,-21.461,"BOTH","HIGH","SBGL"
92325,"Port_Hedland_VOR-DME_AU","PD","Port Hedland","VOR-DME",114100,-20.378299713134766,118.62300109863281,56,"AU",114100,"088X",-20.3767,118.621,56,1.007,1.48,"BOTH","HIGH","YPPD"
92334,"Puerto_Inirida_VOR-DME_CO","PDA","Puerto Inirida","VOR-DME",114900,3.8525900840759277,-67.90380096435547,332,"CO",114900,"096X",,,,,-9.455,"BOTH","HIGH","SKPD"
92335,"Padang_VOR-DME_ID","PDG","Padang","VOR-DME",116400,-0.8711060285568237,100.35299682617188,9,"ID",116400,"111X",,,,0.207,-0.176,"BOTH","HIGH","ID-0340"
92337,"Pudahuel_VOR-DME_CL","PDH","Pudahuel","VOR-DME",117200,-33.41469955444336,-70.80139923095703,1545,"CL",117200,"119X",,,,,3.361,"TERMINAL","LOW","SCEL"
92338,"Punta_Indio_VOR-DME_AR","PDI","Punta Indio","VOR-DME",114100,-35.346099853515625,-57.27560043334961,52,"AR",114100,"088X",,,,-5.007,-7.386,"LO","HIGH","SAAI"
92340,"Peachtree_VOR-DME_US","PDK","Peachtree","VOR-DME",116600,33.8755989074707,-84.29879760742188,970,"US",116600,"113X",,,,-2.001,-4.11,"TERMINAL","MEDIUM","KPDK"
92341,"Liuzao_VOR-DME_CN","PDL","Liuzao","VOR-DME",109400,31.1299991607666,121.7699966430664,13,"CN",109400,"031X",,,,,-5.168,"TERMINAL","HIGH","ZSPD"
92343,"Puerto_Maldonado_VOR-DME_PE","PDO","Puerto Maldonado","VOR-DME",116100,-12.60830020904541,-69.22720336914062,659,"PE",116100,"108X",,,,-4.007,-5.528,"BOTH","HIGH","SPTU"
92345,"Pendleton_VORTAC_US","PDT","Pendleton","VORTAC",114700,45.69839859008789,-118.93900299072266,1559,"US",114700,"094X",,,,20.001,16.173,"BOTH","HIGH",
92346,"Perales_VOR-DME_ES","PDT","Perales","VOR-DME",116950,40.252899169921875,-3.3480300903320312,2513,"ES",116950,"116Y",40.2529,-3.34786,2513,,-2.088,"BOTH","HIGH","LEMD"
92347,"Plovdiv_VOR-DME_BG","PDV","Plovdiv","VOR-DME",114900,42.05329895019531,24.876100540161133,590,"BG",114900,"096X",,,,2.007,3.506,"BOTH","HIGH","LBPD"
92349,"Portland_VOR-DME_US","PDX","Portland","VOR-DME",111800,45.59370040893555,-122.60600280761719,23,"US",111800,"055X",,,,20.001,17.039,"BOTH","MEDIUM","KPDX"
92350,"Paradise_VORTAC_US","PDZ","Paradise","VORTAC",112200,33.91830062866211,-117.52999877929688,1432,"US",112200,"059X",33.9186,-117.53,1432,15.001,12.569,"BOTH","HIGH",
92351,"Nouadhibou_VOR-DME_MR","PE","Nouadhibou","VOR-DME",113500,20.914400100708008,-17.03499984741211,16,"MR",113500,"082X",,,,,-7.314,"BOTH","HIGH","GQPP"
92365,"Pereira_VOR-DME_CO","PEI","Pereira","VOR-DME",116900,4.780829906463623,-75.83560180664062,3858,"CO",116900,"116X",,,,-3.007,-4.271,"BOTH","HIGH","SKPE"
92366,"Beijing_VOR-DME_CN","PEK","Beijing","VOR-DME",114700,40.04999923706055,116.5999984741211,30,"CN",114700,"094X",,,,,-6.225,"BOTH","HIGH","ZBAA"
92370,"Pecos_VOR-DME_US","PEQ","Pecos","VOR-DME",111800,31.46929931640625,-103.57499694824219,2650,"US",111800,"055X",,,,11.012,8.103,"BOTH","MEDIUM",
92371,"Pioneer_VORTAC_US","PER","Pioneer","VORTAC",113200,36.746498107910156,-97.16010284423828,1060,"US",113200,"079X",,,,6.005,4.501,"BOTH","HIGH",
92373,"Pescara_VOR-DME_IT","PES","Pescara","VOR-DME",115900,42.436100006103516,14.184399604797363,30,"IT",115900,"106X",42.4353,14.1842,30,1.007,2.065,"RNAV","HIGH","LIBP"
92374,"Port_Elizabeth_VOR-DME_ZA","PEV","Port Elizabeth","VOR-DME",112900,-33.99250030517578,25.60569953918457,225,"ZA",112900,"076X",,,,,-26.345,"BOTH","HIGH","FAPE"
92381,"Passo_Fundo_VOR_BR","PFD","Passo Fundo","VOR",112700,-28.238300323486328,-52.326499938964844,2376,"BR",,,,,,,-14.588,"BOTH","HIGH","SBPF"
92385,"Panama_City_VORTAC_US","PFN","Panama City","VORTAC",114300,30.21619987487793,-85.68090057373047,10,"US",114300,"090X",,,,0.001,-2.329,"LO","MEDIUM","US-9348"
92387,"Port_Gentil_VOR_GA","PG","Port Gentil","VOR",112300,-0.7287780046463013,8.747469902038574,13,"GA",,,,,,,-4.059,"LO","HIGH","FOOG"
92388,"Panjgur_VOR-DME_PK","PG","Panjgur","VOR-DME",114300,26.95560073852539,64.12529754638672,3302,"PK",114300,"090X",,,,0.007,1.018,"BOTH","HIGH","OPPG"
92396,"Page_VOR-DME_US","PGA","Page","VOR-DME",117600,36.930999755859375,-111.4469985961914,4277,"US",117600,"123X",,,,13.01,11.545,"LO","MEDIUM",
92397,"Punta_Gorda_VOR_US","PGD","Punta Gorda","VOR",110200,26.916799545288086,-81.99120330810547,22,"US",,,,,,-3.001,-4.321,"LO","LOW",
92400,"Rich_Mountain_VORTAC_US","PGO","Rich Mountain","VORTAC",113500,34.68050003051758,-94.60900115966797,2700,"US",113500,"082X",,,,4.003,3.123,"BOTH","MEDIUM",
92402,"Peach_Springs_VORTAC_US","PGS","Peach Springs","VORTAC",112000,35.624698638916016,-113.54399871826172,4760,"US",112000,"057X",,,,15.001,12.21,"BOTH","HIGH",
92403,"Charles de Gaulle_VOR-DME_FR","PGS","Charles de Gaulle","VOR-DME",117050,48.9995002746582,2.623810052871704,325,"FR",117050,"117Y",,,,,-1.003,"BOTH","HIGH","LFPG"
92404,"Poggi_VORTAC_US","PGY","Poggi","VORTAC",109800,32.61029815673828,-116.97899627685547,580,"US",109800,"035X",,,,14.001,12.331,"LO","MEDIUM","KSDM"
92405,"Perth_VOR-DME_AU","PH","Perth","VOR-DME",113700,-31.94499969482422,115.95899963378906,87,"AU",113700,"084X",-31.945,115.959,87,-2.007,-1.412,"BOTH","HIGH","YPPH"
92414,"Pafos_VOR-DME_CY","PHA","Pafos","VOR-DME",117900,34.711700439453125,32.50669860839844,53,"CY",117900,"126X",,,,2.007,3.506,"BOTH","HIGH","LCPH"
92418,"Pahokee_VORTAC_US","PHK","Pahokee","VORTAC",115400,26.782699584960938,-80.69139862060547,20,"US",115400,"101X",,,,0.001,-5.233,"BOTH","HIGH",
92420,"Philip_VOR-DME_US","PHP","Philip","VOR-DME",108400,44.05820083618164,-101.66400146484375,2340,"US",108400,"021X",,,,12.001,7.57,"LO","MEDIUM",
92422,"Phanthiet_VOR-DME_VN","PHT","Phanthiet","VOR-DME",114100,10.927800178527832,108.06999969482422,31,"VN",114100,"088X",,,,0.007,-0.137,"BOTH","HIGH",
92423,"Phalaborwa_VOR_ZA","PHV","Phalaborwa","VOR",115300,-23.900800704956055,31.152000427246094,1528,"ZA",,,,,,-15.007,-15.388,"HI","HIGH","FAPH"
92435,"Peoria_VORTAC_US","PIA","Peoria","VORTAC",115200,40.68009948730469,-89.79280090332031,730,"US",115200,"099X",,,,4.001,-1.032,"BOTH","MEDIUM",
92439,"St Petersburg_VORTAC_US","PIE","St Petersburg","VORTAC",116400,27.907800674399997,-82.6843032837,9,"US",116400,"111X",,,,1,-5.2,,,"KPIE"
92441,"Pocatello_VORTAC_US","PIH","Pocatello","VORTAC",112600,42.870399475097656,-112.6520004272461,4433,"US",112600,"073X",,,,17.001,13.332,"BOTH","HIGH","KPIH"
92445,"Payam_VOR-DME_IR","PIM","Payam","VOR-DME",117500,35.762001037597656,50.851600646972656,4125,"IR",117500,"122X",,,,3.501,4.051,"LO","HIGH","OIIP"
92450,"Pinon_VOR-DME_US","PIO","Pinon","VOR-DME",110400,32.52920150756836,-105.30500030517578,6580,"US",110400,"041X",,,,12.001,9.004,"LO","MEDIUM",
92451,"Pierre_VORTAC_US","PIR","Pierre","VORTAC",112500,44.394500732421875,-100.16300201416016,1790,"US",112500,"072X",,,,11.001,6.541,"LO","MEDIUM","KPIR"
92452,"Pirkka_VOR-DME_FI","PIR","Pirkka","VOR-DME",116200,61.4099006652832,23.577699661254883,450,"FI",116200,"109X",,,,5.007,6.521,"RNAV","HIGH","EFTP"
92453,"Pisa_VOR-DME_IT","PIS","Pisa","VOR-DME",112100,43.67720031738281,10.390600204467773,39,"IT",112100,"058X",43.6771,10.3908,39,0.007,1.216,"BOTH","HIGH","LIRP"
92457,"Pixian_VOR-DME_CN","PIX","Pixian","VOR-DME",117800,34.314998626708984,117.9800033569336,98,"CN",117800,"125X",,,,,-5.228,"BOTH","HIGH",
92467,"Curacao_VOR-DME_AN","PJG","Curacao","VOR-DME",116700,12.201199531555176,-69.0094985961914,29,"BQ",116700,"114X",,,,-4.001,-10.086,"BOTH","HIGH","TNCC"
92468,"St.mMarten_VOR-DME_AN","PJM","St.mMarten","VOR-DME",113000,18.03809928894043,-63.11830139160156,13,"BQ",113000,"077X",,,,-12.001,-13.56,,,"TNCM"
92488,"Park_Rapids_VOR-DME_US","PKD","Park Rapids","VOR-DME",110600,46.89820098876953,-95.0708999633789,1440,"US",110600,"043X",,,,4.005,2.368,"LO","MEDIUM",
92489,"Parker_VORTAC_US","PKE","Parker","VORTAC",117900,34.10200119018555,-114.68199920654297,1000,"US",117900,"126X",,,,15.001,12.21,"BOTH","HIGH",
92491,"Pangkalan_Bun_VOR-DME_ID","PKN","Pangkalan Bun","VOR-DME",117400,-2.726480007171631,111.69599914550781,75,"ID",117400,"121X",,,,1.011,1.085,"BOTH","HIGH","WAOI"
92493,"Pangkal_Pinang_VOR-DME_ID","PKP","Pangkal Pinang","VOR-DME",114200,-2.1568100452423096,106.13999938964844,108,"ID",114200,"089X",,,,0.007,0.376,"BOTH","HIGH","WIPK"
92494,"Parkes_VOR-DME_AU","PKS","Parkes","VOR-DME",112000,-33.131099700927734,148.23699951171875,1070,"AU",112000,"057X",,,,11.007,11.224,"BOTH","HIGH","YPKS"
92497,"Pekanbaru_VOR-DME_ID","PKU","Pekanbaru","VOR-DME",112100,0.425588995218277,101.44100189208984,102,"ID",112100,"058X",,,,-0.107,-0.053,"BOTH","HIGH","WIBB"
92499,"Tjilik_Riwut_VOR-DME_ID","PKY","Tjilik Riwut","VOR-DME",114300,-2.243499994277954,113.94999694824219,82,"ID",114300,"090X",,,,1.011,1.126,"BOTH","HIGH","WAGG"
92510,"Plattsburgh_VORTAC_US","PLB","Plattsburgh","VORTAC",116900,44.684898376464844,-73.52269744873047,343,"US",116900,"116X",,,,-15.003,-14.55,"BOTH","HIGH","US-9349"
92511,"Palembang_VOR-DME_ID","PLB","Palembang","VOR-DME",115500,-2.8785901069641113,104.65299987792969,8,"ID",115500,"102X",,,,0.007,0.258,"BOTH","HIGH","WIPP"
92516,"Puerto_Leguizamo_VOR-DME_CO","PLG","Puerto Leguizamo","VOR-DME",112800,-0.17893099784851074,-74.77539825439453,653,"CO",112800,"075X",,,,,-4.166,"BOTH","HIGH","SKLG"
92518,"Paleochora_VOR-DME_GR","PLH","Paleochora","VOR-DME",114600,35.22760009765625,23.68079948425293,12,"GR",114600,"093X",,,,1.007,3.031,"BOTH","HIGH",
92520,"Polo_VOR-DME_US","PLL","Polo","VOR-DME",111200,41.965599060058594,-89.52420043945312,840,"US",111200,"049X",,,,3.001,-1.302,"LO","MEDIUM",
92521,"Pellston_VORTAC_US","PLN","Pellston","VORTAC",111800,45.63059997558594,-84.66410064697266,840,"US",111800,"055X",,,,-6.001,-6.45,"LO","MEDIUM",
92522,"Point_Lookout_VOR_AU","PLO","Point Lookout","VOR",116200,-30.49250030517578,152.35899353027344,,"AU",,,,,,11.007,11.503,"BOTH","HIGH",
92525,"Plaisance_VOR-DME_MU","PLS","Plaisance","VOR-DME",113700,-20.420000076293945,57.66230010986328,488,"MU",113700,"084X",,,,-17.007,-19.044,"BOTH","HIGH","FIMP"
92529,"Palmerston_North_VOR-DME_NZ","PM","Palmerston North","VOR-DME",113400,-40.31850051879883,175.63800048828125,149,"NZ",113400,"081X",,,,21.007,21.318,"BOTH","HIGH","NZPM"
92536,"Pattimura_VOR-DME_ID","PMA","Pattimura","VOR-DME",113600,-3.714829921722412,128.08700561523438,33,"ID",113600,"083X",,,,2.011,2.061,"BOTH","HIGH","WAPP"
92537,"Prince_Mohammad_Bin_Abdulaziz_VOR-DME_SA","PMA","Prince Mohammad Bin Abdulaziz","VOR-DME",114100,24.54759979248047,39.7052001953125,2120,"SA",114100,"088X",,,,1.007,2.584,"BOTH","HIGH","OEMA"
92539,"Palmdale_VORTAC_US","PMD","Palmdale","VORTAC",114500,34.63140106201172,-118.06400299072266,2500,"US",114500,"092X",,,,15.001,13.121,"BOTH","HIGH","KPMD"
92542,"La_Palma_VOR_PA","PML","La Palma","VOR",113100,8.407380104064941,-78.13839721679688,30,"PA",,,,,,,-3.349,"BOTH","HIGH","PA-0043"
92543,"Pullman_VOR-DME_US","PMM","Pullman","VOR-DME",112100,42.46549987792969,-86.10579681396484,640,"US",112100,"058X",,,,0.001,-4.339,"BOTH","HIGH",
92545,"Palmas_VOR-DME_BR","PMS","Palmas","VOR-DME",112200,-10.2878999710083,-48.3583984375,656,"BR",112200,"059X",,,,,-20.151,"BOTH","HIGH","SBPJ"
92547,"Pietermaritzburg_VOR-DME_ZA","PMV","Pietermaritzburg","VOR-DME",117900,-29.64780044555664,30.400400161743164,2425,"ZA",117900,"126X",,,,,-23.221,"BOTH","HIGH","FAPM"
92550,"Proserpine_VOR-DME_AU","PN","Proserpine","VOR-DME",113700,-20.496700286865234,148.55299377441406,92,"AU",113700,"084X",,,,9.011,8.24,"RNAV","HIGH","YBPN"
92560,"Punta_Cana_VOR-DME_DO","PNA","Punta Cana","VOR-DME",112700,18.56730079650879,-68.38330078125,40,"DO",112700,"074X",,,,-9.007,-11.244,"BOTH","HIGH","MDPC"
92563,"Porto_Nacional_VOR-DME_BR","PNC","Porto Nacional","VOR-DME",113000,-10.72070026397705,-48.4025993347168,870,"BR",113000,"077X",,,,-19.007,-20.141,"BOTH","HIGH","SBPN"
92567,"North_Philadelphia_VOR_US","PNE","North Philadelphia","VOR",112000,40.08209991455078,-75.0094985961914,110,"US",,,,,,-10.002,-12.223,"TERMINAL","LOW",
92568,"Piedras_VOR-DME_MX","PNG","Piedras","VOR-DME",113600,28.631799697875977,-100.53800201416016,901,"MX",113600,"083X",,,,10.01,6.381,"BOTH","HIGH","MMPG"
92571,"Panhandle_VORTAC_US","PNH","Panhandle","VORTAC",116600,35.23509979248047,-101.6989974975586,3592,"US",116600,"113X",,,,8.003,7.305,"BOTH","HIGH",
92572,"Phnom_Penh_VOR-DME_KH","PNH","Phnom Penh","VOR-DME",114300,11.546699523925781,104.84200286865234,56,"KH",114300,"090X",,,,0.007,-0.187,"BOTH","HIGH","VDPP"
92576,"Pinsk_VOR-DME_BY","PNK","Pinsk","VOR-DME",113400,52.15330123901367,26.13170051574707,476,"BY",113400,"081X",,,,4.007,5.377,"BOTH","MEDIUM",
92577,"Pontianak_VOR-DME_ID","PNK","Pontianak","VOR-DME",113200,-0.07915300130844116,109.375,5,"ID",113200,"079X",,,,0.007,0.498,"BOTH","HIGH","WIOO"
92579,"Princeton_VOR-DME_US","PNN","Princeton","VOR-DME",114300,45.329200744628906,-67.7042007446289,400,"US",114300,"090X",,,,-21.001,-17.578,"LO","MEDIUM",
92583,"Puerto_Natales_VOR-DME_CL","PNT","Puerto Natales","VOR-DME",115900,-51.73500061035156,-72.4480972290039,423,"CL",115900,"106X",,,,15.007,14.333,"RNAV","HIGH","SCNT"
92584,"Pontiac_VOR-DME_US","PNT","Pontiac","VOR-DME",109600,40.82120132446289,-88.7334976196289,679,"US",109600,"033X",,,,3.001,-1.578,"BOTH","MEDIUM",
92585,"Pilanesberg_VOR-DME_ZA","PNV","Pilanesberg","VOR-DME",112600,-25.39579963684082,27.122699737548828,3417,"ZA",112600,"073X",,,,,-16.31,"BOTH","HIGH","FAPN"
92586,"Ponza_VORTAC_IT","PNZ","Ponza","VORTAC",114600,40.91189956665039,12.957500457763672,684,"IT",114600,"093X",,,,1.007,1.497,"BOTH","HIGH",
92588,"Potiskum_VOR-DME_NG","PO","Potiskum","VOR-DME",112100,11.704999923706055,11.037699699401855,1562,"NG",112100,"058X",,,,,-0.509,"BOTH","HIGH",
92599,"Podgorica_VOR-DME_RS","POD","Podgorica","VOR-DME",113000,42.386199951171875,19.254600524902344,138,"RS",113000,"077X",,,,1.007,3.001,"BOTH","HIGH","LYPG"
92603,"Poitiers_VOR_FR","POI","Poitiers","VOR",113300,46.58100128173828,0.2981939911842346,426,"FR",,,,,,-3.007,-1.308,"BOTH","HIGH","LFBI"
92605,"Pole_Hill_VOR-DME_GB","POL","Pole Hill","VOR-DME",112100,53.743900299072266,-2.10332989692688,1400,"GB",112100,"058X",,,,-4.201,-3.262,"BOTH","HIGH",
92606,"Pomona_VORTAC_US","POM","Pomona","VORTAC",110400,34.078399658203125,-117.78700256347656,1270,"US",110400,"041X",,,,15.001,13.012,"LO","MEDIUM",
92607,"Pomigliano_VOR-DME_IT","POM","Pomigliano","VOR-DME",117850,40.928199768066406,14.383600234985352,109,"IT",117850,"125Y",,,,,2.053,"BOTH","MEDIUM","LIRN"
92609,"Pontoise_VOR_FR","PON","Pontoise","VOR",111600,49.096099853515625,2.0358901023864746,318,"FR",,,,,,-3.007,-1.125,"BOTH","HIGH","LFPT"
92611,"Porto_Alegre_VOR-DME_BR","POR","Porto Alegre","VOR-DME",114000,-29.996000289916992,-51.165199279785156,11,"BR",114000,"087X",,,,-13.007,-15.078,"BOTH","HIGH","SBPA"
92614,"Posadas_VOR-DME_AR","POS","Posadas","VOR-DME",114900,-27.38559913635254,-55.969200134277344,429,"AR",114900,"096X",,,,-11.007,-12.307,"BOTH","HIGH","SARP"
92615,"Pollensa_VOR-DME_ES","POS","Pollensa","VOR-DME",116400,39.927398681640625,3.114579916000366,1168,"ES",116400,"111X",39.9277,3.11486,1168,-1.007,-0.178,"BOTH","HIGH",
92616,"Piarco_VOR-DME_TT","POS","Piarco","VOR-DME",116900,10.46619987487793,-61.39189910888672,60,"TT",116900,"116X",,,,-11.007,-14.134,"BOTH","HIGH","TTPP"
92617,"Port_Harcourt_VOR-DME_NG","POT","Port Harcourt","VOR-DME",113500,5.035329818725586,6.960179805755615,157,"NG",113500,"082X",,,,-5.007,-2.587,"BOTH","HIGH","DNPO"
92618,"Pingzhou_VOR-DME_CN","POU","Pingzhou","VOR-DME",114100,23.020000457763672,113.19000244140625,20,"CN",114100,"088X",,,,,-2.152,"BOTH","HIGH",
92619,"Chachapoyas_VOR-DME_PE","POY","Chachapoyas","VOR-DME",115100,-6.20028018951416,-77.86000061035156,8294,"PE",115100,"098X",,,,0.007,-0.507,"BOTH","HIGH","SPPY"
92635,"Port_Blair_VOR-DME_IN","PPB","Port Blair","VOR-DME",115700,11.649700164794922,92.74720001220703,16,"IN",115700,"104X",,,,-1.011,-1.057,"BOTH","HIGH","VOPB"
92637,"Tatry_VOR-DME_SK","PPD","Tatry","VOR-DME",112100,49.06480026245117,20.350000381469727,2388,"SK",112100,"058X",,,,2.007,3.474,"BOTH","HIGH","LZTT"
92639,"Penasco_VOR-DME_MX","PPE","Penasco","VOR-DME",112100,31.367392,-113.302333,30,"MX",112100,"058X",,,,13,11.3,"BOTH","HIGH","MX-2509"
92641,"Perpignan_VOR-DME_FR","PPG","Perpignan","VOR-DME",116250,42.7504997253418,2.867140054702759,134,"FR",116250,"109Y",,,,-1.007,-0.279,"BOTH","HIGH","LFMP"
92643,"Phillips_VOR-DME_US","PPM","Phillips","VOR-DME",108400,39.46670150756836,-76.1709976196289,41,"US",108400,"021X",,,,-9.001,-11.26,"LO","LOW","KAPG"
92644,"Pamplona_VOR-DME_ES","PPN","Pamplona","VOR-DME",112300,42.733699798583984,-1.7020000219345093,3419,"ES",112300,"070X",42.7338,-1.70183,3419,-3.007,-1.482,"BOTH","HIGH","LEPP"
92647,"Pointe_A_Pitre_VOR-DME_GP","PPR","Pointe A Pitre","VOR-DME",112900,16.265199661254883,-61.54010009765625,44,"GP",112900,"076X",,,,-12.007,-14.284,"BOTH","HIGH","TFFR"
92648,"Patna_VOR-DME_IN","PPT","Patna","VOR-DME",112100,25.59040069580078,85.08989715576172,167,"IN",112100,"058X",,,,0.011,-0.089,"BOTH","HIGH","VEPT"
92649,"Polokwane_VOR-DME_ZA","PPV","Polokwane","VOR-DME",114500,-23.839799880981445,29.460599899291992,4075,"ZA",114500,"092X",,,,,-15.034,"BOTH","HIGH",
92655,"Tateyama_VOR-DME_JP","PQE","Tateyama","VOR-DME",112500,34.9463996887207,139.89599609375,621,"JP",112500,"072X",,,,-6.007,-6.387,"BOTH","HIGH","RJTE"
92657,"Presque_Isle_VOR-DME_US","PQI","Presque Isle","VOR-DME",116400,46.774200439453125,-68.09449768066406,590,"US",116400,"111X",,,,-21.001,-18.267,"BOTH","HIGH","KCAR"
92659,"Puerto_Princesa_VOR-DME_PH","PR","Puerto Princesa","VOR-DME",115900,9.74133014678955,118.75299835205078,20,"PH",115900,"106X",,,,0.007,-0.205,"BOTH","HIGH","RPVP"
92671,"Pratapgarh_VOR-DME_IN","PRA","Pratapgarh","VOR-DME",114900,24.037149320399998,74.7439137697,1689,"IN",114900,"096X",,,,0.011,-0.043,"BOTH","HIGH",
92672,"Praslin_VOR-DME_SC","PRA","Praslin","VOR-DME",115700,-4.307370185852051,55.70709991455078,1106,"SC",115700,"104X",,,,-4.007,-5.166,"BOTH","HIGH","FSPP"
92673,"El_Prat_VOR-DME_ES","PRA","El Prat","VOR-DME",114300,41.28310012817383,2.081860065460205,43,"ES",114300,"090X",41.283,2.08175,43,,-0.367,"BOTH","HIGH","LEBL"
92676,"Paso_Robles_VORTAC_US","PRB","Paso Robles","VORTAC",114300,35.672401428222656,-120.62699890136719,820,"US",114300,"090X",,,,16.001,13.557,"LO","MEDIUM","KPRB"
92680,"St_Pierre_Pierrefonds_VOR-DME_RE","PRF","St Pierre Pierrefonds","VOR-DME",115900,-21.3164005279541,55.417198181152344,52,"RE",115900,"106X",,,,,-19.587,"TERMINAL","MEDIUM","FMEP"
92682,"Paraguana_VOR-DME_VE","PRG","Paraguana","VOR-DME",113600,11.78339958190918,-70.1333999633789,75,"VE",113600,"083X",,,,-7.007,-9.243,"BOTH","HIGH","SVJC"
92686,"Parintins_VOR-DME_BR","PRI","Parintins","VOR-DME",114100,-2.6672799587249756,-56.773101806640625,87,"BR",114100,"088X",,,,,-16.134,"BOTH","HIGH","SWPI"
92687,"Previk_VOR-DME_FI","PRI","Previk","VOR-DME",113200,61.464599609375,21.795900344848633,62,"FI",113200,"079X",,,,4.007,6.079,"RNAV","HIGH","EFPO"
92692,"Parnu_VOR-DME_EE","PRN","Parnu","VOR-DME",115900,58.41659927368164,24.465999603271484,58,"EE",115900,"106X",,,,6.008,6.303,"LO","LOW","EEPU"
92693,"Paro_VOR_BT","PRO","Paro","VOR",108400,27.299999237060547,89.5,7332,"BT",,,,,,0.011,-0.09,"BOTH","HIGH","VQPR"
92695,"Prudente_VOR-DME_BR","PRR","Prudente","VOR-DME",113500,-22.172700881958008,-51.42570114135742,1477,"BR",113500,"082X",,,,-16.007,-17.256,"BOTH","HIGH","SBDN"
92697,"Raisi_VOR-DME_IT","PRS","Raisi","VOR-DME",113000,38.17210006713867,13.079999923706055,19,"IT",113000,"077X",,,,,1.452,"LO","LOW","LICJ"
92699,"Peretola_VOR-DME_IT","PRT","Peretola","VOR-DME",112500,43.81039810180664,11.201499938964844,157,"IT",112500,"072X",,,,,1.322,"BOTH","HIGH","LIRQ"
92700,"Porto_VOR-DME_PT","PRT","Porto","VOR-DME",114100,41.273101806640625,-8.687780380249023,182,"PT",114100,"088X",,,,-5.007,-4.016,"BOTH","HIGH","LPPR"
92701,"Pristina_VOR-DME_RS","PRT","Pristina","VOR-DME",113300,42.5724983215332,21.031400680541992,1820,"RS",113300,"080X",,,,,3.183,"TERMINAL","HIGH",
92702,"Perugia_VOR-DME_IT","PRU","Perugia","VOR-DME",109400,43.10169982910156,12.511899948120117,721,"IT",109400,"031X",,,,0.007,1.48,"LO","HIGH","LIRZ"
92703,"Paris_VOR-DME_US","PRX","Paris","VOR-DME",113600,33.54240036010742,-95.44830322265625,510,"US",113600,"083X",,,,7.008,3.483,"LO","MEDIUM","KPRX"
92705,"Peshawar_VOR-DME_PK","PS","Peshawar","VOR-DME",114300,33.975399017333984,71.51719665527344,1257,"PK",114300,"090X",,,,1.007,2.155,"BOTH","HIGH","OPPS"
92719,"Prince_Sultan_VORTAC_SA","PSA","Prince Sultan","VORTAC",115400,24.07390022277832,47.58330154418945,1599,"SA",115400,"101X",,,,,2.144,"BOTH","LOW","OEPS"
92721,"Philipsburg_VORTAC_US","PSB","Philipsburg","VORTAC",115500,40.91630172729492,-77.9926986694336,2440,"US",115500,"102X",,,,-10.002,-10.374,"BOTH","HIGH",
92722,"Pasco_VOR-DME_US","PSC","Pasco","VOR-DME",108400,46.26300048828125,-119.11599731445312,404,"US",108400,"021X",,,,20.001,16.256,"LO","MEDIUM",
92723,"Port_Said_VOR-DME_EG","PSD","Port Said","VOR-DME",112700,31.278799057006836,32.23780059814453,30,"EG",112700,"074X",,,,3.007,3.295,"BOTH","HIGH","HEPS"
92724,"Port_Sudan_VOR-DME_SD","PSD","Port Sudan","VOR-DME",113100,19.401199340820312,37.24169921875,160,"SD",113100,"078X",,,,,2.401,"BOTH","HIGH","HSPN"
92726,"Ponce_VOR-DME_PR","PSE","Ponce","VOR-DME",109000,17.99250030517578,-66.51920318603516,16,"PR",109000,"027X",,,,-10.001,-12.188,"LO","MEDIUM","TJPS"
92728,"Pontiac_VORTAC_US","PSI","Pontiac","VORTAC",111000,42.70090103149414,-83.53279876708984,1148,"US",111000,"047X",,,,-3.001,-6.497,"LO","MEDIUM","KPTK"
92730,"Pulaski_VORTAC_US","PSK","Pulaski","VORTAC",116800,37.08769989013672,-80.71289825439453,2120,"US",116800,"115X",,,,-6.001,-7.338,"BOTH","HIGH",
92733,"Phitsanulok_VOR-DME_TH","PSL","Phitsanulok","VOR-DME",114100,16.77039909362793,100.29100036621094,145,"TH",114100,"088X",,,,0.007,-0.413,"BOTH","HIGH","VTPP"
92734,"Pease_VORTAC_US","PSM","Pease","VORTAC",116500,43.08449935913086,-70.83200073242188,99,"US",116500,"112X",,,,-16.001,-15.448,"LO","MEDIUM","KPSM"
92735,"Busan_VORTAC_KR","PSN","Busan","VORTAC",114000,35.1234016418457,129,1500,"KR",114000,"087X",,,,-7.011,-7.125,"BOTH","HIGH","RKPK"
92736,"Piracununga_VOR-DME_BR","PSN","Piracununga","VOR-DME",113300,-21.984500885009766,-47.344200134277344,1968,"BR",113300,"080X",,,,,-19.491,"BOTH","HIGH","SBYS"
92739,"Pasto_VOR-DME_CO","PSO","Pasto","VOR-DME",113400,1.3979899883270264,-77.28990173339844,5894,"CO",113400,"081X",,,,,-2.495,"LO","HIGH","SKPS"
92741,"Palm_Springs_VORTAC_US","PSP","Palm Springs","VORTAC",115500,33.869998931884766,-116.43000030517578,1600,"US",115500,"102X",,,,13.001,12.425,"BOTH","MEDIUM","KPSP"
92745,"Potchefstroom_VOR-DME_ZA","PSV","Potchefstroom","VOR-DME",115800,-26.67329978942871,27.093299865722656,4520,"ZA",115800,"105X",,,,,-18.119,"BOTH","HIGH","FAPS"
92746,"Palacios_VORTAC_US","PSX","Palacios","VORTAC",117300,28.764400482177734,-96.30619812011719,15,"US",117300,"120X",,,,8.006,4.275,"BOTH","HIGH",
92757,"La_Plata_VOR_AR","PTA","La Plata","VOR",113700,-34.975799560546875,-57.89830017089844,69,"AR",,,,,,-5.007,-7.184,"BOTH","HIGH","SADL"
92758,"Puerto_Plata_VOR-DME_DO","PTA","Puerto Plata","VOR-DME",115100,19.759300231933594,-70.57039642333984,38,"DO",115100,"098X",,,,-8.007,-10.225,"BOTH","HIGH","MDPP"
92760,"Pusztaszabolcs_VOR-DME_HU","PTB","Pusztaszabolcs","VOR-DME",117100,47.152198791503906,18.742300033569336,453,"HU",117100,"118X",,,,,3.159,"BOTH","HIGH",
92763,"Puerto_Carreno_VOR-DME_CO","PTC","Puerto Carreno","VOR-DME",112900,6.181690216064453,-67.49600219726562,181,"CO",112900,"076X",,,,,-10.192,"BOTH","HIGH","SKPC"
92767,"Podkamennaya_Tunguska_VOR-DME_RU","PTG","Podkamennaya Tunguska","VOR-DME",113400,61.59830093383789,89.98999786376953,213,"RU",113400,"081X",,,,10.007,9.07,"BOTH","HIGH",
92768,"Perth_VOR_GB","PTH","Perth","VOR",110400,56.442501068115234,-3.36860990524292,,"GB",,,,,,-6.001,-4.329,"RNAV","HIGH",
92769,"Pasteje_VOR-DME_MX","PTJ","Pasteje","VOR-DME",114500,19.645700454711914,-99.7979965209961,11500,"MX",114500,"092X",,,,7.007,6.15,"BOTH","HIGH",
92770,"Pyeongtaek_VOR-DME_KR","PTK","Pyeongtaek","VOR-DME",108200,36.96780014038086,127.02100372314453,47,"KR",108200,"019X",,,,-8.011,-7.376,"BOTH","LOW","RKSG"
92771,"Petrolina_VOR-DME_BR","PTL","Petrolina","VOR-DME",112100,-9.36316967010498,-40.56129837036133,1263,"BR",112100,"058X",,,,-22.007,-22.221,"BOTH","HIGH","SBPL"
92774,"Pathein_VOR-DME_MM","PTN","Pathein","VOR-DME",115600,16.814599990844727,94.77670288085938,20,"MM",115600,"103X",,,,0.007,-0.484,"BOTH","HIGH","VYPN"
92780,"Pelotas_VOR_BR","PTS","Pelotas","VOR",113300,-31.719200134277344,-52.327301025390625,59,"BR",,,,,,-12.007,-13.335,"BOTH","HIGH","SBPK"
92785,"Pithiviers_VOR_FR","PTV","Pithiviers","VOR",116500,48.155601501464844,2.264780044555664,424,"FR",,,,,,-3.007,-1.023,"BOTH","HIGH",
92786,"Pottstown_VORTAC_US","PTW","Pottstown","VORTAC",116500,40.2223014831543,-75.560302734375,290,"US",116500,"112X",,,,-9.002,-12.038,"BOTH","MEDIUM",
92788,"Papa_Uniform_VOR-DME_SG","PU","Papa Uniform","VOR-DME",115100,1.4233299493789673,103.93299865722656,190,"SG",115100,"098X",,,,0.011,0.149,"BOTH","HIGH","WSAP"
92794,"Pueblo_VORTAC_US","PUB","Pueblo","VORTAC",116700,38.2943000793457,-104.42900085449219,4760,"US",116700,"114X",,,,13.001,9.102,"BOTH","HIGH",
92795,"Carbon_VOR-DME_US","PUC","Carbon","VOR-DME",115500,39.60319900512695,-110.75399780273438,5891,"US",115500,"102X",,,,14.001,12.109,"LO","HIGH",
92796,"Pudong_VOR-DME_CN","PUD","Pudong","VOR-DME",116900,31.16830062866211,121.77999877929688,13,"CN",116900,"116X",,,,,-5.184,"BOTH","HIGH","ZSPD"
92798,"Pula_VOR-DME_HR","PUL","Pula","VOR-DME",111250,44.892398834228516,13.918100357055664,189,"HR",111250,"049Y",,,,0.007,2.082,"BOTH","HIGH","LDPL"
92799,"Pucallpa_VOR-DME_PE","PUL","Pucallpa","VOR-DME",116700,-8.375829696655273,-74.57219696044922,537,"PE",116700,"114X",,,,-1.007,-2.428,"BOTH","HIGH","SPCL"
92800,"Pune_VOR-DME_IN","PUN","Pune","VOR-DME",113900,18.579700469970703,73.91419982910156,1942,"IN",113900,"086X",,,,-1.011,-0.568,"BOTH","MEDIUM","VAPO"
92802,"Phuket_VOR-DME_TH","PUT","Phuket","VOR-DME",116900,8.115229606628418,98.3062973022461,55,"TH",116900,"116X",,,,0.007,-0.351,"BOTH","HIGH","VTSP"
92803,"Putnam_VOR-DME_US","PUT","Putnam","VOR-DME",117400,41.955501556396484,-71.84410095214844,650,"US",117400,"121X",,,,-14.001,-14.496,"BOTH","HIGH",
92805,"Pullman_VOR-DME_US","PUW","Pullman","VOR-DME",109000,46.67430114746094,-117.2239990234375,2720,"US",109000,"027X",,,,20.001,16.056,"LO","MEDIUM",
92811,"Providence_VORTAC_US","PVD","Providence","VORTAC",115600,41.724300384521484,-71.42960357666016,49,"US",115600,"103X",,,,-14.001,-14.577,"BOTH","HIGH","KPVD"
92813,"Porto_Velho_VOR-DME_BR","PVH","Porto Velho","VOR-DME",112700,-8.71399974822998,-63.90330123901367,290,"BR",112700,"074X",,,,-9.007,-10.543,"BOTH","HIGH","SBPV"
92816,"Providenciales_VOR-DME_TC","PVN","Providenciales","VOR-DME",115600,21.772199630737305,-72.26599884033203,54,"TC",115600,"103X",,,,-9.001,-9.447,"BOTH","HIGH","MBPV"
92817,"Porvoo_VOR-DME_FI","PVO","Porvoo","VOR-DME",112800,60.29439926147461,25.588499069213867,121,"FI",112800,"075X",,,,5.007,7.237,"RNAV","HIGH","FI-0018"
92819,"Vallarta_VOR-DME_MX","PVR","Vallarta","VOR-DME",116600,20.673099517822266,-105.25700378417969,23,"MX",116600,"113X",,,,9.006,8.028,"BOTH","HIGH","MMPR"
92821,"Provo_VOR-DME_US","PVU","Provo","VOR-DME",108400,40.214900970458984,-111.72100067138672,4493,"US",108400,"021X",,,,15.001,12.396,"LO","LOW",
92822,"Plainview_VOR-DME_US","PVW","Plainview","VOR-DME",112900,34.08620071411133,-101.79000091552734,3400,"US",112900,"076X",,,,11.012,7.295,"LO","MEDIUM",
92832,"Wiley_Post_VOR-DME_US","PWA","Wiley Post","VOR-DME",113400,35.532901763916016,-97.64720153808594,1270,"US",113400,"081X",,,,8.001,5.096,"LO","LOW",
92835,"Pawnee_City_VORTAC_US","PWE","Pawnee City","VORTAC",112400,40.200401306152344,-96.206298828125,1360,"US",112400,"071X",,,,5.008,4.042,"BOTH","HIGH",
92837,"Puerto_Williams_VOR-DME_CL","PWL","Puerto Williams","VOR-DME",114900,-54.92919921875,-67.62000274658203,88,"CL",114900,"096X",,,,13.007,12.463,"BOTH","HIGH","SCGZ"
92838,"Pawling_VOR-DME_US","PWL","Pawling","VOR-DME",114300,41.769798278808594,-73.60050201416016,1250,"US",114300,"090X",,,,-12.001,-13.47,"LO","MEDIUM",
92841,"Escondido_VOR-DME_MX","PXM","Escondido","VOR-DME",112500,15.875100135803223,-97.08170318603516,294,"MX",112500,"072X",,,,7.009,5.238,"BOTH","HIGH","MMPS"
92842,"Panoche_VORTAC_US","PXN","Panoche","VORTAC",112600,36.71549987792969,-120.77899932861328,2060,"US",112600,"073X",,,,16.001,14.129,"LO","MEDIUM",
92843,"Phoenix_VORTAC_US","PXR","Phoenix","VORTAC",115600,33.43299865722656,-111.97000122070312,1182,"US",115600,"103X",,,,12.001,11.295,"BOTH","HIGH","P18"
92844,"Patuxent_VORTAC_US","PXT","Patuxent","VORTAC",117600,38.28779983520508,-76.40019989013672,20,"US",117600,"123X",,,,-10.001,-10.561,"BOTH","MEDIUM","KNHK"
92845,"Pocket_City_VORTAC_US","PXV","Pocket City","VORTAC",113300,37.92829895019531,-87.76239776611328,430,"US",113300,"080X",,,,3.001,-2.168,"BOTH","HIGH","KEVV"
92846,"Port_Moresby_VOR-DME_PG","PY","Port Moresby","VOR-DME",117000,-9.452960014343262,147.21499633789062,526,"PG",117000,"117X",,,,6.007,6.223,"BOTH","LOW","AYPY"
92855,"Point_Reyes_VORTAC_US","PYE","Point Reyes","VORTAC",113700,38.07979965209961,-122.86799621582031,1340,"US",113700,"084X",,,,17.001,14.54,"BOTH","HIGH",
92861,"Puerto_Esperanza_VOR_PE","PZA","Puerto Esperanza","VOR",113900,-9.76908016204834,-70.7051010131836,800,"PE",,,,,,,-5.223,"LO","HIGH","SPEP"
92862,"Puerto_Cabezas_VOR-DME_NI","PZA","Puerto Cabezas","VOR-DME",112900,14.04520034790039,-83.38829803466797,52,"NI",112900,"076X",,,,,-1.191,"BOTH","HIGH","MNPC"
92864,"Pecan_VORTAC_US","PZD","Pecan","VORTAC",116100,31.65519905090332,-84.29309844970703,280,"US",116100,"108X",,,,-2.001,-3.47,"BOTH","HIGH","KABY"
92872,"Queen_Alia_VOR-DME_JO","QAA","Queen Alia","VOR-DME",115200,31.74090003967285,36.15810012817383,2730,"JO",115200,"099X",,,,,3.418,"BOTH","HIGH","OJAI"
92881,"Queretaro_VOR-DME_MX","QET","Queretaro","VOR-DME",113000,20.61750030517578,-100.19400024414062,6296,"MX",113000,"077X",,,,,6.231,"BOTH","HIGH","MMQT"
92886,"Mekele_VOR-DME_ET","QHA","Mekele","VOR-DME",116600,13.472800254821777,39.52470016479492,7396,"ET",116600,"113X",,,,,2.036,"BOTH","HIGH","HAMK"
92890,"Condorcocha_VOR-DME_EC","QIT","Condorcocha","VOR-DME",115300,-0.038610998541116714,-78.51139831542969,11778,"EC",115300,"100X",,,,0.007,-1.429,"BOTH","HIGH","EC-0070"
92892,"Qijiang_VOR-DME_CN","QJG","Qijiang","VOR-DME",112700,29.04669952392578,106.65299987792969,1012,"CN",112700,"074X",,,,,-2.044,"BOTH","HIGH",
92893,"Kaukey_VOR_KZ","QK","Kaukey","VOR",113600,45.266700744628906,61.766700744628906,,"KZ",,,,,,6.007,7.071,"BOTH","HIGH",
92904,"Monjas_Sur_VOR-DME_EC","QMS","Monjas Sur","VOR-DME",114800,-0.2355560064315796,-78.47779846191406,10032,"EC",114800,"095X",,,,0.001,-1.418,"BOTH","HIGH","EC-0070"
92907,"Qianxi_VOR-DME_CN","QNX","Qianxi","VOR-DME",113100,27.04170036315918,106.02999877929688,4140,"CN",113100,"078X",,,,,-1.463,"BOTH","HIGH",
92910,"Quimper_VOR-DME_FR","QPR","Quimper","VOR-DME",117800,47.957298278808594,-4.184720039367676,285,"FR",117800,"125X",,,,-5.007,-3.142,"BOTH","HIGH","LFRQ"
92915,"Vadodara_VOR-DME_IN","QQZ","Vadodara","VOR-DME",117300,22.332799911499023,73.22509765625,123,"IN",117300,"120X",,,,0.011,-0.188,"BOTH","HIGH","VABO"
92917,"Quetta_VOR-DME_PK","QT","Quetta","VOR-DME",114700,30.297000885009766,66.88919830322266,5142,"PK",114700,"094X",,,,0.007,1.36,"BOTH","HIGH","OPQT"
92922,"Qatraneh_VOR-DME_JO","QTR","Qatraneh","VOR-DME",112900,31.24839973449707,36.05950164794922,2627,"JO",112900,"076X",,,,,3.386,"BOTH","HIGH",
92924,"Qunfidah_VOR-DME_SA","QUN","Qunfidah","VOR-DME",113300,19.369699478149414,41.07469940185547,120,"SA",113300,"080X",,,,1.007,2.265,"BOTH","HIGH",
92957,"Rabinal_VOR-DME_GT","RAB","Rabinal","VOR-DME",116100,15.008600234985352,-90.47029876708984,4925,"GT",116100,"108X",,,,3.007,2.311,"BOTH","HIGH",
92958,"Rafha_VOR-DME_SA","RAF","Rafha","VOR-DME",116800,29.62019920349121,43.49800109863281,1460,"SA",116800,"115X",,,,2.007,3.194,"BOTH","HIGH","OERF"
92960,"Rajshahi_VOR_BD","RAJ","Rajshahi","VOR",114600,24.440000534057617,88.61499786376953,64,"BD",,,,,,0.007,-0.231,"BOTH","HIGH","VGRJ"
92962,"Riverside_VOR_US","RAL","Riverside","VOR",112400,33.95199966430664,-117.4489974975586,762,"US",,,,,,15.001,12.564,"TERMINAL","LOW","KRAL"
92963,"Ramme_VOR-DME_DK","RAM","Ramme","VOR-DME",111850,56.47840118408203,8.187359809875488,60,"DK",111850,"055Y",,,,0.008,0.182,"RNAV","HIGH",
92964,"Rangiroa_VOR-DME_PF","RAN","Rangiroa","VOR-DME",112300,-14.950400352478027,-147.6739959716797,40,"PF",112300,"070X",,,,12.007,12.024,"BOTH","HIGH","NTTG"
92965,"Ranong_VOR-DME_TH","RAN","Ranong","VOR-DME",113400,9.77865982055664,98.58390045166016,57,"TH",113400,"081X",,,,0.007,-0.347,"BOTH","HIGH","VTSR"
92967,"Rapid_City_VORTAC_US","RAP","Rapid City","VORTAC",112300,43.97600173950195,-103.01200103759766,3160,"US",112300,"070X",,,,13.001,8.503,"BOTH","HIGH","KRCA"
92968,"Ras_Mishab_VORTAC_SA","RAS","Ras Mishab","VORTAC",116400,28.077899932861328,48.61470031738281,13,"SA",116400,"111X",,,,,2.418,"TERMINAL","LOW","OERM"
92969,"Ravine_VORTAC_US","RAV","Ravine","VORTAC",114600,40.55339813232422,-76.59940338134766,1750,"US",114600,"093X",,,,-11.002,-11.288,"BOTH","MEDIUM",
92970,"Ras_Al_Khaimah_VOR-DME_AE","RAV","Ras Al Khaimah","VOR-DME",113600,25.588300704956055,55.9463996887207,149,"AE",113600,"083X",,,,1.007,1.308,"BOTH","HIGH","OMRK"
92971,"Rand_VOR-DME_ZA","RAV","Rand","VOR-DME",117700,-26.245399475097656,28.154499053955078,5570,"ZA",117700,"124X",,,,,-17.552,"BOTH","HIGH","FAGM"
92976,"Robinson_VOR-DME_US","RBA","Robinson","VOR-DME",108200,39.850799560546875,-95.42310333251953,1126,"US",108200,"019X",,,,4.007,3.305,"LO","MEDIUM",
92977,"Branco_VOR-DME_BR","RBC","Branco","VOR-DME",114200,-9.871829986572266,-67.89530181884766,633,"BR",114200,"089X",,,,,-7.348,"BOTH","HIGH","SBRB"
92980,"Rebun_VOR-DME_JP","RBE","Rebun","VOR-DME",116200,45.45109939575195,141.03900146484375,217,"JP",116200,"109X",,,,-10.011,-10.017,"BOTH","HIGH",
92982,"Rabigh_VOR-DME_SA","RBG","Rabigh","VOR-DME",116800,22.791900634765625,39.097198486328125,58,"SA",116800,"115X",,,,2.007,2.512,"BOTH","HIGH","OERB"
92983,"Roseburg_VOR-DME_US","RBG","Roseburg","VOR-DME",108200,43.18239974975586,-123.35199737548828,1320,"US",108200,"019X",,,,20.001,16.262,"BOTH","MEDIUM",
92986,"Red_Bluff_VORTAC_US","RBL","Red Bluff","VORTAC",115700,40.098899841308594,-122.23600006103516,322,"US",115700,"104X",,,,18.001,15.193,"BOTH","HIGH","KRBL"
92988,"Robledillo_VOR-DME_ES","RBO","Robledillo","VOR-DME",113950,40.85390090942383,-3.2466299533843994,3119,"ES",113950,"086Y",40.854,-3.2465,3119,,-2.092,"BOTH","HIGH",
92990,"Roberts_VOR-DME_US","RBS","Roberts","VOR-DME",116800,40.58169937133789,-88.16429901123047,780,"US",116800,"115X",,,,2.001,-2.238,"BOTH","MEDIUM",
92991,"Riberalta_VOR_BO","RBT","Riberalta","VOR",113700,-11.020700454711914,-66.10150146484375,,"BO",,,,,,,-8.462,"LO","MEDIUM","SLRI"
92992,"Rambouillet_VOR-DME_FR","RBT","Rambouillet","VOR-DME",114700,48.653900146484375,1.9942200183868408,577,"FR",114700,"094X",,,,-2.007,-1.106,"BOTH","HIGH",
92993,"Rabat_VOR-DME_MA","RBT","Rabat","VOR-DME",116500,34.04999923706055,-6.746389865875244,325,"MA",116500,"112X",,,,-6.007,-3.003,"BOTH","HIGH","GMME"
92995,"Robbinsville_VORTAC_US","RBV","Robbinsville","VORTAC",113800,40.20240020751953,-74.49500274658203,250,"US",113800,"085X",,,,-10.002,-12.437,"BOTH","HIGH","KNEL"
92996,"Richards_Bay_VOR-DME_ZA","RBV","Richards Bay","VOR-DME",113000,-28.740699768066406,32.09349822998047,93,"ZA",113000,"077X",,,,,-22.496,"BOTH","HIGH","FARB"
92998,"Wright_Brothers_VOR-DME_US","RBX","Wright Brothers","VOR-DME",111600,35.920501708984375,-75.6968994140625,10,"US",111600,"053X",35.9205,-75.6971,10,-8.001,-10.447,"LO","LOW","KMQI"
93005,"Reggio_Calabria_VOR-DME_IT","RCA","Reggio Calabria","VOR-DME",111000,38.075801849365234,15.645500183105469,55,"IT",111000,"047X",,,,1.007,2.098,"BOTH","MEDIUM","LICR"
93007,"Ronchi_VOR-DME_IT","RCH","Ronchi","VOR-DME",114200,45.82979965209961,13.480299949645996,61,"IT",114200,"089X",,,,,2.04,"LO","HIGH","LIPQ"
93023,"Redding_VOR-DME_US","RDD","Redding","VOR-DME",108400,40.504600524902344,-122.29199981689453,490,"US",108400,"021X",,,,18.001,15.286,"LO","LOW","KRDD"
93024,"Rede_VOR-DME_BR","RDE","Rede","VOR-DME",116700,-23.891000747680664,-46.5281982421875,2215,"BR",116700,"114X",,,,-18.007,-19.533,"BOTH","HIGH",
93025,"Roding_VOR-DME_DE","RDG","Roding","VOR-DME",114700,49.040298461899994,12.5264997482,2172,"DE",114700,"094X",,,,0,1.5,"BOTH","HIGH","EDMS"
93029,"Rodos_VOR-DME_GR","RDS","Rodos","VOR-DME",115800,36.34109878540039,28.082500457763672,1553,"GR",115800,"105X",,,,1.007,3.386,"BOTH","HIGH","LGRP"
93030,"Raleigh-Durham_VORTAC_US","RDU","Raleigh-Durham","VORTAC",117200,35.872501373291016,-78.7833023071289,429,"US",117200,"119X",,,,-4.001,-8.395,"BOTH","HIGH","KRDU"
93039,"Recife_VOR-DME_BR","REC","Recife","VOR-DME",116900,-8.136590003967285,-34.944000244140625,33,"BR",116900,"116X",,,,-22.007,-22.238,"BOTH","HIGH","SBRF"
93040,"Revloc_VOR-DME_US","REC","Revloc","VOR-DME",110600,40.54650115966797,-78.74700164794922,2340,"US",110600,"043X",,,,-9.002,-9.578,"LO","MEDIUM",
93042,"Reims_VORTAC_FR","REM","Reims","VORTAC",112300,49.31159973144531,4.045360088348389,335,"FR",112300,"070X",49.3097,4.04116,,-2.007,-0.345,"BOTH","HIGH","FR-1241"
93043,"Rennes_VOR-DME_FR","REN","Rennes","VOR-DME",109250,48.06919860839844,-1.74167001247406,126,"FR",109250,"029Y",,,,-4.007,-2.225,"BOTH","HIGH","LFRN"
93046,"Rome_VORTAC_US","REO","Rome","VORTAC",112500,42.59049987792969,-117.86799621582031,4050,"US",112500,"072X",,,,19.001,15.078,"BOTH","HIGH",
93047,"Reus_VOR-DME_ES","RES","Reus","VOR-DME",114200,41.14970016479492,1.171120047569275,272,"ES",114200,"089X",,,,-2.007,-0.513,"BOTH","HIGH","LERS"
93049,"Reynosa_VOR-DME_MX","REX","Reynosa","VOR-DME",112400,26.01059913635254,-98.23190307617188,139,"MX",112400,"071X",,,,8.007,5.303,"BOTH","HIGH","MMRX"
93055,"Rockford_VOR-DME_US","RFD","Rockford","VOR-DME",110800,42.22560119628906,-89.19930267333984,860,"US",110800,"045X",,,,1.001,-1.499,"LO","MEDIUM","KRFD"
93058,"Rarotonga_VOR-DME_CK","RG","Rarotonga","VOR-DME",113500,-21.20170021057129,-159.81500244140625,40,"CK",113500,"082X",,,,13.007,13.407,"BOTH","HIGH","NCRG"
93059,"Ufa_VOR-DME_RU","RG","Ufa","VOR-DME",112300,54.540000915527344,55.88669967651367,469,"RU",112300,"070X",,,,,12.115,"BOTH","HIGH","UWUU"
93074,"Raghba_VOR-DME_SA","RGB","Raghba","VOR-DME",115500,23.926799774169922,44.596500396728516,3370,"SA",115500,"102X",,,,2.007,2.328,"BOTH","HIGH",
93080,"Riohacha_VOR-DME_CO","RHC","Riohacha","VOR-DME",117100,11.52750015258789,-72.9175033569336,13,"CO",117100,"118X",,,,,-7.343,"BOTH","HIGH","SKRH"
93081,"Rhinelander_VORTAC_US","RHI","Rhinelander","VORTAC",109200,45.6338005065918,-89.45780181884766,1590,"US",109200,"029X",,,,2.001,-2.2,"LO","MEDIUM","KRHI"
93087,"Riga_VOR-DME_LV","RIA","Riga","VOR-DME",112050,56.9208984375,23.965200424194336,100,"LV",112050,"057Y",,,,,6,"BOTH","HIGH","EVRA"
93089,"Richmond_VORTAC_US","RIC","Richmond","VORTAC",114100,37.50230026245117,-77.32029724121094,159,"US",114100,"088X",,,,-9.001,-10.058,"BOTH","HIGH","KRIC"
93092,"Richmond_VORTAC_US","RID","Richmond","VORTAC",110600,39.75510025024414,-84.83879852294922,1135,"US",110600,"043X",,,,-3.001,-4.587,"LO","MEDIUM",
93093,"Ried_VOR-DME_DE","RID","Ried","VOR-DME",112200,49.781700134277344,8.541489601135254,328,"DE",112200,"059X",,,,0.011,0.465,"BOTH","MEDIUM",
93095,"Rifle_VOR-DME_US","RIL","Rifle","VOR-DME",110600,39.528099060058594,-107.71600341796875,5529,"US",110600,"043X",,,,12.001,10.543,"LO","MEDIUM",
93096,"Rimini_VORTAC_IT","RIM","Rimini","VORTAC",116200,44.015201568603516,12.616600036621094,71,"IT",116200,"109X",44.0151,12.6165,71,,1.505,"BOTH","HIGH","LIPR"
93098,"Riyan_VOR-DME_YE","RIN","Riyan","VOR-DME",116000,14.670900344848633,49.39149856567383,90,"YE",116000,"107X",,,,0.007,0.495,"BOTH","HIGH","OYRN"
93101,"Riverside_VOR-DME_US","RIS","Riverside","VOR-DME",111400,39.120399475097656,-94.59660339355469,740,"US",111400,"051X",,,,5.001,2.563,"TERMINAL","LOW","KMKC"
93104,"Robben_Island_VOR-DME_ZA","RIV","Robben Island","VOR-DME",117600,-33.799598693847656,18.364500045776367,39,"ZA",117600,"123X",,,,-27.007,-24.025,"BOTH","HIGH",
93106,"Riverton_VOR-DME_US","RIW","Riverton","VOR-DME",108800,43.06570053100586,-108.45600128173828,5450,"US",108800,"025X",,,,16.001,11.475,"LO","MEDIUM",
93107,"Riga_VOR-DME_LV","RIX","Riga","VOR-DME",113700,56.89739990234375,23.966999053955078,60,"LV",113700,"084X",,,,4.007,5.597,"TERMINAL","HIGH","EVRA"
93108,"Riyadh_VORTAC_SA","RIY","Riyadh","VORTAC",114500,24.717599868774414,46.720699310302734,2018,"SA",114500,"092X",,,,,2.252,"TERMINAL","LOW","OERY"
93112,"Rijeka_VOR-DME_HR","RJK","Rijeka","VOR-DME",117800,45.224098205566406,14.567000389099121,360,"HR",117800,"125X",,,,0.007,2.17,"RNAV","HIGH","LDRI"
93113,"Rockhampton_VOR-DME_AU","RK","Rockhampton","VOR-DME",116900,-23.38279914855957,150.4720001220703,43,"AU",116900,"116X",,,,9.007,9.271,"BOTH","HIGH","YBRK"
93114,"Rahim_Yar_Khan_VOR-DME_PK","RK","Rahim Yar Khan","VOR-DME",113700,28.3656005859375,70.27320098876953,289,"PK",113700,"084X",,,,0.007,0.579,"BOTH","HIGH","OPRK"
93123,"Rockdale_VOR-DME_US","RKA","Rockdale","VOR-DME",112600,42.46630096435547,-75.23919677734375,2032,"US",112600,"073X",,,,-11.001,-13.01,"BOTH","MEDIUM",
93126,"Rekken_VOR-DME_NL","RKN","Rekken","VOR-DME",116800,52.133201599121094,6.763879776000977,137,"NL",116800,"115X",,,,0.007,0.051,"BOTH","HIGH",
93128,"Rajkot_VOR-DME_IN","RKT","Rajkot","VOR-DME",115400,22.313100814819336,70.7782974243164,440,"IN",115400,"101X",,,,0.011,-0.137,"BOTH","HIGH","VARK"
93134,"Kremmling_VOR-DME_US","RLG","Kremmling","VOR-DME",113800,40.002601623535156,-106.44200134277344,9370,"US",113800,"085X",,,,14.001,10.22,"LO","HIGH",
93135,"Rolampont_VOR-DME_FR","RLP","Rolampont","VOR-DME",117300,47.90629959106445,5.249169826507568,1490,"FR",117300,"120X",,,,-2.007,-0.057,"BOTH","HIGH",
93136,"Worland_VOR-DME_US","RLY","Worland","VOR-DME",114800,43.9640998840332,-107.95099639892578,4190,"US",114800,"095X",,,,13.007,11.412,"LO","MEDIUM","KWRL"
93144,"Tarama_VOR-DME_JP","RME","Tarama","VOR-DME",110650,24.650699615478516,124.67400360107422,59,"JP",110650,"043Y",,,,-4.011,-3.52,"BOTH","HIGH","RORT"
93145,"Rome_VORTAC_US","RMG","Rome","VORTAC",115400,34.162601470947266,-85.11940002441406,1150,"US",115400,"101X",,,,1.001,-3.374,"BOTH","HIGH",
93149,"Islamabad_VOR-DME_PK","RN","Islamabad","VOR-DME",112100,33.605899810791016,73.12590026855469,1655,"PK",112100,"058X",,,,0.007,2.029,"BOTH","HIGH","OPRN"
93160,"Randolph_VORTAC_US","RND","Randolph","VORTAC",112300,29.51919937133789,-98.28520202636719,773,"US",112300,"070X",,,,9.012,5.315,"TERMINAL","LOW","KRND"
93162,"Rionegro_VOR-DME_CO","RNG","Rionegro","VOR-DME",115100,5.980559825897217,-75.41829681396484,8679,"CO",115100,"098X",,,,-3.007,-4.57,"BOTH","HIGH","SKRG"
93164,"Rainelle_VOR_US","RNL","Rainelle","VOR",116600,37.97529983520508,-80.80650329589844,3350,"US",,,,,,-4.001,-7.429,"LO","MEDIUM",
93169,"Rotorua_VOR-DME_NZ","RO","Rotorua","VOR-DME",112100,-38.10810089111328,176.31399536132812,935,"NZ",112100,"058X",-38.1081,176.314,935,20.107,20.154,"BOTH","HIGH","NZRO"
93180,"Roanne_VOR_FR","ROA","Roanne","VOR",109200,46.059200286865234,3.9992799758911133,1106,"FR",,,,,,,-0.203,"BOTH","LOW","LFLO"
93181,"Roanoke_VORTAC_US","ROA","Roanoke","VORTAC",109400,37.34339904785156,-80.07039642333984,3060,"US",109400,"031X",,,,-4.001,-8.061,"LO","MEDIUM","KROA"
93182,"Roatan_VOR-DME_HN","ROA","Roatan","VOR-DME",113800,16.316600799560547,-86.52179718017578,67,"HN",113800,"085X",,,,1.003,0.094,"BOTH","HIGH","MHRO"
93184,"Monrovia_Roberts_VOR-DME_LR","ROB","Monrovia Roberts","VOR-DME",113800,6.239540100097656,-10.35830020904541,31,"LR",113800,"085X",,,,-12.007,-8.06,"BOTH","HIGH","GLRB"
93186,"Rochester_VORTAC_US","ROC","Rochester","VORTAC",110000,43.12070083618164,-77.67359924316406,549,"US",110000,"037X",,,,-9.001,-11.355,"BOTH","HIGH","KROC"
93188,"Rosewood_VORTAC_US","ROD","Rosewood","VORTAC",117500,40.28779983520508,-84.04309844970703,1080,"US",117500,"122X",,,,-5.01,-5.454,"BOTH","HIGH",
93191,"Ronne_VOR-DME_DK","ROE","Ronne","VOR-DME",112000,55.06560134887695,14.758700370788574,79,"DK",112000,"057X",55.0619,14.7559,79,3.008,2.419,"RNAV","HIGH","EKRN"
93193,"Rovani_VOR-DME_FI","ROI","Rovani","VOR-DME",117700,66.5625,25.82040023803711,661,"FI",117700,"124X",,,,6.007,9.194,"RNAV","HIGH","EFRO"
93194,"Priest_VOR_US","ROM","Priest","VOR",110000,36.14039993286133,-120.66500091552734,3880,"US",,,,,,16.001,14.03,"LO","MEDIUM","US-10686"
93195,"Roma_VOR-DME_IT","ROM","Roma","VOR-DME",110800,41.80459976196289,12.58810043334961,426,"IT",110800,"045X",,,,,1.483,"RNAV","MEDIUM","LIRA"
93199,"Rosh_Pina_VOR-DME_IL","ROP","Rosh Pina","VOR-DME",115300,32.982601165771484,35.57270050048828,897,"IL",115300,"100X",,,,,3.489,"LO","MEDIUM","LLIB"
93202,"Rosario_VOR-DME_AR","ROS","Rosario","VOR-DME",117300,-32.904998779296875,-60.78139877319336,80,"AR",117300,"120X",,,,-3.007,-5.508,"BOTH","HIGH","SAAR"
93205,"Roi_Et_VOR-DME_TH","ROT","Roi Et","VOR-DME",111200,16.11680030822754,103.77200317382812,451,"TH",111200,"049X",,,,-1.011,-0.401,"BOTH","HIGH","VTUV"
93207,"Rouen_VOR_FR","ROU","Rouen","VOR",116800,49.465599060058594,1.2806400060653687,,"FR",,,,,,,-1.303,"LO","MEDIUM",
93208,"Roxas_VOR-DME_PH","ROX","Roxas","VOR-DME",112900,11.59689998626709,122.75499725341797,47,"PH",112900,"076X",,,,0.007,-0.448,"BOTH","HIGH","RPVR"
93209,"Roseau_VOR-DME_US","ROX","Roseau","VOR-DME",108800,48.854698181152344,-95.69499969482422,1059,"US",108800,"025X",,,,5.001,2.564,"LO","MEDIUM",
93217,"Rice_Lake_VOR-DME_US","RPD","Rice Lake","VOR-DME",110000,45.415199279785156,-91.77799987792969,1092,"US",110000,"037X",,,,1.001,-0.089,"TERMINAL","LOW",
93227,"Reserve_VOR-DME_US","RQR","Reserve","VOR-DME",110800,30.087499618530273,-90.5886001586914,7,"US",110800,"045X",,,,2.012,0.514,"LO","MEDIUM",
93229,"Rocket_VORTAC_US","RQZ","Rocket","VORTAC",112200,34.79710006713867,-86.63390350341797,1200,"US",112200,"059X",,,,2.001,-2.355,"LO","MEDIUM","KHUA"
93233,"Ranchi_VOR-DME_IN","RRC","Ranchi","VOR-DME",116900,23.308700561523438,85.32659912109375,2119,"IN",116900,"116X",,,,0.011,-0.261,"BOTH","HIGH","VERC"
93236,"Raipur_VOR-DME_IN","RRP","Raipur","VOR-DME",116100,21.180299758911133,81.74559783935547,1042,"IN",116100,"108X",,,,-1.011,-0.399,"BOTH","HIGH","VARP"
93237,"Wiregrass_VORTAC_US","RRS","Wiregrass","VORTAC",111600,31.284400939941406,-85.43119812011719,360,"US",111600,"053X",,,,2.001,-2.54,"LO","MEDIUM",
93239,"Roest_VOR-DME_NO","RS","Roest","VOR-DME",113500,67.52760314941406,12.100500106811523,33,"NO",113500,"082X",,,,0.001,1.586,"BOTH","HIGH","ENRS"
93248,"Rishiri_VOR-DME_JP","RSE","Rishiri","VOR-DME",114600,45.24570083618164,141.18699645996094,113,"JP",114600,"093X",,,,-10.011,-9.562,"BOTH","HIGH","RJER"
93249,"Rocksprings_VORTAC_US","RSG","Rocksprings","VORTAC",111200,30.01460075378418,-100.30000305175781,2310,"US",111200,"049X",,,,10.012,6.337,"LO","MEDIUM",
93251,"Rattlesnake_VORTAC_US","RSK","Rattlesnake","VORTAC",115300,36.7484016418457,-108.0989990234375,5823,"US",115300,"100X",,,,14.001,10.403,"BOTH","HIGH","KFMN"
93253,"Rasht_VOR-DME_IR","RST","Rasht","VOR-DME",112600,37.32640075683594,49.61579895019531,-28,"IR",112600,"073X",,,,4.001,4.345,"BOTH","HIGH","OIGG"
93254,"Rochester_VOR-DME_US","RST","Rochester","VOR-DME",112000,43.782901763916016,-92.5969009399414,1380,"US",112000,"057X",,,,5.001,0.508,"LO","MEDIUM",
93256,"Robinson_VOR-DME_US","RSV","Robinson","VOR-DME",108400,39.01810073852539,-87.64859771728516,490,"US",108400,"021X",,,,2.001,-2.317,"LO","LOW",
93257,"Lee_Co_VORTAC_US","RSW","Lee Co","VORTAC",111800,26.52989959716797,-81.77580261230469,25,"US",111800,"055X",,,,-2.001,-4.365,"BOTH","MEDIUM",
93266,"Reconquista_VOR-DME_AR","RTA","Reconquista","VOR-DME",117100,-29.208599090576172,-59.682498931884766,157,"AR",117100,"118X",,,,-7.007,-8.364,"BOTH","HIGH","SATR"
93269,"Rotterdam_VOR-DME_NL","RTM","Rotterdam","VOR-DME",110400,51.97370147705078,4.4809699058532715,34,"NL",110400,"041X",,,,-1.007,-0.408,"BOTH","HIGH","EHRD"
93277,"Skupowo_VOR-DME_PL","RUD","Skupowo","VOR-DME",115100,52.830501556396484,23.70709991455078,689,"PL",115100,"098X",,,,,5.079,"BOTH","MEDIUM",
93281,"Rusko_VOR-DME_FI","RUS","Rusko","VOR-DME",115500,60.515201568603516,22.256500244140625,187,"FI",115500,"102X",,,,4.007,6.076,"RNAV","HIGH","EFTU"
93285,"Rutland_VOR-DME_US","RUT","Rutland","VOR-DME",111000,43.5265998840332,-72.95069885253906,781,"US",111000,"047X",,,,-15.009,-14.476,"TERMINAL","LOW","KRUT"
93292,"Roervik_VOR-DME_NO","RVK","Roervik","VOR-DME",112700,64.8375015258789,11.14680004119873,70,"NO",112700,"074X",,,,-1.001,1.235,"BOTH","HIGH","ENRM"
93300,"Redwood_Falls_VOR-DME_US","RWF","Redwood Falls","VOR-DME",113300,44.467201232910156,-95.12830352783203,1060,"US",113300,"080X",,,,7.001,2.557,"BOTH","HIGH",
93301,"Rawlins_VOR-DME_US","RWL","Rawlins","VOR-DME",109400,41.8047981262207,-107.2040023803711,6750,"US",109400,"031X",,,,13.001,10.591,"LO","LOW",
93304,"Mount_Mary_VOR-DME_NZ","RY","Mount Mary","VOR-DME",112500,-44.135101318359375,170.281005859375,2496,"NZ",112500,"072X",,,,23.007,23.254,"BOTH","HIGH","NZUK"
93307,"Villa_Reynolds_VOR-DME_AR","RYD","Villa Reynolds","VOR-DME",115700,-33.728599548339844,-65.381103515625,1591,"AR",115700,"104X",,,,0.007,-1.095,"BOTH","HIGH","SAOR"
93311,"Rayong_VOR-DME_TH","RYN","Rayong","VOR-DME",112500,12.780099868774414,101.6780014038086,11,"TH",112500,"072X",,,,0.007,-0.289,"BOTH","HIGH",
93317,"Razorback_VORTAC_US","RZC","Razorback","VORTAC",116400,36.24639892578125,-94.12139892578125,1331,"US",116400,"111X",,,,4.001,2.468,"BOTH","HIGH",
93318,"Rzeszow_VOR-DME_PL","RZE","Rzeszow","VOR-DME",116200,50.109901428222656,22.098899841308594,689,"PL",116200,"109X",,,,3.007,4.19,"BOTH","HIGH","EPRZ"
93320,"Siren_VOR-DME_US","RZN","Siren","VOR-DME",109400,45.82040023803711,-92.37449645996094,987,"US",109400,"031X",,,,2.001,0.194,"LO","MEDIUM",
93322,"San_Marcus_VORTAC_US","RZS","San Marcus","VORTAC",114900,34.509498596191406,-119.77100372314453,3620,"US",114900,"096X",,,,14.004,13.299,"BOTH","HIGH","KSBA"
93350,"Sanaa_VOR-DME_YE","SAA","Sanaa","VOR-DME",116100,15.5,44.22060012817383,7237,"YE",116100,"108X",15.5,44.219,7237,1.007,1.435,"BOTH","HIGH","OYSN"
93352,"St.aAbs_VOR-DME_GB","SAB","St.aAbs","VOR-DME",112500,55.907501220703125,-2.206389904022217,760,"GB",112500,"072X",,,,-5.001,-3.55,,,
93354,"Sacramento_VORTAC_US","SAC","Sacramento","VORTAC",115200,38.443599700927734,-121.552001953125,10,"US",115200,"099X",,,,17.001,14.478,"BOTH","HIGH","KSAC"
93355,"Sacheon_VOR-DME_KR","SAC","Sacheon","VOR-DME",115100,35.097999572753906,128.07699584960938,25,"KR",115100,"098X",,,,-7.011,-7.085,"TERMINAL","HIGH","RKPS"
93358,"Searle_VOR-DME_US","SAE","Searle","VOR-DME",110200,41.11909866333008,-101.7760009765625,3256,"US",110200,"039X",,,,11.001,7.525,"LO","LOW",
93359,"Santa_Fe_VORTAC_US","SAF","Santa Fe","VORTAC",110600,35.54050064086914,-106.06500244140625,6263,"US",110600,"043X",,,,13.001,9.394,"BOTH","MEDIUM",
93360,"Sajohidveg_VOR-DME_HU","SAG","Sajohidveg","VOR-DME",114400,48.007999420166016,20.996299743652344,374,"HU",114400,"091X",,,,3.007,3.492,"RNAV","HIGH",
93365,"San_Jose_VOR-DME_PH","SAJ","San Jose","VOR-DME",117100,12.360300064086914,121.04299926757812,10,"PH",117100,"118X",,,,0.007,-0.526,"BOTH","HIGH","RPUH"
93368,"Salta_VOR-DME_AR","SAL","Salta","VOR-DME",116700,-24.8523006439209,-65.48390197753906,4062,"AR",116700,"114X",,,,-3.007,-5.122,"BOTH","HIGH","SASA"
93373,"Samos_VOR-DME_GR","SAM","Samos","VOR-DME",111600,37.68659973144531,26.907100677490234,30,"GR",111600,"053X",,,,2.007,3.384,"LO","HIGH","LGSM"
93374,"Sampla_VOR-DME_IN","SAM","Sampla","VOR-DME",117000,28.822500228881836,76.82379913330078,677,"IN",117000,"117X",,,,1.011,0.439,"BOTH","HIGH",
93375,"Southampton_VOR-DME_GB","SAM","Southampton","VOR-DME",113350,50.955299377441406,-1.3450000286102295,66,"GB",113350,"080Y",,,,-4.001,-2.391,"BOTH","HIGH","EGHI"
93376,"Samsville_VOR-DME_US","SAM","Samsville","VOR-DME",116600,38.485198974609375,-88.08580017089844,540,"US",116600,"113X",,,,3.001,-2.048,"LO","MEDIUM",
93377,"San_Fernando_VOR_PH","SAN","San Fernando","VOR",114500,16.7283992767334,120.35800170898438,,"PH",,,,,,0.007,-1.441,"BOTH","HIGH","RPUS"
93385,"Sarajevo_VORTAC_BA","SAR","Sarajevo","VORTAC",108850,43.824798583984375,18.3341007232666,1708,"BA",108850,"025Y",,,,2.002,2.566,"TERMINAL","HIGH","LQSA"
93387,"San_Antonio_VORTAC_US","SAT","San Antonio","VORTAC",116800,29.643999099731445,-98.4613037109375,1160,"US",116800,"115X",,,,8.012,5.371,"BOTH","HIGH",
93389,"Eleftherios_Venizelos_VOR-DME_GR","SAT","Eleftherios Venizelos","VOR-DME",109600,37.91669845581055,23.914199829101562,255,"GR",109600,"033X",,,,,3.183,"TERMINAL","LOW","LGAV"
93390,"Satu_Mare_VOR-DME_RO","SAT","Satu Mare","VOR-DME",108400,47.72740173339844,22.89389991760254,405,"RO",108400,"021X",,,,3.007,4.108,"LO","HIGH","LRSM"
93393,"Sauveterre_VOR_FR","SAU","Sauveterre","VOR",116800,44.67679977416992,-0.15291699767112732,385,"FR",,,,,,-3.007,-1.287,"BOTH","HIGH",
93394,"Sausalito_VORTAC_US","SAU","Sausalito","VORTAC",116200,37.85530090332031,-122.52300262451172,1040,"US",116200,"109X",,,,17.001,14.474,"BOTH","MEDIUM","JMC"
93395,"Siauliai_VOR-DME_LT","SAU","Siauliai","VOR-DME",115200,55.87900161743164,23.416400909423828,472,"LT",115200,"099X",,,,5.008,5.366,"BOTH","HIGH","EYSA"
93396,"Savannah_VORTAC_US","SAV","Savannah","VORTAC",115950,32.14630126953125,-81.1990966796875,9,"US",115950,"106Y",,,,-6.001,-6.06,"BOTH","HIGH","KSAV"
93397,"Salinas_VOR-DME_EC","SAV","Salinas","VOR-DME",114100,-2.219719886779785,-80.97329711914062,41,"EC",114100,"088X",,,,2.007,0.207,"BOTH","HIGH","SESA"
93398,"Saverne_VOR-DME_FR","SAV","Saverne","VOR-DME",110450,48.796199798583984,7.447979927062988,831,"FR",110450,"041Y",,,,1.007,0.299,"BOTH","HIGH","LFST"
93399,"Savannakhet_VOR-DME_LA","SAV","Savannakhet","VOR-DME",113500,16.56170082092285,104.76599884033203,459,"LA",113500,"082X",,,,0.007,-0.434,"BOTH","HIGH","VLSK"
93402,"Sawyer_VOR-DME_US","SAW","Sawyer","VOR-DME",117100,46.3588981628418,-87.39720153808594,1220,"US",117100,"118X",,,,-4.008,-4.274,"BOTH","HIGH","KSAW"
93403,"Sparta_VORTAC_US","SAX","Sparta","VORTAC",115700,41.067501068115234,-74.53829956054688,1410,"US",115700,"104X",,,,-11.002,-12.589,"BOTH","HIGH",
93420,"Subic_Bay_VOR-DME_PH","SBA","Subic Bay","VOR-DME",113500,14.769599914550781,120.2249984741211,158,"PH",113500,"082X",,,,0.007,-1.196,"BOTH","HIGH","RPLB"
93423,"Salzburg_VOR-DME_AT","SBG","Salzburg","VOR-DME",113800,48.002601623535156,12.892800331115723,1494,"AT",113800,"085X",48.0024,12.8929,1494,0.007,1.583,"BOTH","HIGH","LOWS"
93427,"Sabiha_Gokcen_VOR-DME_TR","SBH","Sabiha Gokcen","VOR-DME",108800,40.89970016479492,29.32040023803711,328,"TR",108800,"025X",,,,,4.175,"TERMINAL","MEDIUM","LTFJ"
93429,"Sabine_Pass_VOR-DME_US","SBI","Sabine Pass","VOR-DME",115400,29.68670082092285,-94.03800201416016,10,"US",115400,"101X",,,,7.008,3.058,"BOTH","MEDIUM",
93431,"Solberg_VOR-DME_US","SBJ","Solberg","VOR-DME",112900,40.58300018310547,-74.74169921875,190,"US",112900,"076X",,,,-10.002,-12.419,"BOTH","MEDIUM",
93434,"Surabaya_VOR-DME_ID","SBR","Surabaya","VOR-DME",113400,-7.3739399909973145,112.77100372314453,9,"ID",113400,"081X",,,,0.007,1.252,"BOTH","HIGH","WARR"
93437,"South_Boston_VORTAC_US","SBV","South Boston","VORTAC",110400,36.67499923706055,-79.0145034790039,530,"US",110400,"041X",,,,-5.001,-8.418,"LO","MEDIUM",
93439,"Salisbury_VORTAC_US","SBY","Salisbury","VORTAC",111200,38.345001220703125,-75.5105972290039,50,"US",111200,"049X",,,,-12.001,-11.318,"BOTH","MEDIUM","KSBY"
93441,"Sabzevar_VOR-DME_IR","SBZ","Sabzevar","VOR-DME",117000,36.1697998046875,57.57099914550781,3010,"IR",117000,"117X",,,,3.001,3.496,"BOTH","HIGH","OIMS"
93449,"Sorocaba_VOR-DME_BR","SCB","Sorocaba","VOR-DME",115200,-23.506999969482422,-47.37820053100586,2018,"BR",115200,"099X",,,,-18.007,-19.301,"BOTH","HIGH","SDCO"
93450,"Scribner_VOR-DME_US","SCB","Scribner","VOR-DME",111000,41.60530090332031,-96.62860107421875,1317,"US",111000,"047X",41.6053,-96.6286,1317,6.009,4.194,"TERMINAL","LOW",
93452,"Deadhorse_VOR-DME_US","SCC","Deadhorse","VOR-DME",113900,70.19920349121094,-148.41600036621094,74,"US",113900,"086X",,,,31.001,24.275,"BOTH","HIGH","PASC"
93454,"Shache_VOR-DME_CN","SCH","Shache","VOR-DME",113300,38.42829895019531,77.23999786376953,4052,"CN",113300,"080X",,,,,3.029,"BOTH","HIGH",
93455,"Sokcho_VOR-DME_KR","SCH","Sokcho","VOR-DME",111000,38.14780044555664,128.6009979248047,49,"KR",111000,"047X",,,,-8.011,-8.083,"BOTH","LOW","KR-1080"
93458,"Pisco_VOR-DME_PE","SCO","Pisco","VOR-DME",114100,-13.738900184631348,-76.21309661865234,100,"PE",114100,"088X",,,,,-0.04,"LO","MEDIUM","SPSO"
93646,"Sao Jose_VOR-DME_BR","SCP","Sao Jose","VOR-DME",112800,-23.2463,-45.854198,2120,"BR",112800,"075X",,,,,-20.2,"BOTH","HIGH","SBSJ"
93462,"Santa_Cruz_VOR-DME_BR","SCR","Santa Cruz","VOR-DME",113600,-22.949600219726562,-43.727699279785156,5,"BR",113600,"083X",,,,-21.007,-21.236,"BOTH","HIGH","SBSC"
93467,"San_Cristobal_VOR-DME_EC","SCV","San Cristobal","VOR-DME",113100,-0.9061110019683838,-89.61920166015625,63,"EC",113100,"078X",,,,,4.441,"BOTH","HIGH","SEST"
93468,"Suceava_VOR-DME_RO","SCV","Suceava","VOR-DME",112300,47.672298431396484,26.36079978942871,1302,"RO",112300,"070X",,,,,4.512,"BOTH","HIGH","LRSV"
93474,"Seida_VOR-DME_NO","SDA","Seida","VOR-DME",113600,70.23429870605469,28.070199966430664,941,"NO",113600,"083X",,,,10.007,11.453,"BOTH","HIGH",
93477,"Santiago_Del_Estero_VOR_AR","SDE","Santiago Del Estero","VOR",114800,-27.779399871826172,-64.31809997558594,656,"AR",,,,,,-2.007,-5.024,"BOTH","HIGH","SANE"
93478,"Sendai_VOR-DME_JP","SDE","Sendai","VOR-DME",116300,38.13859939575195,140.92100524902344,54,"JP",116300,"110X",,,,-8.011,-7.359,"BOTH","HIGH","RJSS"
93479,"St_Denis_Gillot_VOR-DME_RE","SDG","St Denis Gillot","VOR-DME",112900,-20.88479995727539,55.50979995727539,57,"RE",112900,"076X",,,,-18.007,-19.263,"BOTH","HIGH","FMEE"
93483,"Alger_VOR_DZ","SDM","Alger","VOR",113900,36.630699157714844,2.9742701053619385,,"DZ",,,,,,,-0.174,"BOTH","MEDIUM","DAAG"
93485,"Sod_House_VORTAC_US","SDO","Sod House","VORTAC",114300,41.407100677490234,-118.03500366210938,4161,"US",114300,"090X",,,,18.001,14.516,"LO","MEDIUM","US-11943"
93486,"Saidpur_VOR_BD","SDP","Saidpur","VOR",115800,25.754499435424805,88.90989685058594,125,"BD",,,,,,0.007,-0.161,"BOTH","HIGH","VGSD"
93490,"Sandhills_VORTAC_US","SDZ","Sandhills","VORTAC",111800,35.21540069580078,-79.58799743652344,590,"US",111800,"055X",,,,-3.001,-7.558,"LO","MEDIUM",
93494,"Seattle_VORTAC_US","SEA","Seattle","VORTAC",116800,47.43539810180664,-122.30999755859375,354,"US",116800,"115X",47.4357,-122.31,354,19.001,17.369,"BOTH","HIGH","KSEA"
93495,"Sebha_VOR-DME_LY","SEB","Sebha","VOR-DME",114700,26.969600677490234,14.493599891662598,1394,"LY",114700,"094X",,,,0.007,1.177,"BOTH","HIGH","HLLS"
93497,"Selinsgrove_VORTAC_US","SEG","Selinsgrove","VORTAC",110400,40.79079818725586,-76.88400268554688,620,"US",110400,"041X",,,,-8.002,-11.218,"LO","MEDIUM",
93498,"Anyang_VORTAC_KR","SEL","Anyang","VORTAC",115500,37.41389846801758,126.92900085449219,900,"KR",115500,"102X",,,,-8.011,-7.452,"BOTH","HIGH","RKSS"
93503,"La_Serena_VOR-DME_CL","SER","La Serena","VOR-DME",116500,-29.91550064086914,-71.1969985961914,479,"CL",116500,"112X",,,,,2.116,"BOTH","HIGH","SCSE"
93505,"Genova_Sestri_VOR-DME_IT","SES","Genova Sestri","VOR-DME",108600,44.417198181152344,8.823610305786133,33,"IT",108600,"023X",44.4175,8.82361,33,0.007,0.598,"BOTH","HIGH","LIMJ"
93506,"Shenyang_VOR-DME_CN","SEY","Shenyang","VOR-DME",114100,41.638301849365234,123.4800033569336,632,"CN",114100,"088X",,,,,-8.305,"BOTH","HIGH","ZYTX"
93507,"Seychelles_VOR-DME_SC","SEY","Seychelles","VOR-DME",113100,-4.6768999099731445,55.53310012817383,10,"SC",113100,"078X",,,,,-5.253,"BOTH","HIGH","FSIA"
93508,"Sandy_Point_VOR-DME_US","SEY","Sandy Point","VOR-DME",117800,41.16740036010742,-71.57610321044922,100,"US",117800,"125X",,,,-15.012,-14.419,"BOTH","MEDIUM",
93521,"Saint_Flour_Coltines_VOR_FR","SFC","Saint Flour/Coltines","VOR",109800,45.06650161743164,2.9907500743865967,3222,"FR",,,,,,,-0.339,"BOTH","HIGH","LFHQ"
93522,"Seaford_VOR-DME_GB","SFD","Seaford","VOR-DME",117000,50.76060104370117,0.12194400280714035,300,"GB",117000,"117X",,,,-3.001,-2.049,"BOTH","HIGH",
93523,"San_Fernando_De_Apure_VOR-DME_VE","SFD","San Fernando De Apure","VOR-DME",112100,7.885560035705566,-67.43730163574219,239,"VE",112100,"058X",,,,-9.007,-10.338,"BOTH","HIGH","SVSR"
93528,"Stonyfork_VOR-DME_US","SFK","Stonyfork","VOR-DME",108600,41.6953010559082,-77.4198989868164,1990,"US",108600,"023X",,,,-8.002,-11.169,"BOTH","MEDIUM",
93529,"Salt_Flat_VORTAC_US","SFL","Salt Flat","VORTAC",113000,31.74810028076172,-105.08699798583984,3730,"US",113000,"077X",,,,12.012,8.504,"LO","MEDIUM","76TE"
93531,"San_Francisco_VOR-DME_US","SFO","San Francisco","VOR-DME",115800,37.61949920654297,-122.3740005493164,13,"US",115800,"105X",,,,17.001,14.423,"BOTH","MEDIUM","KSFO"
93533,"Sfax_VOR_TN","SFX","Sfax","VOR",114000,34.71609878540039,10.688899993896484,85,"TN",,,,,,0.007,1.127,"BOTH","HIGH","DTTX"
93551,"Gabriel_VOR-DME_BR","SGC","Gabriel","VOR-DME",115400,-0.1506669968366623,-66.98519897460938,321,"BR",115400,"101X",,,,-8.007,-9.524,"BOTH","HIGH","SBUA"
93553,"Scaggs_Island_VORTAC_US","SGD","Scaggs Island","VORTAC",112100,38.17940139770508,-122.37300109863281,10,"US",112100,"058X",,,,17.001,14.513,"LO","MEDIUM",
93554,"Sheik_Elgunied_VOR-DME_SD","SGD","Sheik Elgunied","VOR-DME",115700,15.628299713134766,33.07279968261719,1465,"SD",115700,"104X",,,,,2.251,"BOTH","HIGH",
93556,"Saga_VOR-DME_JP","SGE","Saga","VOR-DME",114750,33.14860153198242,130.29299926757812,40,"JP",114750,"094Y",,,,-7.011,-6.38,"LO","HIGH","RJFS"
93558,"Springfield_VORTAC_US","SGF","Springfield","VORTAC",116900,37.355899810791016,-93.33399963378906,1240,"US",116900,"116X",,,,4.001,2.08,"BOTH","HIGH",
93559,"Springfield_VOR-DME_US","SGH","Springfield","VOR-DME",113200,39.83649826049805,-83.84500122070312,1050,"US",113200,"079X",,,,-4.001,-5.484,"LO","LOW","KSGH"
93560,"St_Augustine_VOR-DME_US","SGJ","St Augustine","VOR-DME",109400,29.95669937133789,-81.33039855957031,10,"US",109400,"031X",,,,-6.001,-5.347,"LO","LOW",
93561,"Santiago_VOR-DME_DO","SGO","Santiago","VOR-DME",114900,19.40730094909668,-70.60379791259766,580,"DO",114900,"096X",,,,,-10.178,"LO","MEDIUM","MDST"
93563,"Sagres_VOR-DME_PT","SGR","Sagres","VOR-DME",113900,37.083900451660156,-8.946390151977539,500,"PT",113900,"086X",,,,,-3.496,"BOTH","HIGH",
93568,"Slope_Hill_VOR-DME_NZ","SH","Slope Hill","VOR-DME",113600,-44.984100341796875,168.7830047607422,1394,"NZ",113600,"083X",,,,23.007,23.484,"BOTH","HIGH","NZQN"
93569,"Salekhard_VOR-DME_RU","SH","Salekhard","VOR-DME",113300,66.58830261230469,66.60669708251953,218,"RU",113300,"080X",,,,,22.411,"BOTH","HIGH","USDD"
93575,"Sharurah_VORTAC_SA","SHA","Sharurah","VORTAC",114300,17.470199584960938,47.1338996887207,2356,"SA",114300,"090X",,,,1.007,1.314,"BOTH","HIGH","OESH"
93576,"Hongqiao_VOR-DME_CN","SHA","Hongqiao","VOR-DME",117200,31.200000762939453,121.33200073242188,46,"CN",117200,"119X",,,,,-5.148,"BOTH","HIGH","ZSSS"
93577,"Shannon_VOR-DME_IE","SHA","Shannon","VOR-DME",113300,52.72100067138672,-8.885210037231445,130,"IE",113300,"080X",,,,-8.007,-6.041,"BOTH","HIGH","EINN"
93578,"Shelbyville_VORTAC_US","SHB","Shelbyville","VORTAC",112000,39.632598876953125,-85.82430267333984,810,"US",112000,"057X",,,,1.001,-4.086,"LO","MEDIUM",
93583,"Sharjah_VOR-DME_AE","SHJ","Sharjah","VOR-DME",112300,25.330299377441406,55.520599365234375,130,"AE",112300,"070X",,,,1.007,1.309,"BOTH","HIGH","OMSJ"
93584,"Shekou_VOR-DME_CN","SHK","Shekou","VOR-DME",115900,22.498300552368164,113.9020004272461,1142,"CN",115900,"106X",,,,,-2.163,"BOTH","HIGH",
93585,"Shilong_VOR-DME_CN","SHL","Shilong","VOR-DME",115700,23.09000015258789,113.85299682617188,45,"CN",115700,"104X",,,,,-2.222,"BOTH","HIGH",
93587,"Sharm_El_Sheikh_VOR-DME_EG","SHM","Sharm El Sheikh","VOR-DME",114200,27.99810028076172,34.413299560546875,130,"EG",114200,"089X",,,,3.007,3.185,"BOTH","HIGH","HESH"
93589,"Sheridan_VORTAC_US","SHR","Sheridan","VORTAC",115300,44.84230041503906,-107.06099700927734,4410,"US",115300,"100X",,,,13.001,11.211,"LO","MEDIUM","KSHR"
93590,"Shangrao_VOR-DME_CN","SHR","Shangrao","VOR-DME",114000,28.41670036315918,117.96700286865234,224,"CN",114000,"087X",,,,,-4.025,"BOTH","HIGH",
93593,"Sitia_VOR-DME_GR","SHT","Sitia","VOR-DME",112900,35.21860122680664,26.106800079345703,376,"GR",112900,"076X",,,,,3.2,"TERMINAL","HIGH","LGST"
93596,"Shuyuan_VOR-DME_CN","SHY","Shuyuan","VOR-DME",113600,30.950000762939453,121.86199951171875,18,"CN",113600,"083X",,,,,-5.157,"BOTH","HIGH","ZSPD"
93597,"Sunshine_VOR-DME_US","SHY","Sunshine","VOR-DME",108400,38.04059982299805,-92.60240173339844,910,"US",108400,"021X",,,,5.001,1.316,"TERMINAL","MEDIUM",
93598,"Shengzhou_VOR-DME_CN","SHZ","Shengzhou","VOR-DME",113400,29.59670066833496,120.81300354003906,1,"CN",113400,"081X",,,,,-4.462,"BOTH","HIGH",
93607,"Shaikh_Isa_VORTAC_BH","SIA","Shaikh Isa","VORTAC",117600,25.92180061340332,50.59049987792969,136,"BH",117600,"123X",,,,,2.091,"BOTH","HIGH","OBBS"
93608,"Xianyang_VOR-DME_CN","SIA","Xianyang","VOR-DME",115300,34.44670104980469,108.75,1634,"CN",115300,"100X",,,,,-3.11,"BOTH","HIGH","ZLXY"
93609,"Sangster_VOR-DME_JM","SIA","Sangster","VOR-DME",115700,18.500999450683594,-77.92410278320312,4,"JM",115700,"104X",,,,-5.001,-5.367,"BOTH","HIGH","MKJS"
93611,"Sea_Isle_VORTAC_US","SIE","Sea Isle","VORTAC",114800,39.09550094604492,-74.80030059814453,10,"US",114800,"095X",,,,-9.002,-12.119,"BOTH","HIGH","KWWD"
93612,"Siena_VOR-DME_IT","SIE","Siena","VOR-DME",110200,43.25279998779297,11.253100395202637,638,"IT",110200,"039X",,,,,1.325,"BOTH","HIGH","LIQS"
93613,"Shigi_VOR-DME_JP","SIE","Shigi","VOR-DME",111600,34.62839889526367,135.66200256347656,1494,"JP",111600,"053X",,,,-7.011,-6.597,"BOTH","LOW","RJBB"
93614,"Siedlce_VOR-DME_PL","SIE","Siedlce","VOR-DME",114700,52.155399322509766,22.2007999420166,591,"PL",114700,"094X",,,,3.007,4.376,"BOTH","HIGH",
93615,"Somosierra_VOR-DME_ES","SIE","Somosierra","VOR-DME",115400,41.15169906616211,-3.6046700477600098,5659,"ES",115400,"101X",41.1517,-3.60485,5659,,-2.173,"BOTH","HIGH",
93618,"Sigdal_VOR-DME_NO","SIG","Sigdal","VOR-DME",117700,60.015098571777344,9.630060195922852,2410,"NO",117700,"124X",,,,-1.001,0.436,"RNAV","HIGH",
93623,"Sinko_VOR-DME_MK","SIN","Sinko","VOR-DME",111450,41.98080062866211,22.3656005859375,3891,"MK",111450,"051Y",,,,,3.276,"BOTH","HIGH","LWSK"
93624,"Sinop_VOR-DME_TR","SIN","Sinop","VOR-DME",114000,42.02220153808594,35.076698303222656,49,"TR",114000,"087X",,,,3.007,5.068,"BOTH","HIGH","LTCM"
93626,"Sion_VOR-DME_CH","SIO","Sion","VOR-DME",112150,46.21549987792969,7.288780212402344,1594,"CH",112150,"058Y",,,,-1.007,0.339,"BOTH","LOW","LSGS"
93627,"Sirri_Island_VOR-DME_IR","SIR","Sirri Island","VOR-DME",113750,25.914199829101562,54.5364990234375,42,"IR",113750,"084Y",,,,1.501,1.42,"BOTH","HIGH","OIBS"
93631,"San_Isidro_VOR_DO","SIS","San Isidro","VOR",114500,18.5044002532959,-69.76249694824219,111,"DO",,,,,,,-10.378,"LO","MEDIUM","MDSI"
93632,"Resistencia_VOR-DME_AR","SIS","Resistencia","VOR-DME",115100,-27.4468994140625,-59.05720138549805,194,"AR",115100,"098X",,,,,-9.541,"BOTH","HIGH","SARE"
93635,"Sitia_VOR-DME_GR","SIT","Sitia","VOR-DME",113300,35.06840133666992,26.18910026550293,2058,"GR",113300,"080X",,,,1.007,3.19,"BOTH","HIGH","LGST"
93637,"Sivas_VOR-DME_TR","SIV","Sivas","VOR-DME",114200,39.789398193359375,36.8932991027832,5279,"TR",114200,"089X",,,,3.007,4.512,"BOTH","HIGH","LTAR"
93640,"Pinang_Sore_VOR-DME_ID","SIX","Pinang Sore","VOR-DME",114300,1.5522700548171997,98.89140319824219,43,"ID",114300,"090X",,,,,-0.316,"BOTH","HIGH","WIMS"
93641,"Sinjon_VOR-DME_SG","SJ","Sinjon","VOR-DME",113500,1.2225899696350098,103.85399627685547,150,"SG",113500,"082X",,,,0.011,0.147,"BOTH","HIGH","WSAP"
93647,"San_Jose_VOR-DME_US","SJC","San Jose","VOR-DME",114100,37.374698638916016,-121.94499969482422,43,"US",114100,"088X",,,,16.001,14.345,"LO","MEDIUM","KSJC"
93649,"Cabos_VOR-DME_MX","SJD","Cabos","VOR-DME",114000,23.14620018005371,-109.72200012207031,374,"MX",114000,"087X",,,,10.001,9.231,"BOTH","HIGH","MMSD"
93650,"San_Jose_Del_Guaviare_VOR-DME_CO","SJE","San Jose Del Guaviare","VOR-DME",113300,2.5728299617767334,-72.63379669189453,520,"CO",113300,"080X",,,,-5.007,-6.171,"BOTH","HIGH","SKSJ"
93651,"Shimojishima_VOR-DME_JP","SJE","Shimojishima","VOR-DME",117100,24.8218994140625,125.14399719238281,66,"JP",117100,"118X",,,,-3.007,-3.564,"BOTH","HIGH","RORS"
93652,"Semmes_VORTAC_US","SJI","Semmes","VORTAC",115300,30.72599983215332,-88.35929870605469,190,"US",115300,"100X",,,,5.001,-0.444,"BOTH","HIGH","KMOB"
93654,"San_Juan_VOR_PE","SJN","San Juan","VOR",117100,-15.240599632263184,-75.10420227050781,,"PE",,,,,,0.007,-0.268,"BOTH","HIGH","SPJN"
93655,"St_Johns_VORTAC_US","SJN","St Johns","VORTAC",112300,34.42409896850586,-109.14399719238281,6840,"US",112300,"070X",,,,12.001,10.439,"BOTH","HIGH",
93656,"San_Jose_VOR-DME_GT","SJO","San Jose","VOR-DME",114100,13.9350004196167,-90.85169982910156,46,"GT",114100,"088X",,,,3.007,2.517,"BOTH","HIGH","MGSJ"
93657,"San_Angelo_VORTAC_US","SJT","San Angelo","VORTAC",115100,31.375,-100.45500183105469,1890,"US",115100,"098X",,,,10.012,6.411,"BOTH","HIGH","KSJT"
93658,"San_Juan_VORTAC_PR","SJU","San Juan","VORTAC",114000,18.446300506591797,-65.989501953125,7,"PR",114000,"087X",,,,-11.006,-12.382,"LO","HIGH","TJSJ"
93659,"San_Julian_VOR-DME_AR","SJU","San Julian","VOR-DME",117700,-49.30979919433594,-67.81289672851562,190,"AR",117700,"124X",,,,11.007,9.479,"BOTH","HIGH","SAWJ"
93661,"Zhengding_VOR-DME_CN","SJW","Zhengding","VOR-DME",117700,38.279998779296875,114.7020034790039,223,"CN",117700,"124X",,,,,-5.265,"BOTH","HIGH","ZBSJ"
93676,"Sakaras_VOR-DME_IN","SKA","Sakaras","VOR-DME",117200,27.848400115966797,77.0082015991211,664,"IN",117200,"119X",,,,1.011,0.321,"BOTH","HIGH",
93677,"Skelleftea_VOR-DME_SE","SKA","Skelleftea","VOR-DME",113400,64.62670135498047,21.079299926757812,174,"SE",113400,"081X",,,,5.001,6.271,"BOTH","HIGH","ESNS"
93681,"Shahre_Kord_VOR-DME_IR","SKD","Shahre Kord","VOR-DME",117300,32.27980041503906,50.85490036010742,6723,"IR",117300,"120X",,,,,3.169,"BOTH","HIGH","OIFS"
93685,"Shinoda_VOR-DME_JP","SKE","Shinoda","VOR-DME",112300,34.49190139770508,135.447998046875,244,"JP",112300,"070X",,,,-7.011,-6.579,"BOTH","HIGH","RJBB"
93686,"Skagen_VOR-DME_NO","SKG","Skagen","VOR-DME",112800,68.57839965820312,15.034899711608887,34,"NO",112800,"075X",,,,1.007,3.461,"RNAV","HIGH","ENSK"
93689,"Skien_VOR-DME_NO","SKI","Skien","VOR-DME",113600,59.1879997253418,9.570289611816406,491,"NO",113600,"083X",,,,0.001,0.439,"RNAV","HIGH","ENSN"
93691,"Skopje_VOR-DME_MK","SKJ","Skopje","VOR-DME",112800,41.935001373291016,21.630599975585938,872,"MK",112800,"075X",,,,2.007,3.207,"BOTH","HIGH","LWSK"
93694,"Songkhla_VOR-DME_TH","SKL","Songkhla","VOR-DME",113500,7.1887898445129395,100.60399627685547,12,"TH",113500,"082X",,,,0.011,-0.194,"BOTH","HIGH","VTSH"
93695,"Sakon_Nakhon_VOR-DME_TH","SKN","Sakon Nakhon","VOR-DME",114200,17.214099884033203,104.13700103759766,529,"TH",114200,"089X",,,,0.007,-0.455,"BOTH","HIGH","VTUI"
93698,"Sikasso_VOR-DME_ML","SKO","Sikasso","VOR-DME",116500,11.59220027923584,-5.8157501220703125,1397,"ML",116500,"112X",,,,,-4.56,"BOTH","HIGH","GATB"
93699,"Skopelos_VOR-DME_GR","SKP","Skopelos","VOR-DME",113400,39.18080139160156,23.615800857543945,1218,"GR",113400,"081X",,,,1.007,3.228,"BOTH","HIGH",
93700,"Skrydstrup_VORTAC_DK","SKR","Skrydstrup","VORTAC",110400,55.22890090942383,9.214059829711914,138,"DK",110400,"041X",,,,1.008,0.454,"BOTH","HIGH","EKSP"
93702,"Skiros_VOR-DME_GR","SKS","Skiros","VOR-DME",116600,38.97740173339844,24.490100860595703,44,"GR",116600,"113X",,,,,3.285,"BOTH","HIGH","LGSY"
93706,"Sandusky_VOR-DME_US","SKY","Sandusky","VOR-DME",109200,41.43450164794922,-82.65480041503906,580,"US",109200,"029X",,,,-4.001,-7.117,"LO","MEDIUM","US-11548"
93722,"Sliac_VOR-DME_SK","SLC","Sliac","VOR-DME",114000,48.45320129394531,19.11590003967285,1670,"SK",114000,"087X",,,,2.007,3.272,"BOTH","HIGH","LZSL"
93725,"Seal_Beach_VORTAC_US","SLI","Seal Beach","VORTAC",115700,33.78329849243164,-118.05500030517578,23,"US",115700,"104X",,,,15.001,13.013,"BOTH","MEDIUM","KSLI"
93726,"Sao_Luis_VOR-DME_BR","SLI","Sao Luis","VOR-DME",113500,-2.589169979095459,-44.2400016784668,178,"BR",113500,"082X",,,,-20.507,-20.492,"BOTH","HIGH","SBSL"
93729,"Saranac_Lake_VOR-DME_US","SLK","Saranac Lake","VOR-DME",109200,44.38460159301758,-74.20449829101562,1650,"US",109200,"029X",,,,-14.001,-14.232,"LO","MEDIUM","KSLK"
93730,"Salalah_VOR-DME_OM","SLL","Salalah","VOR-DME",112300,17.04439926147461,54.094200134277344,111,"OM",112300,"070X",,,,0.007,0.247,"BOTH","HIGH","OOSA"
93731,"Sabadell_VOR-DME_ES","SLL","Sabadell","VOR-DME",112000,41.519901275634766,2.1097500324249268,499,"ES",112000,"057X",41.52,2.10975,499,,-0.368,"BOTH","HIGH","LEBL"
93732,"Lucia_VOR-DME_MX","SLM","Lucia","VOR-DME",116600,19.742799758911133,-99.02980041503906,7350,"MX",116600,"113X",,,,6.007,5.573,"BOTH","HIGH",
93733,"Salina_VORTAC_US","SLN","Salina","VORTAC",117100,38.92509841918945,-97.62139892578125,1310,"US",117100,"118X",,,,7.004,5.067,"BOTH","HIGH","KSLN"
93735,"Solo_VOR-DME_ID","SLO","Solo","VOR-DME",116300,-7.507719993591309,110.79399871826172,394,"ID",116300,"110X",,,,1.011,1.144,"BOTH","HIGH","WARQ"
93738,"Potosi_VOR-DME_MX","SLP","Potosi","VOR-DME",117200,22.256399154663086,-100.93000030517578,6035,"MX",117200,"119X",,,,8.002,6.399,"BOTH","HIGH","MMSP"
93741,"Sulphur_Springs_VOR-DME_US","SLR","Sulphur Springs","VOR-DME",109000,33.19860076904297,-95.5426025390625,480,"US",109000,"027X",,,,8.008,3.526,"LO","MEDIUM","TX19"
93742,"Salinas_VOR-DME_PE","SLS","Salinas","VOR-DME",114700,-11.287599563598633,-77.5625,324,"PE",114700,"094X",,,,1.007,0.129,"BOTH","HIGH",
93745,"Slate_Run_VORTAC_US","SLT","Slate Run","VORTAC",113900,41.51279830932617,-77.97010040283203,2320,"US",113900,"086X",,,,-8.002,-10.498,"BOTH","HIGH",
93747,"Lulea_VOR-DME_SE","SLU","Lulea","VOR-DME",115100,65.54019927978516,22.134300231933594,58,"SE",115100,"098X",,,,6.001,7.106,"BOTH","HIGH","ESPA"
93715,"Soloviivka_VOR-DME_UA","SLV","Soloviivka","VOR-DME",113300,50.1863,29.5701,,"UA",,,,,,,6,"BOTH","HIGH",
93749,"Sutherland_VOR_ZA","SLV","Sutherland","VOR",113300,-32.45009994506836,20.622400283813477,,"ZA",,,,,,-21.007,-23.246,"BOTH","HIGH","FASL"
93751,"Saltillo_VOR-DME_MX","SLW","Saltillo","VOR-DME",116100,25.546100616455078,-100.93000030517578,4778,"MX",116100,"108X",,,,8.011,6.432,"BOTH","HIGH","MMIO"
93768,"Santa_Maria_VOR-DME_BR","SMA","Santa Maria","VOR-DME",112000,-29.709999084472656,-53.713199615478516,287,"BR",112000,"057X",,,,-12.007,-13.234,"BOTH","HIGH","SBSM"
93772,"Olbia_Costa_Smeralda_VOR-DME_IT","SME","Olbia Costa Smeralda","VOR-DME",113900,40.88999938964844,9.501179695129395,64,"IT",113900,"086X",40.8902,9.50056,64,0.007,1.093,"RNAV","HIGH","LIEO"
93775,"Simferopol_VOR-DME_UA","SMF","Simferopol","VOR-DME",116600,45.05139923095703,33.97930145263672,623,"UA",116600,"113X",,,,,5.372,"BOTH","HIGH","UKFF"
93779,"Mitrovica_VOR-DME_RS","SMI","Mitrovica","VOR-DME",117000,45.009498596191406,19.43079948425293,262,"RS",117000,"117X",,,,2.007,3.139,"RNAV","HIGH",
93782,"Shymkent_VOR-DME_KZ","SMK","Shymkent","VOR-DME",115600,42.35860061645508,69.50469970703125,1430,"KZ",115600,"103X",,,,,5.169,"BOTH","HIGH",
93783,"Abu_Simbel_VOR-DME_EG","SML","Abu Simbel","VOR-DME",113500,22.354900360107422,31.621999740600586,640,"EG",113500,"082X",,,,2.007,2.483,"BOTH","HIGH","HEBL"
93784,"Sidi_Slimane_VOR-DME_MA","SMN","Sidi Slimane","VOR-DME",115500,34.23249816894531,-6.050559997558594,179,"MA",115500,"102X",,,,,-2.47,"BOTH","HIGH","GMSL"
93785,"Mateo_VOR-DME_MX","SMO","Mateo","VOR-DME",112100,19.555700302124023,-99.22830200195312,7800,"MX",112100,"058X",,,,,6.022,"TERMINAL","HIGH",
93786,"Santa_Monica_VOR-DME_US","SMO","Santa Monica","VOR-DME",110800,34.01020050048828,-118.45700073242188,114,"US",110800,"045X",,,,15.001,13.076,"LO","MEDIUM",
93788,"Simara_VOR-DME_NP","SMR","Simara","VOR-DME",112900,27.164199829101562,84.9822006225586,450,"NP",112900,"076X",,,,0.011,0.039,"BOTH","HIGH","VNSI"
93794,"Siu_Mo_To_VOR-DME_HK","SMT","Siu Mo To","VOR-DME",114800,22.337600708007812,113.98200225830078,39,"HK",114800,"095X",,,,-2.011,-2.142,"BOTH","HIGH","VHHH"
93796,"Samui_VOR-DME_TH","SMU","Samui","VOR-DME",117600,9.547080039978027,100.06199645996094,79,"TH",117600,"123X",,,,0.011,-0.267,"BOTH","HIGH","VTSM"
93808,"Moriya_VOR-DME_JP","SNE","Moriya","VOR-DME",114000,35.93479919433594,139.9810028076172,132,"JP",114000,"087X",,,,-7.011,-6.587,"BOTH","HIGH",
93810,"Srinagar_VOR-DME_IN","SNG","Srinagar","VOR-DME",115900,34.00199890136719,74.75460052490234,5458,"IN",115900,"106X",,,,2.011,2.021,"BOTH","HIGH","VISR"
93813,"Santorini_VOR-DME_GR","SNI","Santorini","VOR-DME",110400,36.394901275634766,25.48259925842285,181,"GR",110400,"041X",,,,2.007,3.214,"LO","HIGH","LGSR"
93814,"Sanandaj_VOR-DME_IR","SNJ","Sanandaj","VOR-DME",116500,35.23889923095703,47.0078010559082,4522,"IR",116500,"112X",,,,3.001,4.075,"BOTH","HIGH","OICS"
93816,"Santo_Domingo_VOR-DME_CL","SNO","Santo Domingo","VOR-DME",113700,-33.66579818725586,-71.61940002441406,245,"CL",113700,"084X",,,,5.005,4.267,"BOTH","HIGH","SCSN"
93819,"Santander_VOR-DME_ES","SNR","Santander","VOR-DME",115300,43.449798583984375,-3.9024100303649902,164,"ES",115300,"100X",43.4496,-3.90249,164,-4.007,-2.346,"BOTH","HIGH","LEXJ"
93820,"Salinas_VORTAC_US","SNS","Salinas","VORTAC",117300,36.66379928588867,-121.60299682617188,101,"US",117300,"120X",,,,17.001,14.202,"BOTH","HIGH","KSNS"
93821,"San_Antonio_De_Areco_VOR-DME_AR","SNT","San Antonio De Areco","VOR-DME",117700,-34.219398498535156,-59.43560028076172,98,"AR",117700,"124X",,,,-4.007,-6.215,"BOTH","HIGH","SAAA"
93822,"Praia_VOR-DME_CV","SNT","Praia","VOR-DME",116600,14.93910026550293,-23.482099533081055,340,"CV",116600,"113X",,,,,-11.237,"BOTH","HIGH",
93823,"Porto_Santo_VOR-DME_PT","SNT","Porto Santo","VOR-DME",114900,33.090301513671875,-16.35059928894043,367,"PT",114900,"096X",,,,-8.007,-6.254,"BOTH","HIGH","LPPS"
93825,"Sollenau_VOR-DME_AT","SNU","Sollenau","VOR-DME",115500,47.874900817871094,16.288400650024414,891,"AT",115500,"102X",,,,1.007,2.465,"BOTH","HIGH","LOWW"
93826,"Sidney_VORTAC_US","SNY","Sidney","VORTAC",115900,41.09669876098633,-102.98300170898438,4300,"US",115900,"106X",,,,13.001,8.365,"BOTH","HIGH",
93383,"Soacha_VOR-DME_CO","SOA","Soacha","VOR-DME",108600,4.6030597686768,-74.273101806641,8069,"CO",108600,"023X",,,,,-5.3,"BOTH","HIGH",
93837,"Sonai_VOR-DME_JP","SOE","Sonai","VOR-DME",114550,24.47089958190918,123.01200103759766,50,"JP",114550,"092Y",,,,,-3.422,"BOTH","HIGH",
93838,"Sofia_VOR-DME_BG","SOF","Sofia","VOR-DME",112600,42.69810104370117,23.389400482177734,1772,"BG",112600,"073X",,,,2.007,3.439,"BOTH","HIGH","LBSF"
93840,"Sorong_VOR-DME_ID","SOG","Sorong","VOR-DME",114400,-0.9231250286102295,131.1199951171875,10,"ID",114400,"091X",,,,2.007,2.047,"BOTH","HIGH","ID-0320"
93841,"Sogndal_VOR-DME_NO","SOG","Sogndal","VOR-DME",114200,61.15019989013672,7.159739971160889,1652,"NO",114200,"089X",,,,2.003,-0.285,"BOTH","LOW","ENSG"
93843,"South_Kauai_VORTAC_US","SOK","South Kauai","VORTAC",115400,21.900400161743164,-159.5290069580078,630,"US",115400,"101X",,,,11.001,9.572,"BOTH","HIGH","PHBK"
93844,"Sokoto_VOR-DME_NG","SOK","Sokoto","VOR-DME",113900,12.921099662780762,5.229310035705566,1004,"NG",113900,"086X",,,,,-1.46,"BOTH","HIGH","DNSO"
93848,"San_Tome_VOR-DME_VE","SOM","San Tome","VOR-DME",116500,8.943920135498047,-64.15640258789062,831,"VE",116500,"112X",,,,-11.007,-12.398,"BOTH","HIGH","SVST"
93852,"Sorrento_VOR-DME_IT","SOR","Sorrento","VOR-DME",112200,40.58259963989258,14.335100173950195,1653,"IT",112200,"059X",,,,1.007,2.038,"BOTH","HIGH",
93854,"Snowbird_VORTAC_US","SOT","Snowbird","VORTAC",108800,35.79010009765625,-83.05239868164062,4239,"US",108800,"025X",,,,-4.001,-5.302,"BOTH","MEDIUM",
93872,"Spartanburg_VORTAC_US","SPA","Spartanburg","VORTAC",115700,35.03369903564453,-81.9271011352539,910,"US",115700,"104X",,,,-2.001,-6.111,"BOTH","HIGH","KSPA"
93874,"Eleftherios_Venizelos_VOR-DME_GR","SPA","Eleftherios Venizelos","VOR-DME",117500,37.91780090332031,23.93779945373535,303,"GR",117500,"122X",,,,,3.185,"TERMINAL","LOW","LGAV"
93876,"Sankt-Peterburg_VOR-DME_RU","SPB","Sankt-Peterburg","VOR-DME",113400,59.80670166015625,30.28499984741211,79,"RU",113400,"081X",,,,7.007,8.598,"BOTH","HIGH","ULLI"
93877,"Sapporo_VOR-DME_JP","SPE","Sapporo","VOR-DME",113900,43.174598693847656,141.302001953125,87,"JP",113900,"086X",,,,-9.011,-9.143,"BOTH","HIGH","RJCO"
93882,"Spinner_VORTAC_US","SPI","Spinner","VORTAC",112700,39.839698791503906,-89.67769622802734,587,"US",112700,"074X",,,,-1.008,-1.026,"BOTH","HIGH","KSPI"
93883,"Sprimont_VOR-DME_BE","SPI","Sprimont","VOR-DME",113100,50.51470184326172,5.623330116271973,966,"BE",113100,"078X",,,,0.007,-0.101,"RNAV","HIGH",
93884,"Split_VOR-DME_HR","SPL","Split","VOR-DME",115700,43.49660110473633,16.30470085144043,734,"HR",115700,"104X",,,,1.007,2.331,"BOTH","HIGH","LDSP"
93885,"Schiphol_VOR-DME_NL","SPL","Schiphol","VOR-DME",108400,52.33209991455078,4.749879837036133,14,"NL",108400,"021X",,,,,-0.373,"LO","MEDIUM","EHAM"
93886,"Sa_Pran_Nak_VOR_TH","SPN","Sa Pran Nak","VOR",117300,14.950400352478027,100.64199829101562,95,"TH",,,,,,-1.011,-0.368,"BOTH","HIGH","VTBH"
93887,"San_Pedro_VOR-DME_CI","SPO","San Pedro","VOR-DME",114900,4.756669998168945,-6.654359817504883,26,"CI",114900,"096X",,,,,-7.093,"BOTH","HIGH","DISP"
93889,"San_Andres_VOR-DME_CO","SPP","San Andres","VOR-DME",113300,12.582200050354004,-81.70559692382812,182,"CO",113300,"080X",,,,0.007,-2.052,"BOTH","HIGH","SKSP"
93893,"St-Prex_VOR-DME_CH","SPR","St-Prex","VOR-DME",113900,46.4687004089,6.44806003571,1252,"CH",113900,"086X",,,,0.007,0.197,,,
93894,"Wichita_Falls_VORTAC_US","SPS","Wichita Falls","VORTAC",112700,33.987300872802734,-98.59349822998047,1100,"US",112700,"074X",33.9878,-98.5935,1021,10.012,5.437,"BOTH","HIGH","KSPS"
93895,"Spencer_VOR-DME_US","SPW","Spencer","VOR-DME",110000,43.162200927734375,-95.20099639892578,1330,"US",110000,"037X",,,,5.001,3.064,"TERMINAL","MEDIUM",
93896,"Spijkerboor_VOR-DME_NL","SPY","Spijkerboor","VOR-DME",113300,52.54029846191406,4.8537797927856445,26,"NL",113300,"080X",,,,-2.007,-0.364,"BOTH","HIGH","EHAM"
93899,"Sparrevohn_VOR-DME_US","SQA","Sparrevohn","VOR-DME",117200,61.0984992980957,-155.63499450683594,2501,"US",117200,"119X",,,,22.001,17.537,"BOTH","LOW","PASV"
93901,"Quintin_VOR-DME_MX","SQN","Quintin","VOR-DME",113300,30.545400619506836,-115.95600128173828,60,"MX",113300,"080X",,,,13.007,11.55,"BOTH","HIGH",
93903,"Sidon_VORTAC_US","SQS","Sidon","VORTAC",114700,33.46390151977539,-90.27729797363281,125,"US",114700,"094X",,,,3.001,0.171,"BOTH","HIGH","KGWO"
93915,"San_Rafael_VOR_AR","SRA","San Rafael","VOR",116900,-34.58940124511719,-68.39469909667969,2444,"AR",,,,,,3.007,2.04,"BOTH","HIGH","SAMR"
93916,"Sintra_VORTAC_PT","SRA","Sintra","VORTAC",112100,38.829200744628906,-9.34000015258789,440,"PT",112100,"058X",,,,,-4.037,"BOTH","HIGH","LPST"
93917,"Santa_Rosa_De_Conlara_VOR-DME_AR","SRC","Santa Rosa De Conlara","VOR-DME",117500,-32.373600006103516,-65.18329620361328,2021,"AR",117500,"122X",,,,,-2.029,"BOTH","HIGH","SAOS"
93919,"Siem_Reap_VOR-DME_KH","SRE","Siem Reap","VOR-DME",113800,13.414999961853027,103.8219985961914,59,"KH",113800,"085X",,,,0.011,-0.282,"BOTH","HIGH","KH-0003"
93923,"Sirjan_VOR-DME_IR","SRJ","Sirjan","VOR-DME",114600,29.556800842285156,55.65999984741211,5831,"IR",114600,"093X",,,,2.001,2.171,"BOTH","HIGH","OIKY"
93925,"Rosalia_VOR-DME_MX","SRL","Rosalia","VOR-DME",112600,27.32830047607422,-112.2699966430664,625,"MX",112600,"073X",,,,,10.326,"BOTH","HIGH",
93926,"Saronno_VOR-DME_IT","SRN","Saronno","VOR-DME",113700,45.64680099487305,9.022850036621094,815,"IT",113700,"084X",,,,0.007,1.015,"BOTH","HIGH",
93931,"Sarasota_VORTAC_US","SRQ","Sarasota","VORTAC",115200,27.39780044555664,-82.5542984008789,20,"US",115200,"099X",,,,-2.001,-4.159,"BOTH","HIGH","KSRQ"
93934,"Sirte_VOR-DME_LY","SRT","Sirte","VOR-DME",117000,31.059099197387695,16.597999572753906,267,"LY",117000,"117X",,,,0.007,1.523,"BOTH","HIGH","HLLB"
93935,"Siirt_VOR-DME_TR","SRT","Siirt","VOR-DME",114300,37.909400939941406,41.882198333740234,3146,"TR",114300,"090X",,,,3.007,4.436,"BOTH","HIGH","LTCL"
93945,"Sikandrabad_VOR-DME_IN","SSB","Sikandrabad","VOR-DME",112400,28.393400192260742,77.70809936523438,642,"IN",112400,"071X",,,,1.011,0.363,"BOTH","HIGH",
93949,"Stinson_VOR_US","SSF","Stinson","VOR",108400,29.258399963378906,-98.44349670410156,540,"US",,,,,,9.012,5.364,"LO","MEDIUM",
93950,"Brunswick_VORTAC_US","SSI","Brunswick","VORTAC",109800,31.050500869750977,-81.44599914550781,10,"US",109800,"035X",,,,-4.001,-5.422,"BOTH","MEDIUM","KBQK"
93952,"Sault_Ste_Marie_VOR-DME_US","SSM","Sault Ste Marie","VOR-DME",112200,46.4119987487793,-84.31490325927734,690,"US",112200,"059X",,,,-4.001,-7.201,"BOTH","HIGH","KCIU"
93953,"San_Sebastian_VOR-DME_ES","SSN","San Sebastian","VOR-DME",117900,43.31119918823242,-1.8303899765014648,804,"ES",117900,"126X",43.3113,-1.8305,804,-3.007,-1.533,"BOTH","MEDIUM","LESO"
93954,"San_Simon_VORTAC_US","SSO","San Simon","VORTAC",115400,32.26919937133789,-109.26300048828125,3600,"US",115400,"101X",,,,13.001,10.275,"BOTH","HIGH",
93955,"Sisters_Island_VORTAC_US","SSR","Sisters Island","VORTAC",114000,58.17770004272461,-135.25900268554688,50,"US",114000,"087X",,,,29.001,22.437,"BOTH","HIGH","PAOH"
93956,"White_Sulphur_Springs_VOR_US","SSU","White Sulphur Springs","VOR",108400,37.76390075683594,-80.30159759521484,3330,"US",,,,,,-4.001,-8.023,"LO","LOW",
93957,"S.S.rRyes_VOR-DME_ES","SSY","S.S.rRyes","VOR-DME",117850,40.5463981628418,-3.5751900672912598,2012,"ES",117850,"125Y",40.5464,-3.57537,2012,,-2.141,,,"LEMD"
93970,"Santa_Marta_VOR-DME_CO","STA","Santa Marta","VOR-DME",116600,10.964500427246094,-74.2384033203125,34,"CO",116600,"113X",,,,,-6.369,"BOTH","HIGH","SKSM"
93972,"Santa_Barbara_Del_Zulia_VOR-DME_VE","STB","Santa Barbara Del Zulia","VOR-DME",114900,8.983610153198242,-71.93840026855469,32,"VE",114900,"096X",,,,-6.007,-7.491,"BOTH","HIGH","SVSZ"
93974,"Saint_Cloud_VOR-DME_US","STC","Saint Cloud","VOR-DME",112100,45.54930114746094,-94.05860137939453,1025,"US",112100,"058X",,,,3.001,1.529,"LO","LOW","KSTC"
93976,"Stord_VOR-DME_NO","STD","Stord","VOR-DME",113400,59.78730010986328,5.344339847564697,222,"NO",113400,"081X",,,,-3.001,-1.116,"BOTH","HIGH","ENSO"
93979,"Stevens_Point_VORTAC_US","STE","Stevens Point","VORTAC",110600,44.5432014465332,-89.53060150146484,1110,"US",110600,"043X",,,,-1.001,-2.01,"LO","MEDIUM",
93980,"Shodo_VOR-DME_JP","STE","Shodo","VOR-DME",114400,34.51240158081055,134.2740020751953,2531,"JP",114400,"091X",,,,-7.011,-7.021,"BOTH","LOW",
93985,"Santiago_VOR-DME_PA","STG","Santiago","VOR-DME",114500,8.0886697769165,-80.940200805664,272,"PA",114500,,,,,,-1.4,"BOTH","HIGH","MPSA"
93986,"Santiago_VOR-DME_ES","STG","Santiago","VOR-DME",116400,42.92689895629883,-8.425390243530273,1283,"ES",116400,"111X",42.9267,-8.42533,1283,-5.007,-4.064,"BOTH","HIGH","LEST"
93990,"Los_Cerrillos_VOR-DME_CL","STI","Los Cerrillos","VOR-DME",112300,-33.502201080322266,-70.7029037475586,1684,"CL",112300,"070X",,,,,3.336,"LO","HIGH","CL-0021"
93992,"St.jJseph_VORTAC_US","STJ","St.jJseph","VORTAC",115500,39.960601806640625,-94.92520141601562,1160,"US",115500,"102X",,,,8.001,3.077,,,
93993,"Strejnic_VOR-DME_RO","STJ","Strejnic","VOR-DME",113200,44.91859817504883,25.976999282836914,545,"RO",113200,"079X",,,,,4.222,"TERMINAL","HIGH","LROP"
93995,"St_Louis_VORTAC_US","STL","St Louis","VORTAC",117400,38.86069869995117,-90.4823989868164,450,"US",117400,"121X",,,,1.001,-0.131,"BOTH","HIGH","KSTL"
93996,"Santarem_VOR-DME_BR","STM","Santarem","VOR-DME",112300,-2.426500082015991,-54.817501068115234,198,"BR",112300,"070X",,,,-16.007,-17.154,"BOTH","MEDIUM","SBSN"
93997,"Sao_Tome_VOR-DME_ST","STM","Sao Tome","VOR-DME",117300,0.3784469962120056,6.717060089111328,33,"ST",117300,"120X",,,,,-4.209,"BOTH","HIGH","FPST"
94002,"Santana_VOR-DME_BR","STN","Santana","VOR-DME",114300,-23.487499237060547,-46.923301696777344,2428,"BR",114300,"090X",,,,-19.007,-19.448,"BOTH","HIGH",
94003,"Surat_Thani_VOR-DME_TH","STN","Surat Thani","VOR-DME",110600,9.129509925842285,99.13480377197266,20,"TH",110600,"043X",,,,0.007,-0.309,"BOTH","HIGH","VTSB"
94004,"Stornoway_VOR-DME_GB","STN","Stornoway","VOR-DME",115100,58.20690155029297,-6.183060169219971,250,"GB",115100,"098X",,,,-7.01,-6.186,"BOTH","HIGH","EGPO"
94005,"Salto_VOR_UY","STO","Salto","VOR",117900,-31.43470001220703,-57.98419952392578,187,"UY",,,,,,-5.007,-9.041,"BOTH","HIGH","SUSO"
94007,"Stockerau_VOR-DME_AT","STO","Stockerau","VOR-DME",113000,48.41709899902344,16.018600463867188,750,"AT",113000,"077X",48.4171,16.0188,750,1.007,2.444,"BOTH","HIGH","LOAU"
94008,"Stokka_VOR-DME_NO","STO","Stokka","VOR-DME",112000,65.96040344238281,12.469400405883789,137,"NO",112000,"057X",,,,0.001,2.078,"RNAV","HIGH","ENST"
94009,"St.tTopez_VOR-DME_FR","STP","St.tTopez","VOR-DME",116500,43.21950149536133,6.601809978485107,1089,"FR",116500,"112X",,,,-1.007,0.29,,,
94010,"Strasbourg_VOR-DME_FR","STR","Strasbourg","VOR-DME",115600,48.505401611328125,7.571969985961914,586,"FR",115600,"103X",48.5056,7.57083,,1.007,0.329,"BOTH","HIGH","LFST"
94012,"Santa_Rosa_VOR-DME_US","STS","Santa Rosa","VOR-DME",113000,38.50809860229492,-122.81099700927734,120,"US",113000,"077X",,,,16.001,15.006,"LO","MEDIUM",
94013,"St_Thomas_VOR-DME_VI","STT","St Thomas","VOR-DME",108600,18.35580062866211,-65.02459716796875,679,"VI",108600,"023X",,,,-10.001,-13.057,"BOTH","HIGH","TIST"
94015,"Strumble_VOR-DME_GB","STU","Strumble","VOR-DME",113100,51.99470138549805,-5.040279865264893,600,"GB",113100,"078X",,,,-6.001,-4.172,"BOTH","HIGH",
94016,"Stefanovikion_VOR_GR","STV","Stefanovikion","VOR",112900,39.480098724365234,22.7716007232666,146,"GR",,,,,,,3.176,"TERMINAL","LOW","GR-0097"
94017,"Standerton_VOR_ZA","STV","Standerton","VOR",116000,-26.696733,28.867443,5412,"ZA",,,,,,,-18.456,"RNAV","HIGH","FASR"
94018,"Stonewall_VORTAC_US","STV","Stonewall","VORTAC",113800,30.20680046081543,-98.70580291748047,1530,"US",113800,"085X",,,,8.012,5.451,"LO","HIGH",
94019,"Stillwater_VOR-DME_US","STW","Stillwater","VOR-DME",109600,40.99580001831055,-74.86900329589844,920,"US",109600,"033X",,,,-11.002,-12.451,"BOTH","MEDIUM",
94031,"Shimizu_VORTAC_JP","SUC","Shimizu","VORTAC",115200,32.75600051879883,132.9969940185547,1469,"JP",115200,"099X",32.756,132.996,1480,-5.007,-6.298,"BOTH","HIGH",
94033,"Chania_VOR-DME_GR","SUD","Chania","VOR-DME",108600,35.52199935913086,24.174400329589844,530,"GR",108600,"023X",,,,0.007,3.084,"BOTH","HIGH","LGSA"
94036,"Sugarloaf_Mt_VORTAC_US","SUG","Sugarloaf Mt","VORTAC",112200,35.40650177001953,-82.26860046386719,3970,"US",112200,"059X",,,,-2.001,-6.006,"LO","MEDIUM","KAVL"
94038,"Subi_VOR-DME_PL","SUI","Subi","VOR-DME",116700,52.37990188598633,14.585599899291992,98,"PL",116700,"114X",,,,0.007,2.321,"BOTH","HIGH",
94039,"Sulz_VOR_DE","SUL","Sulz","VOR",116100,48.38159942626953,8.644840240478516,,"DE",,,,,,0.01,0.513,"BOTH","HIGH",
94040,"Sulaymaniyah_VOR_IQ","SUL","Sulaymaniyah","VOR",117000,35.5796012878418,45.29010009765625,2517,"IQ",,,,,,,4.15,"BOTH","HIGH","ORSU"
94041,"Storuman_VOR-DME_SE","SUM","Storuman","VOR-DME",116300,64.95539855957031,17.70829963684082,958,"SE",116300,"110X",,,,3.001,4.491,"BOTH","HIGH","ESUD"
94042,"Sumburgh_VOR-DME_GB","SUM","Sumburgh","VOR-DME",117350,59.87889862060547,-1.2866699695587158,19,"GB",117350,"120Y",,,,-5.001,-4.212,"BOTH","HIGH","EGPB"
94043,"Sundsvall_VOR-DME_SE","SUN","Sundsvall","VOR-DME",113100,62.52840042114258,17.448699951171875,55,"SE",113100,"078X",,,,3.001,4.226,"RNAV","HIGH","ESNN"
94045,"Sturup_VOR-DME_SE","SUP","Sturup","VOR-DME",113000,55.53450012207031,13.379500389099121,270,"SE",113000,"077X",,,,1.001,2.145,"RNAV","HIGH","ESMS"
94046,"Sucre_VOR-DME_BO","SUR","Sucre","VOR-DME",116500,-19.01129913330078,-65.2916030883789,9528,"BO",116500,"112X",,,,-5.007,-7.252,"BOTH","HIGH","SLSU"
94047,"Sur_VOR-DME_OM","SUR","Sur","VOR-DME",117500,22.546600341796875,59.491600036621094,153,"OM",117500,"122X",,,,0.007,0.355,"HI","HIGH","OM-0038"
94052,"Suwalki_VOR-DME_PL","SUW","Suwalki","VOR-DME",117700,54.069698333740234,22.900299072265625,591,"PL",117700,"124X",,,,3.007,5.074,"BOTH","HIGH",
94054,"Sioux_City_VORTAC_US","SUX","Sioux City","VORTAC",116500,42.34450149536133,-96.32360076904297,1087,"US",116500,"112X",,,,9.001,4.032,"LO","MEDIUM","KSUX"
94060,"Svensheia_VOR-DME_NO","SVA","Svensheia","VOR-DME",112100,58.08449935913086,7.9083099365234375,410,"NO",112100,"058X",,,,-2.001,0.051,"RNAV","HIGH","ENCN"
94062,"Suvarnabhumi_Intl_VOR-DME_TH","SVB","Suvarnabhumi Intl","VOR-DME",111400,13.660699844360352,100.72799682617188,5,"TH",111400,"051X",,,,,-0.354,"BOTH","HIGH","VTBS"
94063,"Silver_City_VORTAC_US","SVC","Silver City","VORTAC",110800,32.637699127197266,-108.16100311279297,5423,"US",110800,"045X",,,,13.001,10.077,"LO","MEDIUM",
94064,"San_Vicente_Del_Caguan_VOR-DME_CO","SVC","San Vicente Del Caguan","VOR-DME",116500,2.148329973220825,-74.76309967041016,922,"CO",116500,"112X",,,,,-4.429,"LO","HIGH","SKSV"
94065,"Salvador_VOR-DME_BR","SVD","Salvador","VOR-DME",116500,-12.906499862670898,-38.3213005065918,63,"BR",116500,"112X",,,,,-23.08,"BOTH","HIGH","SBSV"
94066,"Sveda_VOR-DME_SE","SVD","Sveda","VOR-DME",116200,56.16889953613281,12.573800086975098,39,"SE",116200,"109X",,,,1.001,1.579,"RNAV","HIGH",
94068,"Linna_VOR-DME_FI","SVL","Linna","VOR-DME",117900,61.952701568603516,28.914100646972656,343,"FI",117900,"126X",,,,8.007,9.133,"RNAV","HIGH","EFSA"
94069,"Sevilla_VOR-DME_ES","SVL","Sevilla","VOR-DME",113700,37.42789840698242,-5.762209892272949,404,"ES",113700,"084X",37.4278,-5.76218,404,-4.007,-2.462,"BOTH","HIGH","LEZL"
94070,"Salem_VORTAC_US","SVM","Salem","VORTAC",114300,42.40890121459961,-83.59410095214844,950,"US",114300,"090X",,,,-3.001,-6.416,"BOTH","MEDIUM",
94071,"Hunter_VOR-DME_US","SVN","Hunter","VOR-DME",111600,32.01190185546875,-81.14089965820312,40,"US",111600,"053X",,,,-2.001,-6.068,"LO","LOW","KSVN"
94074,"Sagvar_VOR-DME_HU","SVR","Sagvar","VOR-DME",117700,46.82809829711914,18.117799758911133,418,"HU",117700,"124X",,,,2.007,3.066,"BOTH","HIGH","LHSA"
94077,"Somersveld_VOR_ZA","SVV","Somersveld","VOR",113000,-33.249298095703125,18.478099822998047,217,"ZA",,,,,,,-23.373,"BOTH","HIGH",
94078,"Swampy_VOR-DME_NZ","SW","Swampy","VOR-DME",112700,-45.794498443603516,170.4770050048828,4,"NZ",112700,"074X",,,,24.007,24.468,"BOTH","HIGH","NZDN"
94090,"Shantou_VOR-DME_CN","SWA","Shantou","VOR-DME",112600,23.440000534057617,116.7699966430664,11,"CN",112600,"073X",,,,,-2.478,"BOTH","HIGH",
94091,"Shawbury_VOR-DME_GB","SWB","Shawbury","VOR-DME",116800,52.79800033569336,-2.6625399589538574,269,"GB",116800,"115X",,,,,-3.29,"BOTH","MEDIUM","EGOS"
94092,"Sawmill_VOR-DME_US","SWB","Sawmill","VOR-DME",113750,31.97319984436035,-92.6771011352539,164,"US",113750,"084Y",,,,2.006,2.049,"HI","HIGH",
94093,"Suoh_VOR-DME_JP","SWE","Suoh","VOR-DME",113850,33.85660171508789,131.0290069580078,54,"JP",113850,"085Y",,,,,-6.527,"BOTH","MEDIUM","RJFR"
94096,"Snow_Hill_VORTAC_US","SWL","Snow Hill","VORTAC",112400,38.05659866333008,-75.46389770507812,40,"US",112400,"071X",,,,-8.001,-11.286,"BOTH","MEDIUM",
94099,"Stillwater_VOR-DME_US","SWO","Stillwater","VOR-DME",108400,36.224300384521484,-97.081298828125,1020,"US",108400,"021X",,,,7.001,4.474,"LO","LOW","KSWO"
94100,"Squaw_Valley_VOR-DME_US","SWR","Squaw Valley","VOR-DME",113200,39.180301666259766,-120.2699966430664,8850,"US",113200,"079X",,,,16.001,14.455,"LO","MEDIUM",
94103,"Swellendam_VOR_ZA","SWV","Swellendam","VOR",114400,-34.07720184326172,20.543100357055664,,"ZA",,,,,,,-24.5,"BOTH","HIGH","FASX"
94111,"Santa_Catalina_VORTAC_US","SXC","Santa Catalina","VORTAC",111400,33.375099182128906,-118.41999816894531,2090,"US",111400,"051X",,,,15.001,12.597,"BOTH","MEDIUM",
94113,"Snow_VOR-DME_US","SXW","Snow","VOR-DME",109200,39.62950134277344,-106.99099731445312,8060,"US",109200,"029X",,,,12.001,10.35,"LO","MEDIUM","KEGE"
94120,"Shemya_VORTAC_US","SYA","Shemya","VORTAC",109000,52.718299865722656,174.06199645996094,68,"US",109000,"027X",,,,3.001,1.365,"BOTH","HIGH","PASY"
94122,"Sekiyado_VOR-DME_JP","SYE","Sekiyado","VOR-DME",117000,36.01089859008789,139.83900451660156,115,"JP",117000,"117X",,,,-7.011,-7.015,"BOTH","HIGH",
94126,"Shelbyville_VOR-DME_US","SYI","Shelbyville","VOR-DME",109000,35.5620002746582,-86.43920135498047,810,"US",109000,"027X",,,,-1.001,-2.522,"LO","MEDIUM",
94128,"Sayre_VORTAC_US","SYO","Sayre","VORTAC",115200,35.34519958496094,-99.63529968261719,1990,"US",115200,"099X",,,,10.001,6.217,"LO","MEDIUM",
94129,"Syracuse_VORTAC_US","SYR","Syracuse","VORTAC",117000,43.160499572753906,-76.20459747314453,420,"US",117000,"117X",,,,-11.001,-12.379,"BOTH","HIGH","KSYR"
94132,"Sylhet_VOR_BD","SYT","Sylhet","VOR",116400,24.960800170898438,91.86689758300781,50,"BD",,,,,,0.011,-0.272,"BOTH","HIGH","VGSY"
94135,"Sanya_VOR-DME_CN","SYX","Sanya","VOR-DME",112500,18.306699752807617,109.1729965209961,1476,"CN",112500,"072X",,,,,-1.083,"BOTH","HIGH","ZJSY"
94137,"Shiraz_Shahid_Dastghaib_VOR-DME_IR","SYZ","Shiraz Shahid Dastghaib","VOR-DME",117800,29.540199279785156,52.58879852294922,4920,"IR",117800,"125X",,,,2.501,2.342,"BOTH","HIGH","OISS"
94149,"Cristobal_VOR-DME_MX","SZT","Cristobal","VOR-DME",116000,16.68560028076172,-92.52169799804688,7707,"MX",116000,"107X",,,,4.009,3.196,"LO","MEDIUM","MX-2510"
94151,"Seminole_VORTAC_US","SZW","Seminole","VORTAC",117500,30.55620002746582,-84.3740005493164,180,"US",117500,"122X",,,,2.003,-3.319,"BOTH","HIGH",
94152,"Shenzhen_VOR-DME_CN","SZX","Shenzhen","VOR-DME",115300,22.645000457763672,113.8030014038086,98,"CN",115300,"100X",,,,,-2.171,"BOTH","HIGH","ZGSZ"
94153,"Shaziying_VOR-DME_CN","SZY","Shaziying","VOR-DME",117200,40.10169982910156,116.46199798583984,17,"CN",117200,"119X",,,,,-6.221,"TERMINAL","HIGH","ZBAA"
94170,"Tacloban_VOR-DME_PH","TAC","Tacloban","VOR-DME",115500,11.232000350952148,125.0260009765625,39,"PH",115500,"102X",,,,-1.011,-0.389,"BOTH","HIGH","RPVA"
94172,"Oita_VOR-DME_JP","TAE","Oita","VOR-DME",112100,33.220298767089844,131.7030029296875,311,"JP",112100,"058X",,,,-6.007,-6.402,"BOTH","HIGH","RJFO"
94173,"Tahiti_Faaa_VOR-DME_PF","TAF","Tahiti Faaa","VOR-DME",112900,-17.547100067138672,-149.6020050048828,36,"PF",112900,"076X",,,,11.007,12.448,"BOTH","HIGH","NTAA"
94175,"Tianjin_VOR-DME_CN","TAJ","Tianjin","VOR-DME",112100,39.1067008972168,117.35800170898438,10,"CN",112100,"058X",,,,,-6.231,"BOTH","HIGH","ZBTJ"
94177,"Talara_VOR_PE","TAL","Talara","VOR",116100,-4.580560207366943,-81.25250244140625,282,"PE",,,,,,1.007,1.02,"BOTH","HIGH","SPYL"
94179,"Tanana_VOR-DME_US","TAL","Tanana","VOR-DME",116600,65.1771011352539,-152.17799377441406,390,"US",116600,"113X",,,,26.001,20.438,"LO","HIGH","PATA"
94181,"Taroom_VOR_AU","TAM","Taroom","VOR",112800,-25.802799224853516,149.89599609375,786,"AU",,,,,,9.007,9.516,"BOTH","HIGH","YTAM"
94182,"Tamanrasset_VOR-DME_DZ","TAM","Tamanrasset","VOR-DME",117050,22.8075008392334,5.44582986831665,49,"DZ",117050,"117Y",,,,,-0.258,"BOTH","HIGH",
94183,"Tampico_VOR-DME_MX","TAM","Tampico","VOR-DME",117500,22.289600372314453,-97.86299896240234,80,"MX",117500,"122X",,,,8.004,5.24,"BOTH","HIGH","MMTM"
94187,"Lahitte_VOR_FR","TAN","Lahitte","VOR",111800,43.46670150756836,-0.018417000770568848,964,"FR",,,,,,-2.007,-1.203,"BOTH","HIGH","LFBT"
94188,"Tan_Tan_VOR_MA","TAN","Tan Tan","VOR",112300,28.42840003967285,-11.173100471496582,653,"MA",,,,,,,-4.363,"BOTH","HIGH","GMAT"
94189,"Yuantan_VOR-DME_CN","TAN","Yuantan","VOR-DME",108600,23.66830062866211,113.23999786376953,598,"CN",108600,"023X",,,,,-2.232,"BOTH","HIGH","ZGGG"
94190,"Tanf_VOR-DME_SY","TAN","Tanf","VOR-DME",114000,33.482398986816406,38.65409851074219,2340,"SY",114000,"087X",,,,3.007,3.568,"BOTH","HIGH",
94193,"Qingdao_VOR-DME_CN","TAO","Qingdao","VOR-DME",117500,36.28499984741211,120.37000274658203,60,"CN",117500,"122X",,,,,-6.226,"BOTH","HIGH","CN-0164"
94194,"Tapachula_VOR-DME_MX","TAP","Tapachula","VOR-DME",115300,14.792200088500977,-92.37570190429688,97,"MX",115300,"100X",,,,5.002,3.29,"BOTH","HIGH","MMTP"
94195,"Tarapoto_VOR-DME_PE","TAP","Tarapoto","VOR-DME",115500,-6.65811014175415,-76.36730194091797,1664,"PE",115500,"102X",,,,0.007,-1.477,"BOTH","HIGH","SPST"
94196,"Tarquinia_VOR-DME_IT","TAQ","Tarquinia","VOR-DME",111800,42.21500015258789,11.732500076293945,76,"IT",111800,"055X",,,,0.007,1.376,"RNAV","HIGH",
94198,"Tarija_VOR-DME_BO","TAR","Tarija","VOR-DME",117000,-21.545799255371094,-64.71289825439453,6082,"BO",117000,"117X",,,,-5.007,-7.067,"BOTH","HIGH","SLTJ"
94200,"Taos_VORTAC_US","TAS","Taos","VORTAC",117600,36.60879898071289,-105.90599822998047,7860,"US",117600,"123X",,,,13.001,9.424,"LO","MEDIUM",
94202,"Taunus_VORTAC_DE","TAU","Taunus","VORTAC",116700,50.2504997253418,8.162520408630371,1343,"DE",116700,"114X",,,,0.011,0.384,"BOTH","HIGH",
94204,"Taylor_VORTAC_US","TAY","Taylor","VORTAC",112900,30.504600524902344,-82.55290222167969,140,"US",112900,"076X",,,,-3.001,-4.489,"BOTH","HIGH",
94205,"Taiz_VOR-DME_YE","TAZ","Taiz","VOR-DME",113600,13.697099685668945,44.138301849365234,4600,"YE",113600,"083X",,,,0.007,1.326,"BOTH","HIGH","OYTZ"
94208,"Tchibanga_VOR_GA","TB","Tchibanga","VOR",117500,-2.882309913635254,10.952899932861328,285,"GA",,,,,,,-4.069,"BOTH","HIGH","FOOT"
94214,"Taba_VOR-DME_EG","TBA","Taba","VOR-DME",114500,29.606700897216797,34.797401428222656,2430,"EG",114500,"092X",,,,,3.273,"BOTH","HIGH","HETB"
94217,"Tuba_City_VORTAC_US","TBC","Tuba City","VORTAC",113500,36.121299743652344,-111.2699966430664,5045,"US",113500,"082X",,,,15.001,11.446,"BOTH","HIGH",
94219,"Tailem Bend (DECOMMISSIONED)_VOR_AU","TBD","Tailem Bend (DECOMMISSIONED)","VOR",116600,-35.243301391602,139.50999450684,,"AU",,,,,,8,8.4,"BOTH","HIGH",
94220,"Tibby_VORTAC_US","TBD","Tibby","VORTAC",112000,29.6643009185791,-90.8291015625,10,"US",112000,"057X",,,,2.002,1.035,"BOTH","MEDIUM",
94222,"Tobe_VORTAC_US","TBE","Tobe","VORTAC",111200,37.25870132446289,-103.5999984741211,5730,"US",111200,"049X",,,,12.001,8.389,"BOTH","MEDIUM","US-10535"
94223,"Memanbetsu_VOR-DME_JP","TBE","Memanbetsu","VOR-DME",110850,43.8848991394043,144.16600036621094,132,"JP",110850,"045Y",,,,-9.011,-8.543,"BOTH","HIGH","RJCM"
94225,"Taboga_Island_VOR-DME_PA","TBG","Taboga Island","VOR-DME",110000,8.787569999694824,-79.56199645996094,999,"PA",110000,"037X",,,,,-2.437,"BOTH","HIGH","MPTO"
94227,"Tabuk_VORTAC_SA","TBK","Tabuk","VORTAC",115700,28.367300033569336,36.606998443603516,2569,"SA",115700,"104X",,,,2.007,3.224,"BOTH","HIGH","OETB"
94228,"Tabarka_VOR-DME_TN","TBK","Tabarka","VOR-DME",113300,36.97819900512695,8.883580207824707,236,"TN",113300,"080X",,,,0.007,0.581,"BOTH","HIGH","DTKA"
94229,"Forney_VOR_US","TBN","Forney","VOR",110000,37.742401123046875,-92.13899993896484,1175,"US",,,,,,3.001,1.123,"LO","MEDIUM","KTBN"
94230,"Tabon_VOR-DME_CL","TBN","Tabon","VOR-DME",113900,-32.91830062866211,-70.83719635009766,4270,"CL",113900,"086X",,,,4.007,3.226,"BOTH","HIGH",
94231,"Trabzon_VOR-DME_TR","TBN","Trabzon","VOR-DME",114900,40.99530029296875,39.79560089111328,36,"TR",114900,"096X",,,,3.007,5.176,"BOTH","HIGH","LTCG"
94233,"Tarbes_VOR_FR","TBO","Tarbes","VOR",113900,43.33219909667969,0.1457500010728836,1020,"FR",,,,,,-3.007,-1.168,"RNAV","HIGH","LFBT"
94236,"Tebessa_VOR-DME_DZ","TBS","Tebessa","VOR-DME",114500,35.45669937133789,8.068610191345215,2605,"DZ",114500,"092X",,,,-2.007,0.479,"BOTH","HIGH","DABS"
94237,"Tbilisi_VOR-DME_GE","TBS","Tbilisi","VOR-DME",113700,41.65060043334961,44.97439956665039,1600,"GE",113700,"084X",,,,5.007,5.43,"BOTH","HIGH",
94239,"Tombouctou_VOR-DME_ML","TBT","Tombouctou","VOR-DME",117300,16.733999252319336,-3.0033600330352783,863,"ML",117300,"120X",,,,,-3.072,"BOTH","HIGH","GATB"
94241,"Fua_Amotu_VOR-DME_TO","TBU","Fua Amotu","VOR-DME",114500,-21.2455997467041,-175.14700317382812,22,"TO",114500,"092X",,,,13.007,13.259,"BOTH","HIGH","NFTF"
94245,"Tabriz_VORTAC_IR","TBZ","Tabriz","VORTAC",112000,38.13909912109375,46.230899810791016,4490,"IR",112000,"057X",,,,4.001,4.485,"BOTH","HIGH","OITT"
94251,"Tacna_VOR-DME_PE","TCA","Tacna","VOR-DME",116800,-18.057899475097656,-70.27629852294922,1277,"PE",116800,"115X",,,,-1.007,-3.269,"BOTH","HIGH","SPTN"
94252,"Tucumcari_VORTAC_US","TCC","Tucumcari","VORTAC",113600,35.182098388671875,-103.5989990234375,4070,"US",113600,"083X",,,,12.001,8.286,"BOTH","HIGH","KTCC"
94253,"Wasatch_VORTAC_US","TCH","Wasatch","VORTAC",116800,40.85029983520508,-111.98200225830078,4220,"US",116800,"115X",,,,16.001,12.529,"BOTH","HIGH","KSLC"
94255,"Mcchord_VORTAC_US","TCM","Mcchord","VORTAC",109600,47.147701263427734,-122.4749984741211,284,"US",109600,"033X",,,,22.001,17.33,"BOTH","LOW","KTCM"
94256,"Temuco_VOR-DME_CL","TCO","Temuco","VOR-DME",114100,-38.76639938354492,-72.63079833984375,303,"CL",114100,"088X",,,,7.007,7.595,"BOTH","HIGH","SCTC"
94257,"Tumaco_VOR-DME_CO","TCO","Tumaco","VOR-DME",114000,1.8147300481796265,-78.74800109863281,3,"CO",114000,"087X",,,,,-1.554,"BOTH","HIGH","SKCO"
94260,"Truth_Or_Consequences_VORTAC_US","TCS","Truth Or Consequences","VORTAC",112700,33.282501220703125,-107.28099822998047,4905,"US",112700,"074X",,,,13.001,9.531,"BOTH","HIGH","KTCS"
94263,"Moundou_VOR_TD","TD","Moundou","VOR",114700,8.637080192565918,16.0802001953125,1420,"TD",,,,,,,-0.212,"BOTH","HIGH","FTTD"
94264,"Tambacounda_VOR_SN","TD","Tambacounda","VOR",114500,13.727700233459473,-13.663999557495117,177,"SN",,,,,,-9.007,-7.251,"BOTH","HIGH","GOTT"
94272,"Thedford_VOR-DME_US","TDD","Thedford","VOR-DME",108600,41.9817008972168,-100.71900177001953,3180,"US",108600,"023X",,,,9.001,7.138,"LO","MEDIUM",
94274,"Tindouf_VOR-DME_DZ","TDF","Tindouf","VOR-DME",114200,27.710100173950195,-8.130889892578125,1363,"DZ",114200,"089X",,,,,-3.342,"BOTH","HIGH","DAOF"
94275,"Talladega_VOR-DME_US","TDG","Talladega","VOR-DME",108800,33.575199127197266,-86.0427017211914,530,"US",108800,"025X",,,,2.001,-2.511,"LO","MEDIUM",
94277,"Tidioute_VORTAC_US","TDT","Tidioute","VORTAC",117600,41.7130012512207,-79.41729736328125,1710,"US",117600,"123X",,,,-9.002,-9.497,"LO","MEDIUM",
94282,"Teano_VOR-DME_IT","TEA","Teano","VOR-DME",112900,41.29679870605469,13.97070026397705,3300,"IT",112900,"076X",,,,1.007,2.015,"RNAV","HIGH",
94284,"Tebby_VOR-DME_SE","TEB","Tebby","VOR-DME",117100,59.531700134277344,18.20330047607422,197,"SE",117100,"118X",,,,3.001,4.199,"RNAV","HIGH",
94285,"Teterboro_VOR-DME_US","TEB","Teterboro","VOR-DME",108400,40.84870147705078,-74.06220245361328,10,"US",108400,"021X",,,,-11.001,-13.12,"LO","LOW","KTEB"
94294,"Tequesquitengo_VOR-DME_MX","TEQ","Tequesquitengo","VOR-DME",113100,18.67609977722168,-99.25530242919922,3316,"MX",113100,"078X",,,,8.004,6.045,"BOTH","HIGH","MMCB"
94295,"Tessera_VOR-DME_IT","TES","Tessera","VOR-DME",115300,45.51919937133789,12.368200302124023,6,"IT",115300,"100X",,,,,1.488,"BOTH","HIGH","LIPZ"
94298,"Tezpur_VOR-DME_IN","TEZ","Tezpur","VOR-DME",117900,26.710800170898438,92.79949951171875,240,"IN",117900,"126X",,,,0.011,-0.234,"BOTH","HIGH","VETZ"
94302,"Stanfield_VORTAC_US","TFD","Stanfield","VORTAC",114800,32.88589859008789,-111.90899658203125,1316,"US",114800,"095X",,,,12.001,11.226,"BOTH","HIGH",
94303,"Tefe_VOR-DME_BR","TFE","Tefe","VOR-DME",112900,-3.3878300189971924,-64.72799682617188,213,"BR",112900,"076X",,,,-9.007,-11.034,"BOTH","HIGH","SBTF"
94304,"Musashi_VOR-DME_JP","TFE","Musashi","VOR-DME",117700,33.48970031738281,131.72900390625,100,"JP",117700,"124X",,,,-7.011,-6.455,"BOTH","HIGH","RJFO"
94306,"Tenerife_Norte_VOR-DME_ES","TFN","Tenerife Norte","VOR-DME",117700,28.536800384521484,-16.268800735473633,3360,"ES",117700,"124X",28.5369,-16.2687,3360,-8.007,-6.299,"BOTH","HIGH","GCXO"
94307,"Tenerife_Sur_VOR-DME_ES","TFS","Tenerife Sur","VOR-DME",116400,28.002399444580078,-16.68790054321289,115,"ES",116400,"111X",28.0024,-16.6874,115,-7.007,-6.412,"BOTH","HIGH","GCTS"
94313,"Tolga_VOR-DME_NO","TGA","Tolga","VOR-DME",117400,62.46160125732422,10.878800392150879,3377,"NO",117400,"121X",,,,1.001,1.152,"RNAV","HIGH",
94315,"Nakatane_VOR-DME_JP","TGE","Nakatane","VOR-DME",115400,30.60219955444336,130.99200439453125,808,"JP",115400,"101X",,,,-7.002,-5.496,"BOTH","MEDIUM","RJFG"
94316,"Tuskegee_VOR-DME_US","TGE","Tuskegee","VOR-DME",117300,32.48460006713867,-85.66929626464844,490,"US",117300,"120X",,,,2.001,-2.555,"LO","MEDIUM",
94317,"Tanagra_VOR-DME_GR","TGG","Tanagra","VOR-DME",111800,38.33810043334961,23.55780029296875,485,"GR",111800,"055X",,,,,3.178,"TERMINAL","LOW","LGTG"
94318,"Targu_Jiu_VOR-DME_RO","TGJ","Targu Jiu","VOR-DME",115300,45.06079864501953,23.3341007232666,899,"RO",115300,"100X",,,,2.007,3.564,"TERMINAL","HIGH",
94319,"Tegel_VOR-DME_DE","TGL","Tegel","VOR-DME",112300,52.561500549316406,13.287599563598633,118,"DE",112300,"070X",,,,2.01,2.091,"BOTH","HIGH","DE-0876"
94320,"Teran_VOR-DME_MX","TGM","Teran","VOR-DME",117300,16.739999771118164,-93.17469787597656,1909,"MX",117300,"120X",,,,,3.382,"BOTH","HIGH","MMTB"
94325,"Tango_VORTAC_DE","TGO","Tango","VORTAC",112500,48.61840057373047,9.259209632873535,1213,"DE",112500,"072X",,,,0.003,1.011,"BOTH","HIGH",
94326,"Taungoo_VOR-DME_MM","TGO","Taungoo","VOR-DME",115100,19.047800064086914,96.39640045166016,150,"MM",115100,"098X",,,,0.007,-0.447,"BOTH","HIGH","VYTO"
94327,"Tongliao_VOR-DME_CN","TGO","Tongliao","VOR-DME",116300,43.560001373291016,122.197998046875,612,"CN",116300,"110X",,,,,-8.473,"BOTH","HIGH",
94331,"Dalsung_VORTAC_KR","TGU","Dalsung","VORTAC",112200,35.810001373291016,128.59100341796875,2142,"KR",112200,"059X",,,,-7.011,-7.239,"BOTH","HIGH","RKTN"
94332,"Touggourt_VOR-DME_DZ","TGU","Touggourt","VOR-DME",113200,33.05690002441406,6.0886101722717285,279,"DZ",113200,"079X",,,,,0.19,"BOTH","MEDIUM","DAUK"
94333,"Tuxtla_VOR-DME_MX","TGZ","Tuxtla","VOR-DME",113900,16.771799087524414,-93.34770202636719,3451,"MX",113900,"086X",,,,6.003,3.428,"BOTH","HIGH","MMTG"
94334,"Tathong_Point_VOR-DME_HK","TH","Tathong Point","VOR-DME",115500,22.23900032043457,114.28900146484375,191,"HK",115500,"102X",,,,-2.011,-2.155,"TERMINAL","LOW","VHHH"
94342,"Tajima_VOR-DME_JP","THE","Tajima","VOR-DME",110450,35.518001556396484,134.79100036621094,689,"JP",110450,"041Y",,,,-7.011,-7.212,"BOTH","HIGH","RJBT"
94344,"Turukhansk_VOR-DME_RU","THN","Turukhansk","VOR-DME",113700,65.7833023071289,87.93329620361328,144,"RU",113700,"084X",,,,15.007,14.123,"BOTH","HIGH",
94349,"St_Thomas_VORTAC_US","THS","St Thomas","VORTAC",115000,39.93320083618164,-77.95089721679688,2340,"US",115000,"097X",,,,-7.001,-10.211,"LO","MEDIUM",
94352,"Thule_VORTAC_GL","THT","Thule","VORTAC",111000,76.54239654541016,-68.23919677734375,1294,"GL",111000,"047X",,,,0,-55,"BOTH","HIGH","BGTL"
94353,"Three_Rivers_VORTAC_US","THX","Three Rivers","VORTAC",111400,28.5049991607666,-98.15049743652344,270,"US",111400,"051X",,,,8.012,5.272,"LO","MEDIUM",
94354,"Xieng_Khouang_VOR-DME_LA","THX","Xieng Khouang","VOR-DME",114000,19.45560073852539,103.18099975585938,3645,"LA",114000,"087X",,,,,-0.53,"BOTH","HIGH",
94359,"Chiang_Kai_Shek_VOR-DME_TW","TIA","Chiang Kai Shek","VOR-DME",114300,25.08839988708496,121.23300170898438,80,"TW",114300,"090X",,,,-3.011,-3.414,"TERMINAL","LOW","RCTP"
94361,"Chinen_VORTAC_JP","TIC","Chinen","VORTAC",114200,26.160900115966797,127.8010025024414,543,"JP",114200,"089X",26.1608,127.8,543,-3.007,-4.254,"BOTH","HIGH","ROTM"
94362,"Taif_VORTAC_SA","TIF","Taif","VORTAC",112700,21.486499786376953,40.54719924926758,4757,"SA",112700,"074X",,,,1.007,2.396,"BOTH","HIGH","OETF"
94365,"Tijuana_VOR-DME_MX","TIJ","Tijuana","VOR-DME",116500,32.540401458740234,-116.9530029296875,489,"MX",116500,"112X",,,,14.004,12.319,"BOTH","HIGH","MMTJ"
94367,"Tikal_VOR-DME_GT","TIK","Tikal","VOR-DME",113300,16.91900062561035,-89.87650299072266,427,"GT",113300,"080X",,,,2.007,1.567,"BOTH","HIGH","MGTK"
94370,"Timehri_VOR-DME_GY","TIM","Timehri","VOR-DME",113500,6.492269992828369,-58.2577018737793,95,"GY",113500,"082X",,,,-11.007,-15.368,"BOTH","HIGH","SYCJ"
94372,"Timimoun_VOR-DME_DZ","TIO","Timimoun","VOR-DME",112800,29.22610092163086,0.25809401273727417,1032,"DZ",112800,"075X",,,,-3.007,-1.061,"BOTH","HIGH","DAUT"
94373,"El_Coco_VOR-DME_CR","TIO","El Coco","VOR-DME",115700,9.983610153198242,-84.23609924316406,3021,"CR",115700,"104X",,,,,-0.042,"BOTH","HIGH","MROC"
94376,"Tiree_VOR-DME_GB","TIR","Tiree","VOR-DME",117700,56.49319839477539,-6.8755598068237305,36,"GB",117700,"124X",,,,-7.001,-6.098,"BOTH","HIGH","EGPU"
94378,"Thiers_VOR-DME_FR","TIS","Thiers","VOR-DME",117500,45.88180160522461,3.5535800457000732,2258,"FR",117500,"122X",,,,-2.007,-0.274,"BOTH","HIGH",
94387,"Ngaoundere_VOR_CM","TJN","Ngaoundere","VOR",112700,7.3300700187683105,13.548199653625488,3652,"CM",,,,,,,-1.03,"HI","HIGH","FKKN"
94390,"Garoua_VOR-DME_CM","TJR","Garoua","VOR-DME",112300,9.334360122680664,13.344599723815918,794,"CM",112300,"070X",,,,,-0.464,"BOTH","HIGH","FKKR"
94401,"Talkeetna_VOR-DME_US","TKA","Talkeetna","VOR-DME",116200,62.29869842529297,-150.1060028076172,360,"US",116200,"109X",,,,26.001,20.367,"BOTH","HIGH","PATK"
94404,"Tokunoshima_VOR-DME_JP","TKE","Tokunoshima","VOR-DME",110450,27.824800491333008,128.8820037841797,48,"JP",110450,"041Y",,,,-5.011,-4.565,"TERMINAL","HIGH","RJKN"
94405,"Bandar_Lampung_VOR-DME_ID","TKG","Bandar Lampung","VOR-DME",115000,-5.260169982910156,105.19400024414062,524,"ID",115000,"097X",,,,0.007,0.299,"BOTH","HIGH","WILL"
94409,"Mankato_VORTAC_US","TKO","Mankato","VORTAC",109800,39.806400299072266,-98.26000213623047,1880,"US",109800,"035X",,,,10.001,5.324,"LO","MEDIUM",
94411,"Tashkent_VOR-DME_UZ","TKT","Tashkent","VOR-DME",113200,41.2599983215332,69.29000091552734,1414,"UZ",113200,"079X",,,,5.007,4.508,"BOTH","HIGH","UTTT"
94415,"Townsville_VOR-DME_AU","TL","Townsville","VOR-DME",114100,-19.2450008392334,146.75799560546875,36,"AU",114100,"088X",,,,7.007,7.45,"BOTH","HIGH","YBTL"
94424,"Tulcea_VOR-DME_RO","TLA","Tulcea","VOR-DME",114800,45.07870101928711,28.70949935913086,278,"RO",114800,"095X",,,,,4.5,"BOTH","HIGH","LRTC"
94425,"Talla_VOR-DME_GB","TLA","Talla","VOR-DME",113800,55.49919891357422,-3.3527801036834717,2786,"GB",113800,"085X",,,,-5.001,-4.198,"BOTH","HIGH",
94427,"Toluca_VOR-DME_MX","TLC","Toluca","VOR-DME",114300,19.352399826049805,-99.57160186767578,8466,"MX",114300,"090X",,,,8.002,6.104,"BOTH","HIGH","MMTO"
94430,"Toledo_VOR-DME_ES","TLD","Toledo","VOR-DME",113200,39.96950149536133,-4.337470054626465,1946,"ES",113200,"079X",39.9695,-4.3374,1946,-3.007,-2.266,"BOTH","HIGH",
94431,"Tamale_VOR-DME_GH","TLE","Tamale","VOR-DME",116900,9.573490142822266,-0.8471390008926392,553,"GH",116900,"116X",,,,,-3.528,"BOTH","HIGH","DGLE"
94432,"Ami_VOR-DME_JP","TLE","Ami","VOR-DME",116000,36.02119827270508,140.20599365234375,114,"JP",116000,"107X",,,,-7.011,-6.585,"BOTH","HIGH",
94433,"Tallinn_VOR-DME_EE","TLL","Tallinn","VOR-DME",112200,59.41130065917969,24.83839988708496,157,"EE",112200,"059X",,,,6.007,6.528,"RNAV","HIGH","EETN"
94434,"Tlemcen_VOR-DME_DZ","TLM","Tlemcen","VOR-DME",116500,35.035301208496094,-1.3880599737167358,1001,"DZ",116500,"112X",,,,,-1.242,"BOTH","HIGH","DAON"
94446,"Tacuarembo_VOR_UY","TMB","Tacuarembo","VOR",112600,-31.75029945373535,-55.92390060424805,440,"UY",,,,,,,-10.402,"LO","HIGH","SUTB"
94447,"Tamdybulak_VOR-DME_UZ","TMD","Tamdybulak","VOR-DME",114000,41.75,64.63330078125,600,"UZ",114000,"087X",,,,5.007,5.244,"BOTH","MEDIUM",
94448,"Tomo_VOR-DME_JP","TME","Tomo","VOR-DME",116400,34.280399322509766,135.00599670410156,425,"JP",116400,"111X",,,,-7.011,-6.553,"BOTH","LOW","RJBB"
94450,"Timika_VOR-DME_ID","TMK","Timika","VOR-DME",112700,-4.517000198364258,136.86700439453125,103,"ID",112700,"074X",,,,3.007,3.329,"BOTH","HIGH","WABP"
94451,"Tamuin_VOR-DME_MX","TMN","Tamuin","VOR-DME",113300,22.03849983215332,-98.80789947509766,164,"MX",113300,"080X",,,,9.007,5.489,"BOTH","HIGH","MMTN"
94452,"Tumeremo_VOR-DME_VE","TMO","Tumeremo","VOR-DME",114400,7.250830173492432,-61.516998291015625,344,"VE",114400,"091X",,,,,-14.005,"BOTH","HIGH","SVTM"
94455,"Thumrait_VORTAC_OM","TMR","Thumrait","VORTAC",115300,17.66819953918457,54.025699615478516,1570,"OM",115300,"100X",,,,,0.298,"TERMINAL","LOW","OOTH"
94456,"Tumurtai_VOR-DME_CN","TMR","Tumurtai","VOR-DME",113300,41.845001220703125,113.1500015258789,4908,"CN",113300,"080X",,,,,-5.407,"BOTH","HIGH",
94457,"Tamanrasset_VOR-DME_DZ","TMS","Tamanrasset","VOR-DME",112500,22.84280014038086,5.464719772338867,4461,"DZ",112500,"072X",,,,-3.007,-0.264,"BOTH","HIGH","DAAT"
94460,"Tindal_VOR_AU","TN","Tindal","VOR",112300,-14.519200325012207,132.37100219726562,443,"AU",,,,,,4.007,3.554,"BOTH","HIGH","YPTN"
94474,"Tanger_VOR-DME_MA","TNG","Tanger","VOR-DME",115900,35.72890090942383,-5.890830039978027,105,"MA",115900,"106X",,,,-4.007,-2.454,"BOTH","HIGH","GMTT"
94477,"Tennant_Creek_VOR-DME_AU","TNK","Tennant Creek","VOR-DME",112900,-19.6343994140625,134.18099975585938,1246,"AU",112900,"076X",,,,4.007,4.481,"BOTH","HIGH","YTNK"
94480,"Shikang_VORTAC_TW","TNN","Shikang","VORTAC",113300,23.13559913635254,120.20600128173828,42,"TW",113300,"080X",,,,-1.007,-3.075,"BOTH","HIGH","RCNN"
94481,"Trano_VOR-DME_DK","TNO","Trano","VOR-DME",117400,55.77410125732422,11.439200401306152,-12,"DK",117400,"121X",,,,1.008,1.332,"RNAV","HIGH",
94482,"Twentynine_Palms_VORTAC_US","TNP","Twentynine Palms","VORTAC",114200,34.11220169067383,-115.7699966430664,1350,"US",114200,"089X",,,,15.001,12.367,"BOTH","MEDIUM",
94483,"Toncontin_VOR-DME_HN","TNT","Toncontin","VOR-DME",112300,14.028900146484375,-87.2291030883789,3829,"HN",112300,"070X",,,,2.007,0.561,"BOTH","HIGH","MHTG"
94484,"Trent_VOR-DME_GB","TNT","Trent","VOR-DME",115700,53.05390167236328,-1.6699999570846558,968,"GB",115700,"104X",,,,-4.001,-3.08,"BOTH","HIGH",
94486,"Newton_VOR-DME_US","TNU","Newton","VOR-DME",112500,41.78379821777344,-93.10900115966797,980,"US",112500,"072X",,,,3.001,1.321,"LO","MEDIUM",
94487,"Navasota_VORTAC_US","TNV","Navasota","VORTAC",115900,30.28849983215332,-96.05819702148438,230,"US",115900,"106X",,,,8.008,4.167,"BOTH","HIGH","US-11060"
94488,"Ivato_VOR-DME_MG","TNV","Ivato","VOR-DME",114500,-18.803300857543945,47.518699645996094,4198,"MG",114500,"092X",,,,,-14.584,"BOTH","HIGH","FMMI"
94489,"Tepic_VOR-DME_MX","TNY","Tepic","VOR-DME",113900,21.42650032043457,-104.83699798583984,3020,"MX",113900,"086X",,,,9.001,7.577,"BOTH","HIGH","MMEP"
94502,"Tocopilla_VOR_CL","TOC","Tocopilla","VOR",114500,-22.139999389648438,-70.05500030517578,3475,"CL",,,,,,,-2.117,"BOTH","HIGH","SCBE"
94503,"Tocto_VOR_PE","TOC","Tocto","VOR",116900,-13.356200218200684,-74.19129943847656,14192,"PE",,,,,,,-1.427,"BOTH","MEDIUM",
94504,"Toyama_VOR-DME_JP","TOE","Toyama","VOR-DME",110850,36.652198791503906,137.1909942626953,116,"JP",110850,"045Y",,,,-8.011,-7.339,"BOTH","HIGH","RJNT"
94506,"Tempelhof_VOR-DME_DE","TOF","Tempelhof","VOR-DME",114100,52.47309875488281,13.405400276184082,199,"DE",114100,"088X",,,,2.01,2.112,"BOTH","HIGH","DE-0456"
94509,"Tokua_VOR-DME_PG","TOK","Tokua","VOR-DME",113600,-4.346499919891357,152.3979949951172,32,"PG",113600,"083X",,,,6.007,6.432,"BOTH","HIGH","AYTK"
94512,"Tonglu_VOR-DME_CN","TOL","Tonglu","VOR-DME",115900,29.7632999420166,119.65799713134766,171,"CN",115900,"106X",,,,,-4.377,"BOTH","HIGH",
94514,"Tyrone_VORTAC_US","TON","Tyrone","VORTAC",114900,40.73509979248047,-78.331298828125,2630,"US",114900,"096X",,,,-7.001,-10.194,"LO","MEDIUM",
94515,"Tozeur_VOR-DME_TN","TON","Tozeur","VOR-DME",117000,33.941001892089844,8.100390434265137,289,"TN",117000,"117X",,,,-2.007,0.437,"BOTH","HIGH","DTTZ"
94517,"Topeka_VORTAC_US","TOP","Topeka","VORTAC",117800,39.13710021972656,-95.54910278320312,1070,"US",117800,"125X",,,,5.006,3.384,"LO","MEDIUM","KFOE"
94518,"Torino_VOR-DME_IT","TOP","Torino","VOR-DME",114500,44.92539978027344,7.861660003662109,866,"IT",114500,"092X",,,,0.007,0.451,"BOTH","HIGH","LIMF"
94520,"Torp_VOR-DME_NO","TOR","Torp","VOR-DME",113850,59.16910171508789,10.259300231933594,269,"NO",113850,"085Y",,,,0.007,1.017,"RNAV","HIGH","ENTO"
94524,"Tatoosh_VORTAC_US","TOU","Tatoosh","VORTAC",112200,48.29990005493164,-124.62699890136719,1650,"US",112200,"059X",,,,22.001,18.191,"BOTH","HIGH",
94525,"Toulouse_VOR-DME_FR","TOU","Toulouse","VOR-DME",117700,43.68080139160156,1.3098100423812866,555,"FR",117700,"124X",,,,-2.007,-0.575,"BOTH","HIGH","LFBO"
94527,"Troy_VORTAC_US","TOY","Troy","VORTAC",116000,38.739200592041016,-89.9186019897461,570,"US",116000,"107X",,,,4.001,-0.39,"LO","MEDIUM","KALN"
94528,"Tongoy_VOR-DME_CL","TOY","Tongoy","VOR-DME",115500,-30.276399612426758,-71.47360229492188,200,"CL",115500,"102X",,,,4.007,2.366,"BOTH","HIGH",
94539,"Tanjung_Pinang_VOR-DME_ID","TPG","Tanjung Pinang","VOR-DME",114800,0.903544008731842,104.51499938964844,132,"ID",114800,"095X",,,,0.011,0.202,"BOTH","HIGH","WIDN"
94540,"Tonopah_VORTAC_US","TPH","Tonopah","VORTAC",117200,38.03070068359375,-117.03399658203125,5330,"US",117200,"119X",,,,17.001,13.468,"LO","MEDIUM","0L5"
94541,"Tripoli_VOR-DME_LY","TPI","Tripoli","VOR-DME",114500,32.662498474121094,13.155599594116211,263,"LY",114500,"092X",,,,0.007,1.297,"BOTH","HIGH","LY-0019"
94542,"Temple_VOR-DME_US","TPL","Temple","VOR-DME",110400,31.209299087524414,-97.42500305175781,710,"US",110400,"041X",,,,9.008,5.03,"LO","MEDIUM","TS92"
94543,"Topola_VOR-DME_RS","TPL","Topola","VOR-DME",116800,44.14350128173828,20.744400024414062,1526,"RS",116800,"115X",,,,2.007,3.237,"BOTH","HIGH",
94546,"Tanjung_Pandan_VOR-DME_ID","TPN","Tanjung Pandan","VOR-DME",116700,-2.7245399951934814,107.75299835205078,20,"ID",116700,"114X",,,,1.007,0.496,"BOTH","HIGH","WIOD"
94550,"Tapiosap_VOR-DME_HU","TPS","Tapiosap","VOR-DME",115900,47.49330139160156,19.446199417114258,839,"HU",115900,"106X",,,,2.007,3.265,"BOTH","HIGH","LHBP"
94555,"Tuscola_VOR-DME_US","TQA","Tuscola","VOR-DME",111600,32.23569869995117,-99.81680297851562,2018,"US",111600,"053X",,,,10.012,6.227,"LO","MEDIUM","KDYS"
94557,"Tekamah_VOR_US","TQE","Tekamah","VOR",108400,41.75960159301758,-96.17859649658203,1030,"US",,,,,,7.001,3.584,"TERMINAL","LOW",
94560,"Tres_Esquinas_VOR-DME_CO","TQS","Tres Esquinas","VOR-DME",114200,0.7420420050621033,-75.2333984375,675,"CO",114200,"089X",,,,-2.007,-4.075,"LO","HIGH","SKTQ"
94562,"Tory_VOR-DME_NZ","TR","Tory","VOR-DME",114600,-41.18579864501953,174.36199951171875,230,"NZ",114600,"093X",,,,22.007,21.565,"BOTH","HIGH",
94575,"Treblo_VOR_PL","TRB","Treblo","VOR",115400,54.210601806640625,17.073299407958984,,"PL",,,,,,3.007,3.237,"BOTH","HIGH",
94576,"Tiaret_VOR-DME_DZ","TRB","Tiaret","VOR-DME",116300,35.347801208496094,1.5149999856948853,2902,"DZ",116300,"110X",,,,,-0.387,"BOTH","HIGH","DAOB"
94578,"Rio_Cuarto_VOR_AR","TRC","Rio Cuarto","VOR",114200,-33.092201232910156,-64.26499938964844,1378,"AR",,,,,,0.007,-2.318,"BOTH","HIGH","SAOC"
94579,"Torreon_VOR-DME_MX","TRC","Torreon","VOR-DME",116400,25.56399917602539,-103.40799713134766,3688,"MX",116400,"111X",,,,9.002,7.424,"BOTH","HIGH","MMTC"
94580,"Trelew_VOR-DME_AR","TRE","Trelew","VOR-DME",115100,-43.20249938964844,-65.24720001220703,141,"AR",115100,"098X",,,,5.007,4.084,"BOTH","HIGH","SAVT"
94581,"Tottori_VOR-DME_JP","TRE","Tottori","VOR-DME",110200,35.52730178833008,134.1649932861328,115,"JP",110200,"039X",,,,-7.011,-7.231,"BOTH","LOW","RJOR"
94584,"Turaif_VOR-DME_SA","TRF","Turaif","VOR-DME",116100,31.693300247192383,38.73469924926758,2808,"SA",116100,"108X",,,,2.007,3.433,"BOTH","HIGH","OETR"
94586,"Trinidad_VOR-DME_BO","TRI","Trinidad","VOR-DME",115900,-14.799099922180176,-64.93840026855469,509,"BO",115900,"106X",,,,-6.007,-8.523,"BOTH","HIGH","SLTR"
94589,"Tarakan_VOR-DME_ID","TRK","Tarakan","VOR-DME",116600,3.3256099224090576,117.56199645996094,20,"ID",116600,"113X",,,,1.011,0.396,"BOTH","HIGH","WALR"
94591,"Tripolis_VOR-DME_GR","TRL","Tripolis","VOR-DME",116200,37.4026985168457,22.339599609375,3429,"GR",116200,"109X",,,,2.007,3.036,"BOTH","HIGH","LGTP"
94593,"Thermal_VORTAC_US","TRM","Thermal","VORTAC",116200,33.62810134887695,-116.16000366210938,-87,"US",116200,"109X",,,,13.001,12.34,"BOTH","HIGH",
94595,"Tres_Marias_VOR-DME_BR","TRM","Tres Marias","VOR-DME",114700,-18.20319938659668,-45.457000732421875,2835,"BR",114700,"094X",,,,-20.009,-21.122,"BOTH","HIGH","SNAS"
94596,"Trondheim_VOR-DME_NO","TRM","Trondheim","VOR-DME",112500,63.525901794433594,10.89009952545166,1954,"NO",112500,"072X",,,,0.001,1.153,"RNAV","HIGH","ENVA"
94597,"Tirana_VOR-DME_AL","TRN","Tirana","VOR-DME",117700,41.416099548339844,19.71820068359375,125,"AL",117700,"124X",,,,,3.003,"BOTH","HIGH","LATI"
94598,"Tehran_VOR-DME_IR","TRN","Tehran","VOR-DME",115300,35.696998596191406,51.28379821777344,3987,"IR",115300,"100X",,,,3.501,4.028,"BOTH","HIGH","OIII"
94599,"Trang_VOR-DME_TH","TRN","Trang","VOR-DME",116600,7.50894021987915,99.6259994506836,67,"TH",116600,"113X",,,,0.007,-0.26,"BOTH","HIGH","VTST"
94600,"Turnberry_VOR-DME_GB","TRN","Turnberry","VOR-DME",117500,55.31330108642578,-4.7838897705078125,600,"GB",117500,"122X",,,,-5.001,-4.549,"BOTH","HIGH",
94601,"Troyes_VOR_FR","TRO","Troyes","VOR",116000,48.25120162963867,3.9631400108337402,859,"FR",,,,,,-2.007,-0.306,"BOTH","HIGH","LFQB"
94602,"Tromso_VOR-DME_NO","TRO","Tromso","VOR-DME",113800,69.70279693603516,18.99679946899414,545,"NO",113800,"085X",,,,3.001,6.17,"RNAV","HIGH","ENTC"
94605,"Trapani_VORTAC_IT","TRP","Trapani","VORTAC",108800,37.895999908447266,12.513199806213379,128,"IT",108800,"025X",,,,0.007,1.388,"RNAV","HIGH","LICT"
94610,"Trosa_VOR-DME_SE","TRS","Trosa","VOR-DME",114300,58.93790054321289,17.502199172973633,213,"SE",114300,"090X",,,,3.001,3.591,"RNAV","HIGH",
94612,"Trent_VOR-DME_DE","TRT","Trent","VOR-DME",108450,54.51100158691406,13.249300003051758,41,"DE",108450,"021Y",,,,,2.137,"BOTH","HIGH",
94614,"Trujillo_VOR-DME_PE","TRU","Trujillo","VOR-DME",116300,-8.087220191955566,-79.11219787597656,100,"PE",116300,"110X",,,,1.007,0.276,"BOTH","HIGH","SPRU"
94617,"Trzebnica_VOR-DME_PL","TRZ","Trzebnica","VOR-DME",113600,51.30820083618164,17.114299774169922,787,"PL",113600,"083X",,,,1.007,3.114,"BOTH","HIGH","EPWR"
94618,"Termez_VOR-DME_UZ","TRZ","Termez","VOR-DME",113400,37.28499984741211,67.30670166015625,1026,"UZ",113400,"081X",,,,3.007,3.337,"BOTH","HIGH","UTST"
94626,"Tokushima_VORTAC_JP","TSC","Tokushima","VORTAC",114900,34.130001068115234,134.61000061035156,46,"JP",114900,"096X",34.13,134.609,46,-7.011,-6.536,"BOTH","HIGH","RJOS"
94629,"Thessaloniki_VOR-DME_GR","TSL","Thessaloniki","VOR-DME",112100,40.45690155029297,22.991100311279297,665,"GR",112100,"058X",,,,1.007,3.247,"BOTH","HIGH","LGTS"
94630,"Tansonnhat_VOR-DME_VN","TSN","Tansonnhat","VOR-DME",116700,10.816399574279785,106.64600372314453,52,"VN",116700,"114X",,,,0.007,-0.132,"BOTH","HIGH","VVTS"
94635,"Toussus_VOR_FR","TSU","Toussus","VOR",108250,48.753700256347656,2.1023600101470947,547,"FR",,,,,,-3.007,-1.091,"BOTH","HIGH","LFPN"
94640,"Toyota_VOR-DME_JP","TTE","Toyota","VOR-DME",117200,34.19070053100586,131.01600646972656,2234,"JP",117200,"119X",,,,-7.011,-6.588,"BOTH","HIGH",
94641,"Tule_VOR-DME_US","TTE","Tule","VOR-DME",109200,35.91310119628906,-119.02100372314453,580,"US",109200,"029X",,,,16.001,13.422,"LO","MEDIUM",
94642,"Terre_Haute_VORTAC_US","TTH","Terre Haute","VORTAC",115300,39.48899841308594,-87.2490005493164,610,"US",115300,"100X",,,,2.001,-2.567,"BOTH","HIGH","KHUF"
94643,"Noria_VOR-DME_MX","TTM","Noria","VOR-DME",114400,22.96780014038086,-99.77269744873047,3750,"MX",114400,"091X",,,,8.007,6.124,"BOTH","HIGH",
94644,"Tetouan_VOR-DME_MA","TTN","Tetouan","VOR-DME",117300,35.595001220703125,-5.3247199058532715,49,"MA",117300,"120X",,,,,-2.344,"BOTH","HIGH","GMTN"
94645,"Tirupati_VOR-DME_IN","TTP","Tirupati","VOR-DME",115700,13.634400367736816,79.53910064697266,349,"IN",115700,"104X",,,,-2.011,-1.422,"BOTH","HIGH","VOTP"
94647,"Tiruchirappalli_VOR-DME_IN","TTR","Tiruchirappalli","VOR-DME",113100,10.762399673461914,78.7134017944336,311,"IN",113100,"078X",,,,-2.011,-2.094,"BOTH","HIGH","VOTR"
94651,"Maverick_VOR-DME_US","TTT","Maverick","VOR-DME",113100,32.86920166015625,-97.04049682617188,540,"US",113100,"078X",,,,6.008,4.486,"BOTH","HIGH",
94665,"Tucuman_VOR-DME_AR","TUC","Tucuman","VOR-DME",114100,-26.845800399780273,-65.1082992553711,1483,"AR",114100,"088X",,,,-2.007,-4.433,"BOTH","HIGH","SANT"
94666,"Tunis_VOR-DME_TN","TUC","Tunis","VOR-DME",116500,36.851600646972656,10.230299949645996,53,"TN",116500,"112X",,,,0.007,1.128,"BOTH","HIGH","DTTA"
94669,"Tuguegarao_VOR-DME_PH","TUG","Tuguegarao","VOR-DME",112100,17.63330078125,121.73600006103516,8,"PH",112100,"058X",,,,0.007,-1.599,"BOTH","HIGH","RPUT"
94670,"Tucurui_VOR-DME_BR","TUI","Tucurui","VOR-DME",112900,-3.801340103149414,-49.72129821777344,830,"BR",112900,"076X",,,,-18.007,-19.298,"BOTH","HIGH","SBTU"
94672,"Tulsa_VORTAC_US","TUL","Tulsa","VORTAC",114400,36.1963005065918,-95.78810119628906,770,"US",114400,"091X",,,,8.001,3.561,"BOTH","HIGH",
94673,"Tocumen_VOR-DME_PA","TUM","Tocumen","VOR-DME",117100,9.051560401916504,-79.40010070800781,135,"PA",117100,"118X",,,,-1.007,-2.529,"BOTH","HIGH","MPTO"
94674,"Tulln_VOR-DME_AT","TUN","Tulln","VOR-DME",111400,48.30970001220703,15.980799674987793,640,"AT",111400,"051X",,,,,2.436,"BOTH","HIGH","LOXT"
94681,"Tucson_VORTAC_US","TUS","Tucson","VORTAC",116000,32.09519958496094,-110.91500091552734,2672,"US",116000,"107X",,,,12.001,10.571,"BOTH","HIGH",
94682,"Pago_Pago_VORTAC_AS","TUT","Pago Pago","VORTAC",112500,-14.332599639892578,-170.70799255371094,31,"AS",112500,"072X",,,,12.007,11.327,"BOTH","HIGH","NSTU"
94684,"Charallave_VOR-DME_VE","TUY","Charallave","VOR-DME",115200,10.295000076293945,-66.79730224609375,1694,"VE",115200,"099X",,,,-9.007,-11.143,"BOTH","HIGH","SVCS"
94686,"Athi_River_VOR_KE","TV","Athi River","VOR",115500,-1.503440022468567,37.02119827270508,,"KE",,,,,,0.001,-0.011,"TERMINAL","LOW","HKJK"
94693,"Traverse_City_VORTAC_US","TVC","Traverse City","VORTAC",114600,44.66790008544922,-85.55000305175781,910,"US",114600,"093X",,,,-2.001,-5.392,"BOTH","HIGH","KTVC"
94695,"Thief_River_Falls_VOR-DME_US","TVF","Thief River Falls","VOR-DME",108400,48.06930160522461,-96.1865005493164,1110,"US",108400,"021X",,,,8.001,3.293,"LO","MEDIUM",
94700,"Trivandrum_VOR-DME_IN","TVM","Trivandrum","VOR-DME",115100,8.474809646606445,76.92469787597656,15,"IN",115100,"098X",,,,-3.011,-2.359,"BOTH","HIGH","VOTV"
94701,"Tiverton_VOR-DME_US","TVT","Tiverton","VOR-DME",116500,40.45800018310547,-82.12680053710938,1340,"US",116500,"112X",,,,-3.001,-7.209,"LO","MEDIUM",
94704,"Tamworth_VOR-DME_AU","TW","Tamworth","VOR-DME",116000,-31.066200256347656,150.8300018310547,1344,"AU",116000,"107X",,,,11.007,11.339,"BOTH","HIGH","YSTW"
94711,"Twin_Falls_VORTAC_US","TWF","Twin Falls","VORTAC",115800,42.47990036010742,-114.48899841308594,4140,"US",115800,"105X",,,,18.001,14.067,"BOTH","MEDIUM","KTWF"
94723,"Thurman_VORTAC_US","TXC","Thurman","VORTAC",112900,39.698299407958984,-103.21499633789062,4893,"US",112900,"076X",,,,12.001,8.382,"LO","MEDIUM","US-11201"
94724,"Texarkana_VORTAC_US","TXK","Texarkana","VORTAC",116300,33.51390075683594,-94.07319641113281,270,"US",116300,"110X",,,,7.001,2.545,"BOTH","HIGH",
94725,"Texico_VORTAC_US","TXO","Texico","VORTAC",112200,34.49509811401367,-102.83999633789062,4060,"US",112200,"059X",,,,11.012,8.03,"BOTH","HIGH",
94731,"Cotonou_VOR-DME_BJ","TYE","Cotonou","VOR-DME",113300,6.36214017868042,2.393249988555908,39,"BJ",113300,"080X",,,,,-3.479,"BOTH","HIGH","DBBB"
94732,"Sakura_VOR-DME_JP","TYE","Sakura","VOR-DME",112700,35.783599853515625,140.26300048828125,97,"JP",112700,"074X",,,,-7.007,-6.53,"BOTH","HIGH","RJAA"
94733,"Tar_River_VORTAC_US","TYI","Tar River","VORTAC",117800,35.97669982910156,-77.70379638671875,70,"US",117800,"125X",,,,-5.001,-9.26,"BOTH","MEDIUM","KRWI"
94737,"Taiyuan_VOR-DME_CN","TYN","Taiyuan","VOR-DME",113100,37.75170135498047,112.62000274658203,2577,"CN",113100,"078X",,,,,-4.457,"BOTH","HIGH","ZBYN"
94739,"Tyler_VOR-DME_US","TYR","Tyler","VOR-DME",114200,32.355899810791016,-95.40350341796875,540,"US",114200,"089X",,,,6.012,3.491,"LO","LOW","KTYR"
94748,"Takamatsu_VORTAC_JP","TZC","Takamatsu","VORTAC",117500,34.32640075683594,133.9530029296875,1607,"JP",117500,"122X",34.3262,133.954,1607,-7.011,-6.593,"BOTH","HIGH","RJOT"
94750,"Tianzhen_VOR-DME_CN","TZH","Tianzhen","VOR-DME",115600,40.41170120239258,114.05000305175781,3268,"CN",115600,"103X",,,,,-5.425,"BOTH","HIGH",
94753,"Tuzkoy_VOR-DME_TR","TZK","Tuzkoy","VOR-DME",115300,38.76750183105469,34.54079818725586,3100,"TR",115300,"100X",,,,,4.305,"BOTH","HIGH","LTAZ"
94755,"Trezzo_VOR-DME_IT","TZO","Trezzo","VOR-DME",117250,45.559299468994,9.5071897506714,500,"IT",117250,"055X",,,,,1,"BOTH","HIGH",
94760,"Travis_VOR_US","TZZ","Travis","VOR",116400,38.344200134277344,-121.81099700927734,32,"US",,,,,,17.001,14.487,"LO","MEDIUM","KSUU"
94779,"Sihuas_VOR_PE","UAS","Sihuas","VOR",113500,-16.3710994720459,-72.13359832763672,,"PE",,,,,,-1.007,-2.267,"BOTH","HIGH",
94789,"Ube_VOR-DME_JP","UBE","Ube","VOR-DME",110800,33.93560028076172,131.28399658203125,64,"JP",110800,"045X",,,,-7.011,-6.542,"BOTH","HIGH","RJDC"
94791,"Newberg_VOR-DME_US","UBG","Newberg","VOR-DME",117400,45.35319900512695,-122.97799682617188,1440,"US",117400,"121X",,,,21.001,17.031,"BOTH","HIGH",
94793,"Ubon_VOR-DME_TH","UBL","Ubon","VOR-DME",112700,15.245200157165527,104.86599731445312,406,"TH",112700,"074X",,,,-1.011,-0.37,"BOTH","HIGH","VTUU"
94801,"Utica_VORTAC_US","UCA","Utica","VORTAC",111200,43.0265007019043,-75.16449737548828,1420,"US",111200,"049X",,,,-12.004,-13.16,"LO","MEDIUM","US-9350"
94802,"Ciego_De_Avila_VOR-DME_CU","UCA","Ciego De Avila","VOR-DME",117400,22.015100479125977,-78.81580352783203,394,"CU",117400,"121X",,,,,-5.425,"BOTH","HIGH","MUCA"
94805,"Cienfuegos_VOR-DME_CU","UCF","Cienfuegos","VOR-DME",112300,22.154699325561523,-80.40609741210938,197,"CU",112300,"070X",,,,,-4.42,"BOTH","HIGH","MUCF"
94807,"Jardines_Del_Rey_VOR-DME_CU","UCJ","Jardines Del Rey","VOR-DME",117800,22.467500686645508,-78.31189727783203,98,"CU",117800,"125X",,,,,-6.073,"BOTH","HIGH","MUCC"
94808,"Cayo_Largo_Del_Sur_VOR-DME_CU","UCL","Cayo Largo Del Sur","VOR-DME",112100,21.604999542236328,-81.53279876708984,98,"CU",112100,"058X",,,,0.007,-3.518,"BOTH","HIGH","MUCL"
94810,"Camaguey_VOR-DME_CU","UCM","Camaguey","VOR-DME",114100,21.437400817871094,-77.80079650878906,492,"CU",114100,"088X",,,,,-6.151,"BOTH","HIGH","MUCM"
94813,"Santiago_De_Cuba_VOR-DME_CU","UCU","Santiago De Cuba","VOR-DME",113300,19.977800369262695,-75.82279968261719,197,"CU",113300,"080X",,,,-7.01,-7.14,"BOTH","HIGH","MUCU"
94816,"Ulco_VOR_ZA","UCV","Ulco","VOR",114700,-28.40999984741211,24.325599670410156,,"ZA",,,,,,,-19.455,"HI","HIGH","FAUC"
94823,"Ulaanbaatar_VOR-DME_MN","UDA","Ulaanbaatar","VOR-DME",116000,47.867698669433594,106.73400115966797,3984,"MN",116000,"107X",,,,-4.011,-4.013,"BOTH","HIGH","ZMUB"
94829,"Udon_VOR-DME_TH","UDN","Udon","VOR-DME",114300,17.38450050354004,102.7750015258789,579,"TH",114300,"090X",,,,0.007,-0.442,"BOTH","HIGH","VTUD"
94849,"Habana_VOR-DME_CU","UHA","Habana","VOR-DME",116100,22.978900909423828,-82.42669677734375,197,"CU",116100,"108X",,,,,-3.318,"BOTH","HIGH","MUHA"
94852,"Holguin_VOR-DME_CU","UHG","Holguin","VOR-DME",116800,20.798099517822266,-76.3031005859375,394,"CU",116800,"115X",,,,,-7.052,"BOTH","HIGH","MUHG"
94854,"Ukhta_VOR-DME_RU","UHT","Ukhta","VOR-DME",113800,63.560001373291016,53.79499816894531,472,"RU",113800,"085X",,,,16.007,18.226,"BOTH","HIGH",
94858,"Andalusia_VOR_US","UIA","Andalusia","VOR",110200,31.309499740600586,-86.39219665527344,330,"US",,,,,,0.001,-2.129,"BOTH","LOW",
94859,"Quibdo_VOR-DME_CO","UIB","Quibdo","VOR-DME",113200,5.692259788513184,-76.64129638671875,207,"CO",113200,"079X",,,,-4.007,-4.043,"LO","HIGH","SKUI"
94860,"Quitman_VOR-DME_US","UIM","Quitman","VOR-DME",114000,32.880401611328125,-95.3667984008789,520,"US",114000,"087X",,,,8.008,3.466,"LO","MEDIUM",
94861,"Quincy_VORTAC_US","UIN","Quincy","VORTAC",113600,39.847900390625,-91.27880096435547,710,"US",113600,"083X",,,,5.001,0.172,"BOTH","HIGH","KUIN"
94863,"San_Luis_VOR_AR","UIS","San Luis","VOR",116000,-33.26940155029297,-66.36080169677734,2329,"AR",,,,,,1.007,-0.296,"BOTH","HIGH","SAOU"
94868,"Marvell_VOR-DME_US","UJM","Marvell","VOR-DME",109600,34.57500076293945,-90.67440032958984,241,"US",109600,"033X",,,,1.011,0.27,"BOTH","MEDIUM",
94876,"Waukon_VORTAC_US","UKN","Waukon","VORTAC",116600,43.28010177612305,-91.53739929199219,1300,"US",116600,"113X",,,,5.001,0.003,"LO","MEDIUM",
94879,"Bowie_VORTAC_US","UKW","Bowie","VORTAC",112400,33.5359001159668,-97.82129669189453,1100,"US",112400,"071X",,,,6.01,5.163,"BOTH","HIGH",
94886,"Uberlandia_VOR-DME_BR","ULD","Uberlandia","VOR-DME",116100,-18.87660026550293,-48.22129821777344,3094,"BR",116100,"108X",,,,,-19.502,"LO","HIGH","SBUL"
94889,"Kukuliak_VOR-DME_US","ULL","Kukuliak","VOR-DME",117300,63.692298889160156,-170.47000122070312,380,"US",117300,"120X",,,,13.001,10.372,"BOTH","HIGH","PASA"
94891,"Tulua_VOR-DME_CO","ULQ","Tulua","VOR-DME",117700,4.090000152587891,-76.22360229492188,3132,"CO",117700,"124X",,,,-3.004,-4.036,"BOTH","HIGH","SKUL"
94895,"Elmira_VOR-DME_US","ULW","Elmira","VOR-DME",109650,42.094200134277344,-77.0248031616211,1620,"US",109650,"033Y",,,,-12.001,-11.416,"BOTH","MEDIUM","KELM"
94900,"Umea_VOR-DME_SE","UME","Umea","VOR-DME",114100,63.78860092163086,20.285200119018555,33,"SE",114100,"088X",,,,4.501,5.542,"BOTH","HIGH","ESNU"
94901,"Uromiyeh_VOR-DME_IR","UMH","Uromiyeh","VOR-DME",113500,37.687198638916016,45.08430099487305,4265,"IR",113500,"082X",,,,4.001,4.424,"BOTH","HIGH","OITR"
94906,"Manzanillo_VOR-DME_CU","UMZ","Manzanillo","VOR-DME",116000,20.302799224853516,-77.09940338134766,300,"CU",116000,"107X",,,,-4.007,-6.29,"BOTH","HIGH","MUMZ"
94914,"Unalakleet_VOR-DME_US","UNK","Unalakleet","VOR-DME",116900,63.89189910888672,-160.6840057373047,430,"US",116900,"116X",,,,20.001,16.083,"BOTH","HIGH","PAUN"
94917,"Nuevas_VOR_CU","UNV","Nuevas","VOR",116300,21.395000457763672,-77.23079681396484,,"CU",,,,,,-3.007,-6.366,"BOTH","HIGH",
94919,"Nimitz_VORTAC_GU","UNZ","Nimitz","VORTAC",115300,13.454500198364258,144.73300170898438,658,"GU",115300,"100X",,,,2.012,1.273,"BOTH","HIGH","PGUM"
94928,"Playa_Baracoa_VOR_CU","UPB","Playa Baracoa","VOR",109200,23.023300170898438,-82.58170318603516,102,"CU",,,,,,,-3.262,"BOTH","LOW","MUPB"
94931,"Uruapan_VOR-DME_MX","UPN","Uruapan","VOR-DME",114200,19.39579963684082,-102.04100036621094,5258,"MX",114200,"089X",,,,8.008,7.022,"BOTH","HIGH","MMPN"
94932,"Upolu_Point_VORTAC_US","UPP","Upolu Point","VORTAC",112300,20.20050048828125,-155.84300231933594,1760,"US",112300,"070X",,,,11.001,9.561,"BOTH","HIGH","PHSF"
94933,"Upington_VOR-DME_ZA","UPV","Upington","VOR-DME",116500,-28.40169906616211,21.260400772094727,2753,"ZA",116500,"112X",,,,-18.007,-19.136,"BOTH","HIGH","FAUP"
94942,"Piura_VOR-DME_PE","URA","Piura","VOR-DME",117700,-5.210000038146973,-80.61609649658203,174,"PE",117700,"124X",,,,,0.463,"BOTH","HIGH","SPUR"
94946,"Urumqi_VOR-DME_CN","URC","Urumqi","VOR-DME",115700,43.906700134277344,87.4749984741211,2151,"CN",115700,"104X",,,,,2.486,"BOTH","HIGH","ZWWW"
94947,"Urcos_VOR-DME_PE","URC","Urcos","VOR-DME",115600,-13.649399757385254,-71.5864028930664,13631,"PE",115600,"103X",,,,-2.007,-3.413,"BOTH","HIGH","SPZO"
94950,"Sanliurfa_VOR-DME_TR","URF","Sanliurfa","VOR-DME",117700,37.09389877319336,38.84469985961914,1486,"TR",117700,"124X",,,,4.007,4.295,"BOTH","HIGH","TR-0298"
94952,"Urgench_VOR-DME_UZ","URG","Urgench","VOR-DME",114200,41.58330154418945,60.650001525878906,322,"UZ",114200,"089X",,,,,5.339,"BOTH","HIGH","UTNU"
94954,"Texoma_VOR-DME_US","URH","Texoma","VOR-DME",114300,33.94419860839844,-96.39179992675781,681,"US",114300,"090X",,,,5.011,4.236,"BOTH","MEDIUM",
94955,"Uralsk_VOR-DME_KZ","URL","Uralsk","VOR-DME",114200,51.14580154418945,51.54079818725586,121,"KZ",114200,"089X",,,,8.007,9.535,"BOTH","HIGH","UARR"
94957,"Urubupunga_VOR-DME_BR","URP","Urubupunga","VOR-DME",114200,-20.776500701904297,-51.558799743652344,1169,"BR",114200,"089X",,,,-16.507,-17.369,"BOTH","HIGH",
94968,"Ulsan_VOR-DME_KR","USN","Ulsan","VOR-DME",111400,35.5984992980957,129.35299682617188,100,"KR",111400,"051X",,,,-7.011,-7.228,"BOTH","HIGH","RKPU"
94969,"Ushuaia_VOR_AR","USU","Ushuaia","VOR",113700,-54.83810043334961,-68.2842025756836,92,"AR",,,,,,13.007,13.115,"BOTH","HIGH","SAWH"
94978,"Utti_VOR-DME_FI","UTT","Utti","VOR-DME",114600,60.897300720214844,26.929500579833984,355,"FI",114600,"093X",,,,6.906,8.054,"BOTH","HIGH","EFUT"
94986,"Udaipur_VOR-DME_IN","UUD","Udaipur","VOR-DME",115900,24.612899780273438,73.89089965820312,1670,"IN",115900,"106X",,,,0.011,0.037,"BOTH","HIGH","VAUD"
94991,"Varder_VOR-DME_CU","UVA","Varder","VOR-DME",114800,23.024700164795,-81.453598022461,295,"CU",114800,"095X",,,,,-4.106,"BOTH","HIGH","MUVR"
94995,"Yuwa_VOR-DME_JP","UWE","Yuwa","VOR-DME",110650,39.61709976196289,140.18699645996094,286,"JP",110650,"043Y",,,,-8.011,-8.132,"LO","LOW","RJSK"
94999,"Vostochny_VOR-DME_RU","UWS","Vostochny","VOR-DME",113700,54.40330123901367,48.814998626708984,240,"RU",113700,"084X",,,,,11.186,"BOTH","HIGH","UWLW"
95003,"Tullahoma_Regional_VOR_US","UXM","Tullahoma Regional","VOR",109650,35.380401611328125,-86.24579620361328,1082,"US",,,,,,-3.01,-2.592,"LO","LOW","KTHA"
95033,"Albacete_VOR-DME_ES","VAB","Albacete","VOR-DME",115800,38.94380187988281,-2.0026700496673584,2277,"ES",115800,"105X",,,,,-1.401,"BOTH","HIGH","LEAB"
95034,"Vrsac_VOR_RS","VAC","Vrsac","VOR",115600,45.13690185546875,21.305999755859375,276,"RS",,,,,,,3.353,"TERMINAL","LOW","LYVR"
95035,"Moody_VORTAC_US","VAD","Moody","VORTAC",113300,30.960100173950195,-83.19339752197266,213,"US",113300,"080X",,,,-3.001,-4.267,"TERMINAL","HIGH","KVAD"
95036,"Bateen_VOR-DME_AE","VAD","Bateen","VOR-DME",114000,24.427400588989258,54.4651985168457,60,"AE",114000,"087X",,,,,1.274,"BOTH","HIGH","OMAD"
95038,"Valencia_VOR-DME_VE","VAL","Valencia","VOR-DME",117400,10.147899627685547,-67.92279815673828,1401,"VE",117400,"121X",,,,-10.007,-10.347,"BOTH","HIGH","SVVA"
95039,"Valjevo_VOR-DME_RS","VAL","Valjevo","VOR-DME",116600,44.32389831542969,19.87470054626465,1132,"RS",116600,"113X",,,,2.007,3.154,"BOTH","HIGH",
95042,"Vance_VORTAC_US","VAN","Vance","VORTAC",110400,33.47480010986328,-80.44860076904297,140,"US",110400,"041X",,,,-6.002,-6.551,"BOTH","MEDIUM",
95043,"Van_VOR-DME_TR","VAN","Van","VOR-DME",115200,38.4651985168457,43.32509994506836,5440,"TR",115200,"099X",,,,5.007,4.522,"BOTH","HIGH","LTCI"
95047,"Vaasa_VOR-DME_FI","VAS","Vaasa","VOR-DME",114500,63.04140090942383,21.76490020751953,36,"FI",114500,"092X",,,,4.007,6.268,"RNAV","HIGH","EFVA"
95048,"Alor_Star_VOR-DME_MY","VAS","Alor Star","VOR-DME",113600,6.185669898986816,100.39700317382812,15,"MY",113600,"083X",,,,0.011,-0.202,"BOTH","HIGH","WMKA"
95049,"Asuncion_VOR-DME_PY","VAS","Asuncion","VOR-DME",115900,-25.244199752807617,-57.52190017700195,256,"PY",115900,"106X",,,,,-12.017,"BOTH","HIGH","SGAS"
95054,"Barna_VOR-DME_HR","VBA","Barna","VOR-DME",117400,45.747798919677734,17.146699905395508,545,"HR",117400,"121X",,,,1.007,2.504,"BOTH","HIGH",
95055,"Batu_Arang_VOR-DME_MY","VBA","Batu Arang","VOR-DME",114700,3.324810028076172,101.45700073242188,359,"MY",114700,"094X",,,,0.011,-0.072,"BOTH","LOW","WMSA"
95058,"Sioux_Narrows_VORTAC_CA","VBI","Sioux Narrows","VORTAC",115200,49.47669982910156,-94.04669952392578,1312,"CA",115200,"099X",,,,4.012,1.147,"BOTH","HIGH","CYQK"
95059,"Beira_VOR-DME_MZ","VBR","Beira","VOR-DME",113700,-19.787700653076172,34.871700286865234,47,"MZ",113700,"084X",,,,,-11.33,"BOTH","HIGH","FQBR"
95060,"Saguenay_VOR-DME_CA","VBS","Saguenay","VOR-DME",114200,48.0172004699707,-71.26930236816406,2918,"CA",114200,"089X",,,,-19.001,-17.385,"BOTH","HIGH",
95061,"Butterworth_VORTAC_MY","VBT","Butterworth","VORTAC",113300,5.476309776306152,100.39399719238281,11,"MY",113300,"080X",,,,0.011,-0.181,"BOTH","HIGH","WMKB"
95062,"Bintulu_VOR-DME_MY","VBU","Bintulu","VOR-DME",112600,3.1539700031280518,113.01300048828125,23,"MY",112600,"073X",,,,1.011,0.399,"BOTH","LOW","WBGB"
95063,"J_M_Nkomo_VOR-DME_ZW","VBU","J M Nkomo","VOR-DME",115700,-20.02910041809082,28.64389991760254,4359,"ZW",115700,"104X",,,,-10.007,-10.141,"BOTH","HIGH","FVBU"
95065,"Badajoz_VOR-DME_ES","VBZ","Badajoz","VOR-DME",116800,38.88990020751953,-6.8157501220703125,597,"ES",116800,"115X",,,,,-3.115,"LO","HIGH","LEBZ"
95071,"Cabinda_VOR-DME_AO","VCA","Cabinda","VOR-DME",114300,-5.61667013168335,12.199999809265137,66,"AO",114300,"090X",,,,-8.007,-4.394,"BOTH","HIGH","FNCA"
95072,"Tsushima_VOR-DME_JP","VCE","Tsushima","VOR-DME",111450,34.28150177001953,129.33700561523438,220,"JP",111450,"051Y",,,,-7.011,-6.577,"BOTH","HIGH","RJDT"
95073,"Chileka_VOR-DME_MW","VCL","Chileka","VOR-DME",113300,-15.673800468444824,34.916500091552734,2454,"MW",113300,"080X",,,,-5.007,-7.122,"BOTH","HIGH","FWCL"
95074,"Cedar_Lake_VORTAC_US","VCN","Cedar Lake","VORTAC",115200,39.53770065307617,-74.96710205078125,120,"US",115200,"099X",,,,-10.001,-12.137,"BOTH","MEDIUM",
95077,"Victoria_VOR-DME_US","VCT","Victoria","VOR-DME",109000,28.900299072265625,-96.97889709472656,130,"US",109000,"027X",,,,6.008,4.496,"LO","MEDIUM","KVCT"
95078,"Victorville_VOR-DME_US","VCV","Victorville","VOR-DME",109400,34.594200134277344,-117.38999938964844,2855,"US",109400,"031X",,,,14.001,13.042,"LO","LOW",
95087,"Vehkaa_VOR-DME_FI","VEH","Vehkaa","VOR-DME",113000,62.979801177978516,27.813800811767578,481,"FI",113000,"077X",,,,7.007,9.066,"RNAV","HIGH","EFKU"
95088,"Vernal_VOR-DME_US","VEL","Vernal","VOR-DME",108200,40.37900161743164,-109.49299621582031,5344,"US",108200,"019X",,,,15.001,11.488,"LO","MEDIUM","US-12313"
95091,"Veracruz_VOR-DME_MX","VER","Veracruz","VOR-DME",114000,19.143199920654297,-96.18910217285156,90,"MX",114000,"087X",,,,7.01,4.484,"BOTH","HIGH","MMVR"
95093,"Vesta_VOR-DME_DK","VES","Vesta","VOR-DME",116600,55.60309982299805,8.299960136413574,63,"DK",116600,"113X",,,,0.008,0.24,"RNAV","HIGH",
95094,"Ciudad_Del_Este_VOR-DME_PY","VES","Ciudad Del Este","VOR-DME",116300,-25.459999084472656,-54.849998474121094,888,"PY",116300,"110X",,,,,-14.045,"TERMINAL","HIGH","SGES"
95095,"Asturias_VOR-DME_ES","VES","Asturias","VOR-DME",112400,43.56460189819336,-6.030670166015625,440,"ES",112400,"071X",43.5646,-6.03075,440,-4.007,-3.192,"BOTH","HIGH","LEAS"
95097,"Vedby_VOR_SE","VEY","Vedby","VOR",116900,56.14830017089844,13.216400146484375,,"SE",,,,,,1.501,2.119,"BOTH","HIGH",
95099,"Faro_VOR-DME_PT","VFA","Faro","VOR-DME",112800,37.01350021362305,-7.975009918212891,50,"PT",112800,"075X",,,,-4.007,-3.293,"BOTH","HIGH","LPFR"
95100,"Vitoria_VOR-DME_ES","VFD","Vitoria","VOR-DME",112900,42.88059997558594,-2.7243499755859375,1696,"ES",112900,"076X",,,,,-2.078,"BOTH","HIGH","LEVT"
95101,"Horta_VORTAC_PT","VFL","Horta","VORTAC",112700,38.51940155029297,-28.623600006103516,485,"PT",112700,"074X",,,,,-11.204,"BOTH","HIGH","LPHR"
95102,"Vardefjell_VOR-DME_NO","VFL","Vardefjell","VOR-DME",112250,65.87940216064453,13.307999610900879,2092,"NO",112250,"059Y",,,,1.001,2.35,"BOTH","HIGH","ENMS"
95111,"Getafe_VOR_ES","VGE","Getafe","VOR",112500,40.28919982910156,-3.727099895477295,,"ES",,,,,,,-2.159,"BOTH","HIGH",
95114,"Gong_Kedak_VORTAC_MY","VGK","Gong Kedak","VORTAC",116600,5.7973198890686035,102.47899627685547,40,"MY",116600,"113X",,,,0.011,-0.05,"BOTH","LOW","WMGK"
95115,"Vigo_VOR-DME_ES","VGO","Vigo","VOR-DME",113600,42.3213005065918,-8.601639747619629,912,"ES",113600,"083X",,,,,-4.061,"BOTH","HIGH","LEVX"
95116,"Gokwe_VOR-DME_ZW","VGO","Gokwe","VOR-DME",113700,-18.244400024414062,28.96969985961914,4200,"ZW",113700,"084X",,,,-8.007,-8.258,"BOTH","HIGH",
95122,"Brickyard_VORTAC_US","VHP","Brickyard","VORTAC",116300,39.814701080322266,-86.36759948730469,870,"US",116300,"110X",,,,1.001,-3.441,"BOTH","HIGH",
95123,"Huambo_VOR-DME_AO","VHU","Huambo","VOR-DME",113300,-12.808600425720215,15.749500274658203,5587,"AO",113300,"080X",,,,-7.007,-6.345,"BOTH","HIGH","FNHU"
95124,"Vohma_VOR-DME_EE","VI","Vohma","VOR-DME",114900,58.65589904785156,25.574800491333008,227,"EE",114900,"096X",,,,5.007,6.575,"RNAV","HIGH",
95131,"Burgos_VOR-DME_ES","VIA","Burgos","VOR-DME",111400,42.35499954223633,-3.6135799884796143,2970,"ES",111400,"051X",42.355,-3.61352,2970,,-2.23,"BOTH","LOW","LEBG"
95133,"Vicenza_VOR-DME_IT","VIC","Vicenza","VOR-DME",113400,45.637298583984375,11.676400184631348,206,"IT",113400,"081X",45.6375,11.6764,195,,1.394,"BOTH","HIGH","IT-0802"
95135,"Viedma_VOR_AR","VIE","Viedma","VOR",117100,-40.8671989440918,-63.00080108642578,20,"AR",,,,,,2.007,0.448,"BOTH","HIGH","SAVV"
95136,"Coehill_VOR-DME_CA","VIE","Coehill","VOR-DME",115100,44.6609001159668,-77.88809967041016,902,"CA",115100,"098X",,,,-12.001,-12.003,"LO","HIGH",
95137,"Vieste_VOR-DME_IT","VIE","Vieste","VOR-DME",112600,41.912899017333984,16.049100875854492,1010,"IT",112600,"073X",41.9128,16.049,1010,1.007,2.255,"BOTH","HIGH",
95140,"Vigra_VOR-DME_NO","VIG","Vigra","VOR-DME",115800,62.552101135253906,6.034420013427734,285,"NO",115800,"105X",,,,-3.001,-1.091,"RNAV","HIGH","ENAL"
95141,"Ipoh_VOR-DME_MY","VIH","Ipoh","VOR-DME",117300,4.5730299949646,101.09400177001953,128,"MY",117300,"120X",,,,0.011,-0.117,"BOTH","HIGH","WMKI"
95142,"Vichy_VOR-DME_US","VIH","Vichy","VOR-DME",117700,38.15409851074219,-91.70680236816406,1110,"US",117700,"124X",,,,6.001,0.498,"LO","MEDIUM",
95143,"Villafranca_VORTAC_IT","VIL","Villafranca","VORTAC",115800,45.407901763916016,10.906200408935547,239,"IT",115800,"105X",45.4082,10.9067,238,,1.287,"BOTH","HIGH","LIPX"
95144,"Vilmas_VOR-DME_FI","VIL","Vilmas","VOR-DME",112500,61.039100646972656,28.118000030517578,363,"FI",112500,"072X",,,,7.007,8.36,"RNAV","HIGH","EFLP"
95146,"Vinh_VOR-DME_VN","VIN","Vinh","VOR-DME",113100,18.734100341796875,105.66799926757812,49,"VN",113100,"078X",,,,-1.011,-0.571,"BOTH","HIGH","VVVH"
88575,"Victory_VOR-DME_US","VIO","Victory","VOR-DME",115950,42.786701202393,-85.497100830078,800,"US",115950,"106Y",,,,-4.001,-5.104,"BOTH","HIGH",
95149,"Viru_Viru_VOR-DME_BO","VIR","Viru Viru","VOR-DME",113800,-17.62849998474121,-63.149898529052734,1224,"BO",113800,"085X",,,,-7.007,-9.385,"BOTH","HIGH","SLVR"
95151,"Viseu_VOR-DME_PT","VIS","Viseu","VOR-DME",113100,40.72330093383789,-7.885829925537109,2109,"PT",113100,"078X",,,,-5.007,-3.416,"BOTH","HIGH","LPVZ"
95152,"Visalia_VOR-DME_US","VIS","Visalia","VOR-DME",109400,36.3672981262207,-119.48200225830078,263,"US",109400,"031X",,,,16.001,13.541,"LO","LOW",
95155,"Villach_VOR-DME_AT","VIW","Villach","VOR-DME",112900,46.6963996887207,13.914600372314453,6285,"AT",112900,"076X",,,,1.007,2.11,"BOTH","HIGH","LOWK"
95157,"Vejer_VOR-DME_ES","VJF","Vejer","VOR-DME",117800,36.24720001220703,-5.971869945526123,728,"ES",117800,"125X",,,,-4.007,-2.478,"BOTH","HIGH",
95158,"Kota_Kinabalu_VOR-DME_MY","VJN","Kota Kinabalu","VOR-DME",113100,5.899670124053955,116.02999877929688,180,"MY",113100,"078X",,,,0.011,0.187,"BOTH","HIGH","WBKK"
95159,"Johor_Bahru_VOR-DME_MY","VJR","Johor Bahru","VOR-DME",112700,1.7298599481582642,103.62200164794922,410,"MY",112700,"074X",,,,0.011,0.12,"BOTH","LOW","WMKJ"
95160,"Torrejon_VOR-DME_ES","VJZ","Torrejon","VOR-DME",115100,40.5640983581543,-3.360330104827881,2380,"ES",115100,"098X",,,,,-2.102,"BOTH","LOW","LETO"
95163,"Karonga_VOR-DME_MW","VKA","Karonga","VOR-DME",115300,-9.955140113830566,33.89139938354492,1736,"MW",115300,"100X",,,,,-2.533,"BOTH","HIGH","FWKA"
95164,"Kota_Bharu_VOR-DME_MY","VKB","Kota Bharu","VOR-DME",112300,6.1634202003479,102.31400299072266,16,"MY",112300,"070X",,,,0.011,-0.069,"BOTH","LOW","WMKC"
95165,"Kerteh_VOR-DME_MY","VKE","Kerteh","VOR-DME",117100,4.548059940338135,103.4229965209961,20,"MY",117100,"118X",,,,0.011,0.039,"BOTH","HIGH","WMKE"
95166,"Kuching_VOR-DME_MY","VKG","Kuching","VOR-DME",114500,1.473330020904541,110.30599975585938,220,"MY",114500,"092X",,,,1.011,0.456,"BOTH","HIGH","WBGG"
95168,"Kuala_Lumpur_VOR-DME_MY","VKL","Kuala Lumpur","VOR-DME",116100,2.724440097808838,101.73799896240234,261,"MY",116100,"108X",,,,0.011,-0.042,"BOTH","LOW","WMKK"
95169,"Kuantan_VORTAC_MY","VKN","Kuantan","VORTAC",113700,3.776170015335083,103.20999908447266,58,"MY",113700,"084X",,,,0.011,0.047,"BOTH","HIGH","WMKD"
95172,"Kuala_Terengganu_VOR-DME_MY","VKT","Kuala Terengganu","VOR-DME",115400,5.385829925537109,103.10299682617188,19,"MY",115400,"101X",,,,0.011,-0.003,"BOTH","HIGH","WMKN"
95174,"Virginia_Key_VOR-DME_US","VKZ","Virginia Key","VOR-DME",117100,25.75189971923828,-80.15440368652344,5,"US",117100,"118X",,,,-4.003,-5.33,"BOTH","HIGH",
95177,"Vandalia_VORTAC_US","VLA","Vandalia","VORTAC",114300,39.09370040893555,-89.1624984741211,604,"US",114300,"090X",,,,4.001,-1.188,"LO","MEDIUM",
95178,"Villafranca_VOR-DME_ES","VLA","Villafranca","VOR-DME",113150,41.34260177612305,1.547700047492981,2077,"ES",113150,"078Y",41.3426,1.54788,2119,,-0.456,"TERMINAL","LOW",
95179,"Labuan_VOR-DME_MY","VLB","Labuan","VOR-DME",116300,5.289999961853027,115.25199890136719,101,"MY",116300,"110X",,,,0.011,0.242,"BOTH","HIGH","WBKL"
95180,"Lichinga_VOR-DME_MZ","VLC","Lichinga","VOR-DME",117100,-13.284899711608887,35.22090148925781,4491,"MZ",117100,"118X",,,,,-5.174,"BOTH","HIGH","FQLC"
95181,"Valencia_VOR-DME_ES","VLC","Valencia","VOR-DME",116100,39.485599517822266,-0.48304399847984314,200,"ES",116100,"108X",39.4857,-0.483056,200,-2.007,-1.149,"BOTH","HIGH","LEVC"
95183,"Valdivia_VOR-DME_CL","VLD","Valdivia","VOR-DME",114500,-39.67110061645508,-73.08560180664062,57,"CL",114500,"092X",,,,10.007,8.507,"BOTH","HIGH","SCVD"
95186,"Limbang_VOR-DME_MY","VLG","Limbang","VOR-DME",113400,4.7972798347473145,115.00199890136719,14,"MY",113400,"081X",,,,0.011,0.283,"BOTH","MEDIUM","WBGJ"
95187,"Vilhena_VOR-DME_BR","VLH","Vilhena","VOR-DME",112100,-12.693699836730957,-60.095298767089844,2036,"BR",112100,"058X",,,,-11.007,-13.072,"BOTH","HIGH","SBVH"
95189,"Livingstone_VOR_ZM","VLI","Livingstone","VOR",112500,-17.812599182128906,25.81999969482422,3302,"ZM",,,,,,,-7.49,"BOTH","HIGH","FLLI"
95190,"Bauerfield_VOR-DME_VU","VLI","Bauerfield","VOR-DME",114300,-17.662200927734375,168.24400329589844,16,"VU",114300,"090X",-17.6621,168.244,971,12.011,11.317,"BOTH","HIGH","NVVV"
95192,"Vlasim_VOR-DME_CZ","VLM","Vlasim","VOR-DME",114300,49.70429992675781,15.066699981689453,1500,"CZ",114300,"090X",,,,1.007,2.338,"RNAV","HIGH",
95193,"Lumsden_VORTAC_CA","VLN","Lumsden","VORTAC",114200,50.66699981689453,-104.88999938964844,1895,"CA",114200,"089X",,,,14.001,10.459,"BOTH","HIGH","CKH8"
95195,"Langruth_VORTAC_CA","VLR","Langruth","VORTAC",112200,50.42219924926758,-98.72370147705078,935,"CA",112200,"059X",,,,5.001,5.371,"BOTH","HIGH",
95196,"Lusaka_VOR-DME_ZM","VLS","Lusaka","VOR-DME",113500,-15.32800006866455,28.41990089416504,3809,"ZM",113500,"082X",,,,,-5.499,"BOTH","HIGH","FLLS"
95197,"Beauce_VOR-DME_CA","VLV","Beauce","VOR-DME",117200,45.92499923706055,-70.84609985351562,1584,"CA",117200,"119X",,,,-18.012,-16.527,"BOTH","HIGH","CYSG"
95203,"Maputo_VOR-DME_MZ","VMA","Maputo","VOR-DME",112700,-25.868900299072266,32.60499954223633,180,"MZ",112700,"074X",,,,,-18.557,"BOTH","HIGH","FQMA"
95204,"Wuxi_VOR-DME_CN","VMB","Wuxi","VOR-DME",113900,31.58329963684082,120.33300018310547,41,"CN",113900,"086X",,,,,-5.111,"BOTH","HIGH",
95205,"Mfuwe_VOR-DME_ZM","VMF","Mfuwe","VOR-DME",112900,-13.261500358581543,31.915000915527344,1871,"ZM",112900,"076X",,,,,-4.391,"BOTH","HIGH","FLMF"
95206,"Sao_Miguel_VORTAC_PT","VMG","Sao Miguel","VORTAC",114500,37.846099853515625,-25.758100509643555,2789,"PT",114500,"092X",,,,,-10.125,"BOTH","HIGH","LPPD"
95207,"Miri_VOR-DME_MY","VMI","Miri","VOR-DME",112400,4.337779998779297,113.99400329589844,55,"MY",112400,"071X",,,,0.011,0.319,"BOTH","HIGH","WBGR"
95208,"Malacca_VOR-DME_MY","VMK","Malacca","VOR-DME",117400,2.25639009475708,102.2509994506836,35,"MY",117400,"121X",,,,0.011,0.006,"BOTH","HIGH","WMKM"
95209,"Namibe_VOR-DME_AO","VMO","Namibe","VOR-DME",114100,-15.26669979095459,12.16670036315918,210,"AO",114100,"088X",,,,-12.007,-9.312,"BOTH","HIGH","FNMO"
95210,"Châteaudun_VOR-DME_FR","VMP","Châteaudun","VOR-DME",117200,48.05889892578125,1.388890027999878,433,"FR",117200,"119X",,,,-3.007,-1.152,"BOTH","HIGH","LFOC"
95211,"Mersing_VOR-DME_MY","VMR","Mersing","VOR-DME",116800,2.3883299827575684,103.87200164794922,10,"MY",116800,"115X",,,,0.011,0.124,"BOTH","HIGH","WMAU"
95213,"Matsapha_VOR-DME_SZ","VMS","Matsapha","VOR-DME",112300,-26.511899948120117,31.32360076904297,2237,"SZ",112300,"070X",,,,,-19.214,"RNAV","HIGH","FDMS"
95214,"Masvingo_VOR-DME_ZW","VMV","Masvingo","VOR-DME",115100,-20.056800842285156,30.853599548339844,3600,"ZW",115100,"098X",,,,-9.007,-10.423,"BOTH","HIGH","FVMV"
95215,"Mzuzu_VOR-DME_MW","VMZ","Mzuzu","VOR-DME",116100,-11.415300369262695,34.00170135498047,4115,"MW",116100,"108X",,,,,-3.454,"BOTH","HIGH","FWUU"
95216,"Vienna_VORTAC_US","VNA","Vienna","VORTAC",116500,32.213401794433594,-83.49729919433594,300,"US",116500,"112X",,,,1.001,-4.277,"LO","MEDIUM",
95217,"Luanda_VOR-DME_AO","VNA","Luanda","VOR-DME",112700,-8.845479965209961,13.2475004196167,243,"AO",112700,"074X",,,,-7.007,-5.349,"BOTH","HIGH","FNLU"
95221,"Ndola_VOR-DME_ZM","VND","Ndola","VOR-DME",112100,-12.999899864196777,28.66659927368164,4196,"ZM",112100,"058X",,,,,-4.129,"BOTH","HIGH","FLND"
95222,"Vienne_VOR_FR","VNE","Vienne","VOR",108200,45.556400299072266,4.883419990539551,,"FR",,,,,,,-0.034,"LO","MEDIUM",
95224,"Mount_Vernon_VOR-DME_US","VNN","Mount Vernon","VOR-DME",113800,38.36199951171875,-88.80729675292969,555,"US",113800,"085X",,,,2.001,-1.289,"LO","MEDIUM",
95225,"Vilnius_VOR-DME_LT","VNO","Vilnius","VOR-DME",113800,54.63610076904297,25.29360008239746,635,"LT",113800,"085X",,,,5.007,5.554,"RNAV","HIGH","EYVI"
95227,"Nampula_VOR-DME_MZ","VNP","Nampula","VOR-DME",113900,-15.08489990234375,39.30039978027344,1381,"MZ",113900,"086X",,,,,-7.597,"BOTH","HIGH","FQNP"
95228,"Ventspils_VOR-DME_LV","VNT","Ventspils","VOR-DME",113600,57.36690139770508,21.55620002746582,0,"LV",113600,"083X",,,,,5.159,"RNAV","HIGH","EVVA"
95230,"Van_Nuys_VOR-DME_US","VNY","Van Nuys","VOR-DME",113100,34.2234001159668,-118.49199676513672,810,"US",113100,"078X",,,,15.001,13.123,"LO","MEDIUM",
95235,"Voghera_VOR-DME_IT","VOG","Voghera","VOR-DME",115500,44.96440124511719,8.970279693603516,388,"IT",115500,"102X",,,,0.007,1.014,"BOTH","HIGH","LILH"
95239,"Vollo_VOR-DME_NO","VOO","Vollo","VOR-DME",114850,60.54890060424805,5.128789901733398,1050,"NO",114850,"095Y",,,,-3.001,-1.228,"BOTH","LOW","ENBR"
95240,"Vozice_VOR-DME_CZ","VOZ","Vozice","VOR-DME",116300,49.53229904174805,14.874699592590332,2200,"CZ",116300,"110X",,,,1.007,2.305,"BOTH","HIGH",
95244,"Valle_De_La_Pascua_VOR-DME_VE","VPA","Valle De La Pascua","VOR-DME",117800,9.228919982910156,-65.98390197753906,410,"VE",117800,"125X",,,,,-11.365,"BOTH","HIGH","SVVP"
95245,"Penang_VOR-DME_MY","VPG","Penang","VOR-DME",116200,5.279640197753906,100.26000213623047,11,"MY",116200,"109X",,,,0.011,-0.189,"BOTH","LOW","WMKP"
95246,"Langkawi_VOR-DME_MY","VPL","Langkawi","VOR-DME",114100,6.355420112609863,99.74739837646484,57,"MY",114100,"088X",,,,0.011,-0.238,"BOTH","LOW","WMKL"
95247,"Ipoh_VOR_MY","VPS","Ipoh","VOR",112800,4.48222017288208,101.01699829101562,,"MY",,,,,,0.011,-0.122,"BOTH","LOW","WMKI"
95248,"Pulau_Tioman_VOR-DME_MY","VPT","Pulau Tioman","VOR-DME",114000,2.910939931869507,104.10099792480469,89,"MY",114000,"087X",,,,0.011,0.126,"BOTH","HIGH","WMBT"
95254,"Quelimane_VOR-DME_MZ","VQL","Quelimane","VOR-DME",112300,-17.851200103759766,36.866798400878906,36,"MZ",112300,"070X",,,,,-9.595,"BOTH","HIGH","FQQL"
95255,"Cecil_VOR_US","VQQ","Cecil","VOR",117900,30.21299934387207,-81.89089965820312,70,"US",,,,,,-3.012,-5.135,"BOTH","HIGH",
95262,"Vitoria_VOR-DME_ES","VRA","Vitoria","VOR-DME",116600,42.73189926147461,-2.8655800819396973,1903,"ES",116600,"113X",,,,-3.007,-2.103,"BOTH","HIGH","LEVT"
95263,"Valera_VOR-DME_VE","VRA","Valera","VOR-DME",114400,9.427530288696289,-70.55699920654297,2060,"VE",114400,"091X",,,,,-8.463,"BOTH","HIGH","SVVL"
95266,"Vero_Beach_VORTAC_US","VRB","Vero Beach","VORTAC",117300,27.67840003967285,-80.4896011352539,20,"US",117300,"120X",,,,-4.001,-5.419,"BOTH","HIGH",
95267,"Vardo_VOR-DME_NO","VRD","Vardo","VOR-DME",114100,70.35759735107422,31.047199249267578,58,"NO",114100,"088X",,,,11.001,13.294,"BOTH","HIGH","ENSS"
95275,"Villahermosa_VOR-DME_MX","VSA","Villahermosa","VOR-DME",116700,17.998899459838867,-92.81819915771484,46,"MX",116700,"114X",,,,3.007,3.198,"BOTH","HIGH","MMVA"
95277,"Visby_VOR-DME_SE","VSB","Visby","VOR-DME",115100,57.65950012207031,18.346900939941406,154,"SE",115100,"098X",,,,3.001,4.097,"RNAV","HIGH","ESSV"
95278,"Harare_VOR-DME_ZW","VSB","Harare","VOR-DME",113100,-17.90719985961914,31.118499755859375,4887,"ZW",113100,"078X",,,,-8.007,-8.272,"BOTH","HIGH","FVHA"
95280,"Sibu_VOR-DME_MY","VSI","Sibu","VOR-DME",112200,2.246809959411621,112.00299835205078,122,"MY",112200,"059X",,,,,0.447,"BOTH","HIGH","WBGS"
95282,"Murcia_San_Javier_VOR-DME_ES","VSJ","Murcia/San Javier","VOR-DME",113000,37.77980041503906,-0.8127779960632324,11,"ES",113000,"077X",,,,,-1.171,"LO","HIGH","LELC"
95283,"Punta_San_Juan_VOR-DME_VE","VSJ","Punta San Juan","VOR-DME",112900,11.170599937438965,-68.41619873046875,29,"VE",112900,"076X",,,,-9.007,-10.23,"BOTH","HIGH",
95286,"Santa_Maria_VOR-DME_PT","VSM","Santa Maria","VOR-DME",113700,36.962799072265625,-25.166400909423828,24,"PT",113700,"084X",,,,,-9.551,"BOTH","HIGH","LPAZ"
95288,"Sandakan_VOR-DME_MY","VSN","Sandakan","VOR-DME",114000,5.906060218811035,118.06800079345703,46,"MY",114000,"087X",,,,0.011,0.173,"BOTH","HIGH","WBKS"
95289,"Vassen_VOR-DME_SE","VSN","Vassen","VOR-DME",115250,58.3031005859375,15.709799766540527,423,"SE",115250,"099Y",,,,2.501,3.137,"BOTH","HIGH",
95298,"Vitebsk_VOR-DME_BY","VTB","Vitebsk","VOR-DME",112700,55.125,30.353300094604492,662,"BY",112700,"074X",,,,6.007,7.292,"BOTH","HIGH","UMII"
95299,"Villatobas_VOR-DME_ES","VTB","Villatobas","VOR-DME",112700,39.780799865722656,-3.4640300273895264,2320,"ES",112700,"074X",39.7808,-3.46414,2320,-3.007,-2.093,"BOTH","HIGH",
95301,"Vihti_VOR-DME_FI","VTI","Vihti","VOR-DME",117000,60.45930099487305,24.24410057067871,203,"FI",117000,"117X",,,,5.007,6.546,"RNAV","HIGH",
95303,"Tekong_VOR-DME_SG","VTK","Tekong","VOR-DME",116500,1.4153900146484375,104.02200317382812,150,"SG",116500,"112X",,,,0.011,0.156,"BOTH","HIGH","WSSS"
95304,"Gweru_Thornhill_VOR-DME_ZW","VTL","Gweru Thornhill","VOR-DME",114300,-19.439199447631836,29.864700317382812,4725,"ZW",114300,"090X",,,,,-9.484,"TERMINAL","HIGH","FVTL"
95305,"Ventanas_VOR-DME_CL","VTN","Ventanas","VOR-DME",113300,-32.73860168457031,-71.49610137939453,246,"CL",113300,"080X",,,,6.007,3.517,"BOTH","HIGH","SCER"
95306,"Vientiane_VOR-DME_LA","VTN","Vientiane","VOR-DME",117500,18.010299682617188,102.54100036621094,559,"LA",117500,"122X",,,,0.007,-0.462,"BOTH","HIGH","VLVT"
95310,"Vitoria_VOR-DME_BR","VTR","Vitoria","VOR-DME",115500,-20.24970054626465,-40.28300094604492,11,"BR",115500,"102X",,,,-22.007,-22.554,"BOTH","HIGH","SBVT"
95314,"Ventura_VOR-DME_US","VTU","Ventura","VOR-DME",108200,34.1151008605957,-119.04900360107422,1560,"US",108200,"019X",,,,15.001,13.168,"BOTH","MEDIUM",
95315,"Vungtau_VOR_VN","VTV","Vungtau","VOR",114700,10.374199867248535,107.09100341796875,,"VN",,,,,,0.007,-0.104,"BOTH","HIGH",
95316,"Tawau_VOR-DME_MY","VTW","Tawau","VOR-DME",115600,4.324520111083984,118.13999938964844,65,"MY",115600,"103X",,,,1.011,0.313,"BOTH","HIGH","WBKW"
95317,"Tete_Chingodzi_VOR_MZ","VTZ","Tete Chingodzi","VOR",114100,-16.126300811767578,33.63999938964844,,"MZ",,,,,,,-7.176,"BOTH","HIGH","FQTT"
95319,"Lubango_VOR-DME_AO","VUB","Lubango","VOR-DME",112300,-14.91670036315918,13.600000381469727,5778,"AO",112300,"070X",,,,-10.007,-8.403,"BOTH","HIGH","FNUB"
95320,"Luena_VOR_AO","VUE","Luena","VOR",113700,-11.763500213623047,19.877899169921875,4360,"AO",,,,,,-7.007,-4.419,"BOTH","HIGH","FNUE"
95321,"Scholes_VORTAC_US","VUH","Scholes","VORTAC",113000,29.26930046081543,-94.8676986694336,4,"US",113000,"077X",,,,6.012,3.369,"BOTH","MEDIUM","KGLS"
95323,"Vulcan_VORTAC_US","VUZ","Vulcan","VORTAC",114400,33.67020034790039,-86.8998031616211,750,"US",114400,"091X",,,,2.001,-2.127,"BOTH","HIGH","KBHM"
95328,"Villavicencio_VOR-DME_CO","VVC","Villavicencio","VOR-DME",116700,4.066939830780029,-73.3822021484375,950,"CO",116700,"114X",,,,,-6.009,"BOTH","HIGH","SKAP"
95331,"Valledupar_VOR-DME_CO","VVP","Valledupar","VOR-DME",114600,10.337800025939941,-73.26249694824219,453,"CO",114600,"093X",,,,-5.007,-7.089,"BOTH","HIGH","SKVP"
95333,"Vishakhapatnam_VOR-DME_IN","VVZ","Vishakhapatnam","VOR-DME",114000,17.667699813842773,83.25279998779297,14,"IN",114000,"087X",,,,-1.011,-1.06,"BOTH","HIGH","VEVZ"
95337,"Hwange_VOR-DME_ZW","VWN","Hwange","VOR-DME",114500,-18.640399932861328,26.993499755859375,3600,"ZW",114500,"092X",,,,-9.007,-8.372,"BOTH","LOW","FVWN"
95338,"Victoria_West_VOR_ZA","VWV","Victoria West","VOR",113700,-31.396900177001953,23.10890007019043,,"ZA",,,,,,-21.007,-22.573,"BOTH","HIGH","FAVW"
95339,"Waterville_VOR-DME_US","VWV","Waterville","VOR-DME",113100,41.451499938964844,-83.63870239257812,660,"US",113100,"078X",,,,-2.001,-6.235,"LO","MEDIUM",
95343,"Volunteer_VORTAC_US","VXV","Volunteer","VORTAC",116400,35.90480041503906,-83.89469909667969,1290,"US",116400,"111X",,,,-3.001,-4.532,"BOTH","HIGH","KTYS"
95345,"Dawangzhuang_VOR-DME_CN","VYK","Dawangzhuang","VOR-DME",112700,39.19169998168945,116.5719985961914,100,"CN",112700,"074X",,,,,-6.114,"BOTH","HIGH",
95350,"Mulu_VOR-DME_MY","VZU","Mulu","VOR-DME",112800,4.032919883728027,114.79499816894531,222,"MY",112800,"075X",,,,1.011,0.342,"BOTH","LOW","WBMU"
95369,"Wallasey_VOR-DME_GB","WAL","Wallasey","VOR-DME",114100,53.39189910888672,-3.1344399452209473,55,"GB",114100,"088X",,,,-5.001,-3.474,"BOTH","HIGH",
95371,"Zaborowek_VOR-DME_PL","WAR","Zaborowek","VOR-DME",114900,52.25910186767578,20.657100677490234,295,"PL",114900,"096X",,,,3.007,4.139,"BOTH","HIGH","EPWA"
95372,"Wajir_VOR-DME_KE","WAV","Wajir","VOR-DME",112500,1.746809959411621,40.082401275634766,770,"KE",112500,"072X",,,,0.001,0.2,"BOTH","HIGH","HKWJ"
95375,"Woodbourne_VOR-DME_NZ","WB","Woodbourne","VOR-DME",115600,-41.51969909667969,173.86300659179688,109,"NZ",115600,"103X",,,,22.011,22.061,"BOTH","HIGH","NZWB"
95383,"Walvis_Bay_VOR-DME_NA","WBV","Walvis Bay","VOR-DME",113600,-22.982099533081055,14.644599914550781,312,"NA",113600,"083X",,,,,-14.29,"BOTH","HIGH","FYWB"
95391,"Wadi_Al_Dawasir_VORTAC_SA","WDR","Wadi Al Dawasir","VORTAC",115200,20.505300521850586,45.20539855957031,2049,"SA",115200,"099X",,,,1.007,2.069,"BOTH","HIGH","OEWD"
95393,"Warden_VOR_ZA","WDV","Warden","VOR",114800,-27.834699630737305,28.98390007019043,5400,"ZA",,,,,,-17.007,-20.212,"BOTH","HIGH",
95394,"Weihai_VOR-DME_CN","WEH","Weihai","VOR-DME",115800,37.18669891357422,122.22699737548828,145,"CN",115800,"105X",,,,,-6.592,"TERMINAL","LOW","ZSWH"
95395,"Wejh_VORTAC_SA","WEJ","Wejh","VORTAC",113900,26.17930030822754,36.48809814453125,118,"SA",113900,"086X",,,,2.007,3.113,"BOTH","HIGH","OEWJ"
95401,"Wufengxi_VOR-DME_CN","WFX","Wufengxi","VOR-DME",117100,30.603300094604492,104.49199676513672,1499,"CN",117100,"118X",,,,,-1.507,"BOTH","HIGH",
95402,"Wagga_Wagga_VOR-DME_AU","WG","Wagga Wagga","VOR-DME",115000,-35.16559982299805,147.468994140625,771,"AU",115000,"097X",-35.1658,147.469,771,11.007,11.453,"BOTH","HIGH","YSWG"
95409,"Wagram_VOR-DME_AT","WGM","Wagram","VOR-DME",112200,48.32389831542969,16.490999221801758,574,"AT",112200,"059X",48.3239,16.4908,574,1.007,2.508,"BOTH","HIGH","LOWW"
95413,"Tianhe_VOR-DME_CN","WHA","Tianhe","VOR-DME",112200,30.78499984741211,114.20500183105469,141,"CN",112200,"059X",,,,,-3.492,"BOTH","HIGH","ZHHH"
95416,"Windhoek_VOR-DME_NA","WHV","Windhoek","VOR-DME",114500,-22.477500915527344,17.470600128173828,5612,"NA",114500,"092X",,,,-14.007,-13.128,"BOTH","HIGH","FYWH"
95419,"Wick_VOR-DME_GB","WIK","Wick","VOR-DME",113600,58.458900451660156,-3.1002800464630127,110,"GB",113600,"083X",,,,-6.001,-4.539,"BOTH","HIGH","EGPC"
95420,"Willisau_VOR-DME_CH","WIL","Willisau","VOR-DME",116900,47.17829895019531,7.905920028686523,2417,"CH",116900,"116X",,,,0.007,0.416,"BOTH","HIGH",
95422,"Witbank_VOR_ZA","WIV","Witbank","VOR",113300,-25.829599380493164,29.194799423217773,5078,"ZA",,,,,,-15.007,-17.408,"BOTH","HIGH","FAWI"
95427,"Wee_Jasper_VOR_AU","WJS","Wee Jasper","VOR",117900,-35.26060104370117,148.66700744628906,3927,"AU",,,,,,12.011,12.137,"BOTH","HIGH",
95429,"Wewak_VOR-DME_PG","WK","Wewak","VOR-DME",116600,-3.58351993560791,143.67599487304688,19,"PG",116600,"113X",,,,4.007,4.47,"BOTH","HIGH","AYWK"
95440,"Wakkanai_VOR-DME_JP","WKE","Wakkanai","VOR-DME",115300,45.40739822387695,141.80599975585938,49,"JP",115300,"100X",,,,-10.011,-9.527,"BOTH","HIGH","RJCW"
95441,"Velikiye_Luki_VOR_RU","WKL","Velikiye Luki","VOR",108200,56.378299713134766,30.608299255371094,,"RU",,,,,,6.707,7.57,"BOTH","HIGH",
95443,"Waterkloof_VORTAC_ZA","WKV","Waterkloof","VORTAC",116900,-25.83329963684082,28.220399856567383,4903,"ZA",116900,"116X",,,,,-17.23,"BOTH","HIGH","FAWK"
95450,"Walda_VOR-DME_DE","WLD","Walda","VOR-DME",112800,48.57939910888672,11.129400253295898,1396,"DE",112800,"075X",,,,1.011,1.314,"BOTH","HIGH",
95451,"Beni_Walid_VOR-DME_LY","WLD","Beni Walid","VOR-DME",115900,31.782499313354492,14.009400367736816,890,"LY",115900,"106X",,,,0.007,1.339,"BOTH","HIGH","HL54"
95453,"Williamsdale_VOR_AU","WLE","Williamsdale","VOR",113000,-35.56399917602539,149.17799377441406,,"AU",,,,,,13.011,12.314,"BOTH","HIGH",
95455,"Walgett_VOR_AU","WLG","Walgett","VOR",117600,-30.02869987487793,148.1280059814453,439,"AU",,,,,,10.007,10.26,"BOTH","HIGH","YWLG"
95457,"Selawik_VOR-DME_US","WLK","Selawik","VOR-DME",114200,66.59950256347656,-159.99099731445312,7,"US",114200,"089X",,,,21.001,17.117,"LO","LOW","PASK"
95464,"West_Maitland_VOR_AU","WMD","West Maitland","VOR",114600,-32.75490188598633,151.53199768066406,,"AU",,,,,,12.007,12.2,"BOTH","HIGH",
95467,"Welkom_VOR-DME_ZA","WMV","Welkom","VOR-DME",116400,-28.001617,26.661115,4424,"ZA",116400,"111X",,,,,-19.503,"BOTH","HIGH","FAWM"
95468,"Wellington_VOR-DME_NZ","WN","Wellington","VOR-DME",112300,-41.33720016479492,174.81700134277344,42,"NZ",112300,"070X",-41.3371,174.817,22,21.007,22.059,"BOTH","HIGH","NZWN"
95483,"Wonthaggi_VOR_AU","WON","Wonthaggi","VOR",115900,-38.47119903564453,145.6230010986328,,"AU",,,,,,11.007,12.084,"BOTH","HIGH",
95485,"Whenuapai_VORTAC_NZ","WP","Whenuapai","VORTAC",108800,-36.786800384521484,174.63099670410156,100,"NZ",108800,"025X",,,,19.011,19.197,"TERMINAL","HIGH","NZWP"
95486,"Weipa_VOR-DME_AU","WP","Weipa","VOR-DME",112800,-12.673299789428711,141.92300415039062,75,"AU",112800,"075X",,,,5.007,5.406,"BOTH","HIGH","YBWP"
95491,"Wangqing_VOR-DME_CN","WQG","Wangqing","VOR-DME",112100,43.29499816894531,129.7830047607422,1051,"CN",112100,"058X",,,,,-9.528,"BOTH","HIGH",
95499,"Warburg_VOR-DME_DE","WRB","Warburg","VOR-DME",113700,51.505699157714844,9.110910415649414,843,"DE",113700,"084X",,,,0.001,0.527,"BOTH","HIGH",
95500,"Varna_VOR-DME_BG","WRN","Varna","VOR-DME",112400,43.23139953613281,27.81719970703125,197,"BG",112400,"071X",,,,,4.249,"BOTH","HIGH","LBWN"
95503,"Washim_VOR_IN","WSM","Washim","VOR",114500,20.11750030517578,77.16549682617188,,"IN",,,,,,-1.011,-0.459,"BOTH","HIGH",
95504,"Weser_VOR_DE","WSR","Weser","VOR",112900,53.34769821166992,8.875340461730957,,"DE",,,,,,0.009,0.434,"BOTH","HIGH",
95505,"Weston_VOR-DME_IE","WST","Weston","VOR-DME",114700,53.35300064086914,-6.494870185852051,200,"IE",114700,"094X",,,,,-5.076,"BOTH","MEDIUM","EIWT"
95518,"Wurzburg_VOR_DE","WUR","Wurzburg","VOR",110200,49.717498779296875,9.946999549865723,1052,"DE",,,,,,0.007,1.11,"BOTH","HIGH",
95525,"Weixian_VOR-DME_CN","WXI","Weixian","VOR-DME",115700,36.36330032348633,114.91699981689453,206,"CN",115700,"104X",,,,,-5.06,"BOTH","HIGH",
95531,"Wongyuan_VOR-DME_CN","WYN","Wongyuan","VOR-DME",113900,24.34670066833496,114.11199951171875,141,"CN",113900,"086X",,,,,-2.377,"BOTH","HIGH",
95532,"Wipper_VOR_DE","WYP","Wipper","VOR",109600,51.04840087890625,7.28000020980835,902,"DE",,,,,,0.009,0.195,"TERMINAL","HIGH",
95533,"Wynyard_VOR_AU","WYY","Wynyard","VOR",115800,-40.999298095703125,145.7259979248047,62,"AU",,,,,,12.007,13.084,"BOTH","HIGH","YWYY"
95539,"Donaldson_VOR-DME_CA","X7","Donaldson","VOR-DME",114500,61.66059875488281,-73.31719970703125,1906,"CA",114500,"092X",,,,-28.001,-27.474,"BOTH","HIGH","CTP9"
95541,"Oshima_VORTAC_JP","XAC","Oshima","VORTAC",113100,34.71229934692383,139.41400146484375,2078,"JP",113100,"078X",34.7126,139.413,2088,-5.007,-6.378,"BOTH","HIGH","RJTO"
95554,"Xichang_VOR-DME_CN","XIC","Xichang","VOR-DME",114200,27.998300552368164,102.18000030517578,5121,"CN",114200,"089X",,,,,-1.186,"BOTH","HIGH","ZUXC"
95556,"Xuejiadao_VOR-DME_CN","XJT","Xuejiadao","VOR-DME",117000,35.961700439453125,120.23999786376953,70,"CN",117000,"117X",,,,,-6.17,"BOTH","HIGH","CN-0164"
95560,"Gama_VOR_BR","XMA","Gama","VOR",117300,-15.878299713134766,-47.92179870605469,3479,"BR",,,,,,-19.007,-20.189,"TERMINAL","LOW","SBBR"
95561,"Kowa_VORTAC_JP","XMC","Kowa","VORTAC",113500,34.7046012878418,136.95799255371094,314,"JP",113500,"082X",34.7046,136.957,343,-6.007,-6.549,"BOTH","HIGH",
95562,"Xiamen_VOR-DME_CN","XMN","Xiamen","VOR-DME",114500,24.54170036315918,118.12200164794922,98,"CN",114500,"092X",,,,,-3.129,"BOTH","HIGH","ZSAM"
95563,"Christmas_Island_VOR-DME_CX","XMX","Christmas Island","VOR-DME",112400,-10.430299758911133,105.69000244140625,1000,"CX",112400,"071X",-10.4302,105.69,1000,0.007,0.195,"BOTH","HIGH","YPXM"
95567,"Chapeco_VOR-DME_BR","XPC","Chapeco","VOR-DME",116100,-27.135700225830078,-52.66299819946289,2146,"BR",116100,"108X",,,,,-15.08,"BOTH","HIGH","SBCH"
95573,"Florianopolis_VOR-DME_BR","XRO","Florianopolis","VOR-DME",117800,-27.670299530029297,-48.54669952392578,19,"BR",117800,"125X",,,,-16.007,-17.428,"BOTH","HIGH","SBFL"
95577,"Xishui_VOR-DME_CN","XSH","Xishui","VOR-DME",115400,30.43829917907715,115.2699966430664,141,"CN",115400,"101X",,,,,-3.592,"BOTH","HIGH",
95582,"Yellow_Bud_VOR_US","XUB","Yellow Bud","VOR",112500,39.52690124511719,-82.97789764404297,690,"US",,,,,,-5.001,-6.256,"TERMINAL","LOW",
95593,"Xuyong_VOR-DME_CN","XYO","Xuyong","VOR-DME",116700,28.170000076293945,105.4229965209961,1390,"CN",116700,"114X",,,,,-1.469,"BOTH","HIGH",
95596,"Izumo_VOR-DME_JP","XZE","Izumo","VOR-DME",113400,35.417198181152344,132.89199829101562,43,"JP",113400,"081X",,,,-7.011,-7.231,"BOTH","LOW","RJOC"
95605,"Yalova_VOR-DME_TR","YAA","Yalova","VOR-DME",117700,40.474998474121094,29.207500457763672,2857,"TR",117700,"124X",,,,2.007,4.133,"BOTH","HIGH","LTBP"
95609,"Yangyang_VOR-DME_KR","YAG","Yangyang","VOR-DME",110600,38.063201904296875,128.66099548339844,241,"KR",110600,"043X",,,,-8.011,-8.07,"BOTH","LOW","RKNY"
95611,"Yakutat_VOR-DME_US","YAK","Yakutat","VOR-DME",113300,59.510799407958984,-139.6479949951172,35,"US",113300,"080X",,,,23.001,22.42,"BOTH","HIGH","PAYA"
95612,"Yamoussoukro_VOR-DME_CI","YAM","Yamoussoukro","VOR-DME",115800,6.888889789581299,-5.378859996795654,699,"CI",115800,"105X",,,,,-6.004,"BOTH","HIGH","DIYO"
95613,"Ameson_VOR-DME_CA","YAN","Ameson","VOR-DME",112400,49.778099060058594,-84.59110260009766,870,"CA",112400,"071X",,,,-8.001,-8.248,"BOTH","HIGH",
95620,"St.aAthony_nNld_VOR-DME_CA","YAY","St.aAthony nNld","VOR-DME",113700,51.39390182495117,-56.083900451660156,114,"CA",113700,"084X",,,,-25.001,-22.292,,,"CYAY"
95624,"Baie-Comeau_VOR-DME_CA","YBC","Baie-Comeau","VOR-DME",117700,49.13399887084961,-68.22219848632812,71,"CA",117700,"124X",,,,-22.001,-19.332,"BOTH","HIGH","CYBC"
95627,"Baker_Lake_VOR-DME_CA","YBK","Baker Lake","VOR-DME",114500,64.31809997558594,-96.10469818115234,400,"CA",114500,"092X",,,,0.005,-2.034,"BOTH","HIGH","CYBK"
95628,"Yabrai_VOR-DME_CN","YBL","Yabrai","VOR-DME",115700,39.42829895019531,102.77200317382812,4026,"CN",115700,"104X",,,,,-1.586,"BOTH","HIGH",
95631,"Yibin_VOR-DME_CN","YBN","Yibin","VOR-DME",116500,28.79829978942871,104.55699920654297,937,"CN",116500,"112X",,,,,-1.43,"BOTH","HIGH",
95632,"Brandon_VORTAC_CA","YBR","Brandon","VORTAC",113800,49.90999984741211,-99.9457015991211,1381,"CA",113800,"085X",,,,10.001,6.44,"BOTH","HIGH","CYBR"
95636,"Cambridge_Bay_VOR-DME_CA","YCB","Cambridge Bay","VOR-DME",112700,69.1177978515625,-105.1729965209961,90,"CA",112700,"074X",,,,0.005,12.277,"TERMINAL","HIGH","CYCB"
95644,"Princeton_VORTAC_CA","YDC","Princeton","VORTAC",113900,49.38169860839844,-120.3740005493164,5329,"CA",113900,"086X",,,,21.001,17.508,"BOTH","HIGH","CYDC"
95645,"Deer_Lake_VOR-DME_CA","YDF","Deer Lake","VOR-DME",113300,49.23249816894531,-57.21329879760742,470,"CA",113300,"080X",,,,-21.001,-21.259,"BOTH","HIGH","CYDF"
95647,"Yongdam_VOR-DME_KR","YDM","Yongdam","VOR-DME",109000,33.51139831542969,126.48799896240234,100,"KR",109000,"027X",,,,-6.011,-6.315,"BOTH","LOW","RKPC"
95649,"Dauphin_VOR-DME_CA","YDN","Dauphin","VOR-DME",116100,51.10499954223633,-100.052001953125,1022,"CA",116100,"108X",,,,10.001,6.484,"BOTH","HIGH","CYDN"
95651,"Broadview_VORTAC_CA","YDR","Broadview","VORTAC",117500,50.36330032348633,-102.54000091552734,2016,"CA",117500,"122X",,,,12.001,8.554,"BOTH","HIGH",
95653,"Empress_VORTAC_CA","YEA","Empress","VORTAC",115900,50.92639923095703,-109.98899841308594,2436,"CA",115900,"106X",,,,17.001,14.09,"BOTH","HIGH","CYEA"
95654,"Midland_VOR-DME_CA","YEE","Midland","VOR-DME",112800,44.58169937133789,-79.79309844970703,800,"CA",112800,"075X",,,,-10.001,-10.313,"BOTH","HIGH","CYEE"
95655,"Edmonton_VORTAC_CA","YEG","Edmonton","VORTAC",117600,53.18560028076172,-113.86699676513672,2557,"CA",117600,"123X",,,,17.001,16.507,"BOTH","HIGH","CYEG"
95660,"Yeste_VOR-DME_ES","YES","Yeste","VOR-DME",115200,38.360801696777344,-2.352750062942505,4793,"ES",115200,"099X",38.3608,-2.35283,4793,-3.207,-1.45,"BOTH","HIGH",
95662,"Inuvik_VOR-DME_CA","YEV","Inuvik","VOR-DME",112500,68.30809783935547,-133.54800415039062,264,"CA",112500,"072X",,,,30.001,28.402,"BOTH","HIGH","CYEV"
95663,"Dakar_VOR-DME_SN","YF","Dakar","VOR-DME",113100,14.744799613952637,-17.47480010986328,111,"SN",113100,"078X",,,,-10.007,-8.49,"BOTH","HIGH","GOOY"
95665,"Frobay_VOR_CA","YFB","Frobay","VOR",117400,63.74169921875,-68.47329711914062,15,"CA",,,,,,-31.006,-32.275,"BOTH","HIGH","CYFB"
95666,"Fredericton_VORTAC_CA","YFC","Fredericton","VORTAC",113000,45.895301818847656,-66.41889953613281,52,"CA",113000,"077X",,,,-21.001,-18.382,"BOTH","HIGH","CYFC"
95669,"Fort_Simpson_VOR-DME_CA","YFS","Fort Simpson","VOR-DME",117900,61.77389907836914,-121.29900360107422,574,"CA",117900,"126X",,,,25.001,23.474,"BOTH","HIGH","CYFS"
95674,"Fort_Good_Hope_VOR-DME_CA","YGH","Fort Good Hope","VOR-DME",112300,66.23609924316406,-128.6230010986328,303,"CA",112300,"070X",,,,25.001,27.434,"BOTH","HIGH","CYGH"
95676,"La_Grande_Riviere_VOR-DME_CA","YGL","La Grande Riviere","VOR-DME",112200,53.6255989074707,-77.71640014648438,624,"CA",112200,"059X",,,,-18.001,-16.515,"BOTH","HIGH","CYGL"
95679,"Gaspe_VOR-DME_CA","YGP","Gaspe","VOR-DME",115400,48.763099670410156,-64.40470123291016,108,"CA",115400,"101X",,,,-22.001,-20.3,"BOTH","HIGH","CYGP"
95680,"Geraldton_VOR-DME_CA","YGQ","Geraldton","VOR-DME",114200,49.769798278808594,-86.9844970703125,1100,"CA",114200,"089X",,,,-5.001,-6.016,"BOTH","HIGH","CYGQ"
95681,"Grindstone_VOR-DME_CA","YGR","Grindstone","VOR-DME",112000,47.430301666259766,-61.77410125732422,63,"CA",112000,"057X",,,,-24.001,-20.206,"BOTH","HIGH","CYGR"
95691,"Hay_River_VOR-DME_CA","YHY","Hay River","VOR-DME",113900,60.83610153198242,-115.8030014038086,573,"CA",113900,"086X",,,,22.001,21.022,"BOTH","HIGH","CYHY"
95692,"Halifax_VOR-DME_CA","YHZ","Halifax","VOR-DME",115100,44.923099517822266,-63.401798248291016,604,"CA",115100,"098X",,,,-21.001,-19.014,"BOTH","HIGH","CYHZ"
95696,"Sanxia_VOR-DME_CN","YIH","Sanxia","VOR-DME",116900,30.56329917907715,111.47799682617188,637,"CN",116900,"116X",,,,,-3.141,"BOTH","HIGH",
95697,"Yijun_VOR-DME_CN","YIJ","Yijun","VOR-DME",113000,35.380001068115234,109.10700225830078,4812,"CN",113000,"077X",,,,,-3.24,"BOTH","HIGH",
95699,"Yingde_VOR-DME_CN","YIN","Yingde","VOR-DME",113500,24.20669937133789,113.41000366210938,84,"CN",113500,"082X",,,,,-2.302,"BOTH","HIGH",
95705,"St-Jean_VORTAC_CA","YJN","St-Jean","VORTAC",115800,45.25579833984375,-73.32129669189453,200,"CA",115800,"105X",,,,-16.001,-15.162,"BOTH","HIGH","CYJN"
95707,"Stephenville_VORTAC_CA","YJT","Stephenville","VORTAC",113100,48.58250045776367,-58.6692008972168,1184,"CA",113100,"078X",,,,-21.001,-21.071,"BOTH","HIGH","CYJT"
95708,"Yangju_VOR-DME_KR","YJU","Yangju","VOR-DME",114900,37.74800109863281,126.98799896240234,1368,"KR",114900,"096X",,,,-8.011,-7.517,"BOTH","HIGH","RKSS"
95717,"Yakushima_VOR-DME_JP","YKE","Yakushima","VOR-DME",117000,30.3794002532959,130.66299438476562,190,"JP",117000,"117X",,,,-6.011,-5.452,"BOTH","HIGH","RJFC"
95720,"Schefferville_VOR-DME_CA","YKL","Schefferville","VOR-DME",112700,54.81460189819336,-66.75479888916016,1990,"CA",112700,"074X",,,,-24.001,-23.391,"BOTH","HIGH","CYKL"
95721,"Yakima_VORTAC_US","YKM","Yakima","VORTAC",116000,46.5703010559082,-120.44499969482422,980,"US",116000,"107X",,,,21.001,16.557,"BOTH","HIGH",
95722,"Yankton_VOR-DME_US","YKN","Yankton","VOR-DME",111400,42.918399810791016,-97.38500213623047,1301,"US",111400,"051X",,,,7.001,4.506,"LO","MEDIUM","KYKN"
95743,"Miyazu_VOR-DME_JP","YME","Miyazu","VOR-DME",112600,35.4807014465332,135.13699340820312,2428,"JP",112600,"073X",,,,-6.007,-7.191,"BOTH","HIGH",
95746,"Moose_Jaw_VORTAC_CA","YMJ","Moose Jaw","VORTAC",113400,50.33110046386719,-105.56300354003906,1898,"CA",113400,"081X",,,,12.006,11.125,"BOTH","HIGH","CYMJ"
95747,"Fort_Mcmurray_VOR-DME_CA","YMM","Fort Mcmurray","VOR-DME",112000,56.64720153808594,-111.12200164794922,1205,"CA",112000,"057X",,,,17.001,16.283,"BOTH","HIGH","CYMM"
95748,"Moosonee_VOR-DME_CA","YMO","Moosonee","VOR-DME",112900,51.291500091552734,-80.6073989868164,30,"CA",112900,"076X",,,,-13.001,-12.552,"BOTH","HIGH","CYMO"
95750,"Yurimaguas_VOR_PE","YMR","Yurimaguas","VOR",113700,-5.892250061035156,-76.14080047607422,,"PE",,,,,,,-2.078,"BOTH","HIGH","SPMS"
95751,"Mans_VORTAC_CA","YMS","Mans","VORTAC",114500,44.14310073852539,-80.14620208740234,1682,"CA",114500,"092X",,,,-10.001,-10.049,"BOTH","HIGH",
95756,"Mirabel_VOR-DME_CA","YMX","Mirabel","VOR-DME",116700,45.888301849365234,-74.37570190429688,1663,"CA",116700,"114X",,,,-15.001,-14.542,"BOTH","HIGH","CYMX"
95760,"Natash_VOR-DME_CA","YNA","Natash","VOR-DME",113600,50.18370056152344,-61.78110122680664,35,"CA",113600,"083X",,,,-25.001,-21.413,"BOTH","HIGH","CYNA"
95761,"Yinchuan_VOR-DME_CN","YNC","Yinchuan","VOR-DME",112900,38.323299407958984,106.39700317382812,3690,"CN",112900,"076X",,,,,-2.578,"BOTH","HIGH",
95763,"Yonaguni_VOR-DME_JP","YNE","Yonaguni","VOR-DME",115050,24.46489906311035,122.99800109863281,315,"JP",115050,"097Y",,,,-4.011,-3.42,"BOTH","HIGH","ROYN"
95765,"Youngstown_VORTAC_US","YNG","Youngstown","VORTAC",109000,41.33100128173828,-80.67469787597656,1160,"US",109000,"027X",,,,-5.001,-8.447,"BOTH","MEDIUM","KYNG"
95767,"Yanji_VOR-DME_CN","YNJ","Yanji","VOR-DME",113100,42.88330078125,129.43600463867188,661,"CN",113100,"078X",,,,,-9.433,"BOTH","HIGH","ZYYJ"
95768,"Ioannina_VOR-DME_GR","YNN","Ioannina","VOR-DME",108600,39.70140075683594,20.81999969482422,1568,"GR",108600,"023X",,,,2.007,3.029,"BOTH","HIGH","LGIO"
95771,"Yantai_VOR-DME_CN","YNT","Yantai","VOR-DME",112500,37.38669967651367,121.35700225830078,51,"CN",112500,"072X",,,,,-6.533,"BOTH","HIGH","CN-0443"
95772,"Enderby_VORTAC_CA","YNY","Enderby","VORTAC",115200,50.677799224853516,-118.93900299072266,6697,"CA",115200,"099X",,,,21.001,17.546,"BOTH","HIGH",
95777,"Yao_VOR-DME_JP","YOE","Yao","VOR-DME",114600,34.5984992980957,135.593994140625,101,"JP",114600,"093X",,,,-7.011,-6.595,"BOTH","HIGH","RJOY"
95779,"High_Level_VOR-DME_CA","YOJ","High Level","VOR-DME",113300,58.55440139770508,-117.09300231933594,1129,"CA",113300,"080X",,,,21.001,20.311,"BOTH","HIGH","CYOJ"
95781,"Yola_VOR-DME_NG","YOL","Yola","VOR-DME",115500,9.292110443115234,12.424699783325195,599,"NG",115500,"102X",,,,,-0.574,"BOTH","HIGH","DNYO"
95783,"Ottawa_VOR-DME_CA","YOW","Ottawa","VOR-DME",114600,45.441699981689,-75.897003173828,450,"CA",114600,"093X",,,,-14,-13.4,"BOTH","HIGH","CYOW"
95785,"Prince_Albert_VOR-DME_CA","YPA","Prince Albert","VOR-DME",113000,53.21670150756836,-105.66699981689453,1433,"CA",113000,"077X",,,,14.001,11.422,"BOTH","HIGH","CYPA"
95787,"Peace_River_VOR-DME_CA","YPE","Peace River","VOR-DME",117200,56.20690155029297,-117.51200103759766,1925,"CA",117200,"119X",,,,20.001,19.368,"BOTH","HIGH","CYPE"
95788,"Portage_VOR-DME_CA","YPG","Portage","VOR-DME",114600,49.89970016479492,-98.26730346679688,900,"CA",114600,"093X",,,,8.001,5.139,"BOTH","HIGH","CYPG"
95789,"Pitt_Meadows_Bc_VOR_CA","YPK","Pitt Meadows Bc","VOR",112400,49.21670150756836,-122.71499633789062,44,"CA",,,,,,21.001,18.19,"LO","MEDIUM","CYPK"
95801,"Quebec_VORTAC_CA","YQB","Quebec","VORTAC",112800,46.705299377441406,-71.62660217285156,270,"CA",112800,"075X",,,,-18.001,-16.502,"BOTH","HIGH","CYQB"
95802,"The_Pas_VOR-DME_CA","YQD","The Pas","VOR-DME",113600,53.97359848022461,-101.0999984741211,911,"CA",113600,"083X",,,,11.001,7.45,"BOTH","HIGH","CYQD"
95804,"Windsor_VOR-DME_CA","YQG","Windsor","VOR-DME",113800,42.24980163574219,-82.82879638671875,620,"CA",113800,"085X",,,,-6.001,-7.171,"LO","HIGH","KDET"
95805,"Jinan_VOR-DME_CN","YQG","Jinan","VOR-DME",113700,36.83000183105469,117.21700286865234,76,"CN",113700,"084X",,,,,-5.487,"BOTH","HIGH","ZSJN"
95806,"Watson_Lake_VOR-DME_CA","YQH","Watson Lake","VOR-DME",114900,60.08639907836914,-128.85800170898438,2517,"CA",114900,"096X",,,,28.001,23.586,"BOTH","HIGH","CYQH"
95807,"Yarmouth_VOR-DME_CA","YQI","Yarmouth","VOR-DME",113300,43.82509994506836,-66.0824966430664,164,"CA",113300,"080X",,,,-19.001,-17.551,"BOTH","HIGH","CYQI"
95809,"Lethbridge_VOR-DME_CA","YQL","Lethbridge","VOR-DME",115700,49.6343994140625,-112.66799926757812,3109,"CA",115700,"104X",,,,18.001,15.121,"BOTH","HIGH","CYQL"
95810,"Moncton_VORTAC_CA","YQM","Moncton","VORTAC",117300,46.18899917602539,-64.5707015991211,172,"CA",117300,"120X",,,,-22.001,-19.165,"BOTH","HIGH","CYQM"
95812,"Thunder_Bay_VORTAC_CA","YQT","Thunder Bay","VORTAC",114100,48.25389862060547,-89.4375991821289,1641,"CA",114100,"088X",,,,-1.001,-3.027,"BOTH","HIGH","CYQT"
95813,"Grande_Prairie_VOR-DME_CA","YQU","Grande Prairie","VOR-DME",113100,55.174198150634766,-119.02999877929688,2515,"CA",113100,"078X",,,,20.001,19.426,"BOTH","HIGH","CYQU"
95814,"Yorkton_VORTAC_CA","YQV","Yorkton","VORTAC",115800,51.264198303222656,-102.46900177001953,1665,"CA",115800,"105X",,,,12.001,8.549,"BOTH","HIGH","CYQV"
95815,"Gander_VORTAC_CA","YQX","Gander","VORTAC",112700,48.89970016479492,-54.5349006652832,600,"CA",112700,"074X",,,,-25.001,-21.078,"BOTH","HIGH","CYQX"
95816,"Sydney_VORTAC_CA","YQY","Sydney","VORTAC",114900,46.15340042114258,-60.05590057373047,258,"CA",114900,"096X",,,,-22.001,-19.595,"BOTH","HIGH","CYQY"
95820,"Resolute_Bay_VOR-DME_CA","YRB","Resolute Bay","VOR-DME",112100,74.72810363769531,-94.92279815673828,221,"CA",112100,"058X",,,,-48.005,-31.332,"BOTH","HIGH","CYRB"
95822,"Yoron_VOR-DME_JP","YRE","Yoron","VOR-DME",112250,27.04439926147461,128.3979949951172,63,"JP",112250,"059Y",,,,-5.011,-4.419,"BOTH","HIGH","RORY"
95823,"Riviere_Du_Loup_VOR_CA","YRI","Riviere Du Loup","VOR",113900,47.75749969482422,-69.58979797363281,425,"CA",,,,,,-20.001,-18.182,"BOTH","HIGH","CYRI"
95824,"York_VORTAC_US","YRK","York","VORTAC",112800,38.644100189208984,-82.97830200195312,1040,"US",112800,"075X",,,,-5.001,-6.125,"LO","MEDIUM",
95825,"Red_Lake_VOR-DME_CA","YRL","Red Lake","VOR-DME",114000,51.0713996887207,-93.76190185546875,1280,"CA",114000,"087X",,,,3.001,0.372,"BOTH","HIGH","CYRL"
95826,"Rocky_Mtn_House_VOR-DME_CA","YRM","Rocky Mtn House","VOR-DME",114300,52.502201080322266,-115.3239974975586,3544,"CA",114300,"090X",,,,16.001,17.16,"BOTH","HIGH","CYRM"
95829,"Rankin_Inlet_VOR-DME_CA","YRT","Rankin Inlet","VOR-DME",112400,62.813899993896484,-92.11720275878906,140,"CA",112400,"071X",,,,0.005,-7.377,"BOTH","HIGH","CYRT"
95830,"Sudbury_VOR-DME_CA","YSB","Sudbury","VOR-DME",112300,46.62919998168945,-80.79810333251953,1120,"CA",112300,"070X",,,,-10.001,-10.3,"BOTH","HIGH","CYSB"
95832,"Shonai_VOR-DME_JP","YSE","Shonai","VOR-DME",109600,38.81079864501953,139.7989959716797,162,"JP",109600,"033X",,,,-8.011,-8,"BOTH","HIGH","RJSY"
95835,"Saint_John_VOR-DME_CA","YSJ","Saint John","VOR-DME",113500,45.40719985961914,-65.87079620361328,494,"CA",113500,"082X",,,,-21.001,-18.359,"BOTH","HIGH","CYSJ"
95839,"Fort_Smith_VOR-DME_CA","YSM","Fort Smith","VOR-DME",112400,60.020301818847656,-111.96900177001953,708,"CA",112400,"071X",,,,19.001,18.18,"BOTH","HIGH","CYSM"
95840,"Simcoe_VOR-DME_CA","YSO","Simcoe","VOR-DME",117350,44.23860168457031,-79.17169952392578,932,"CA",117350,"120Y",,,,-10.001,-10.527,"BOTH","HIGH","CNF4"
95841,"Marathon_VOR-DME_CA","YSP","Marathon","VOR-DME",115900,48.74340057373047,-86.32749938964844,1200,"CA",115900,"106X",,,,-5.001,-6.171,"BOTH","HIGH","CYSP"
95844,"Yeosu_VOR-DME_KR","YSU","Yeosu","VOR-DME",115700,34.842899322509766,127.61900329589844,68,"KR",115700,"104X",,,,-7.011,-7.017,"BOTH","HIGH","RKJY"
95845,"Ilopango_VOR-DME_SV","YSV","Ilopango","VOR-DME",116500,13.690099716186523,-89.11630249023438,2046,"SV",116500,"112X",,,,3.007,2.007,"BOTH","HIGH","MSSS"
95853,"Yamagata_VOR-DME_JP","YTE","Yamagata","VOR-DME",113000,38.38859939575195,140.35800170898438,361,"JP",113000,"077X",,,,-8.011,-7.464,"BOTH","HIGH","RJSC"
95856,"Thompson_VOR-DME_CA","YTH","Thompson","VOR-DME",112900,55.81119918823242,-97.82530212402344,796,"CA",112900,"076X",,,,8.001,4.061,"BOTH","HIGH","CYTH"
95860,"Pearson_VOR-DME_CA","YTP","Pearson","VOR-DME",116550,43.67169952392578,-79.66419982910156,580,"CA",116550,"112Y",,,,-10.001,-10.176,"BOTH","HIGH","CYYZ"
95863,"Timmins_VOR-DME_CA","YTS","Timmins","VOR-DME",113000,48.5718994140625,-81.37000274658203,976,"CA",113000,"077X",,,,-10.001,-10.512,"BOTH","HIGH","CYTS"
95865,"Imperatriz_VOR-DME_BR","YTZ","Imperatriz","VOR-DME",112700,-5.523829936981201,-47.449798583984375,431,"BR",112700,"074X",,,,-19.007,-20.23,"BOTH","HIGH","SBIZ"
95873,"Montreal_VOR-DME_CA","YUL","Montreal","VOR-DME",116300,45.6150016784668,-73.9717025756836,200,"CA",116300,"110X",,,,-16.001,-15.022,"BOTH","HIGH","CYUL"
95875,"Hall_Beach_VOR-DME_CA","YUX","Hall Beach","VOR-DME",117300,68.7782974243164,-81.2394027709961,53,"CA",117300,"120X",,,,0.005,-34.275,"BOTH","HIGH","CYUX"
95879,"La_Ronge_VOR-DME_CA","YVC","La Ronge","VOR-DME",112300,55.15829849243164,-105.26699829101562,1344,"CA",112300,"070X",,,,12.001,11.398,"BOTH","HIGH","CYVC"
95880,"Yonago_VOR-DME_JP","YVE","Yonago","VOR-DME",114100,35.49340057373047,133.23300170898438,39,"JP",114100,"088X",,,,-7.011,-7.242,"BOTH","LOW","RJOH"
95881,"Val-d'Or_VOR-DME_CA","YVO","Val-d'Or","VOR-DME",113700,48.17530059814453,-77.82029724121094,1112,"CA",113700,"084X",,,,-14.001,-13.345,"BOTH","HIGH","CYVO"
95882,"Kujack_VOR-DME_CA","YVP","Kujack","VOR-DME",112500,58.09629821777344,-68.42729949951172,150,"CA",112500,"072X",,,,-27.001,-25.569,"BOTH","HIGH","CYVP"
95883,"Norman_Wells_VOR-DME_CA","YVQ","Norman Wells","VOR-DME",112700,65.26419830322266,-126.7249984741211,257,"CA",112700,"074X",,,,28.001,27,"BOTH","HIGH","CYVQ"
95884,"Vancouver_VORTAC_CA","YVR","Vancouver","VORTAC",115900,49.07720184326172,-123.14900207519531,17,"CA",115900,"106X",,,,21.001,18.209,"BOTH","HIGH","CYVR"
95885,"Wiarton_VORTAC_CA","YVV","Wiarton","VORTAC",117700,44.74480056762695,-81.10540008544922,730,"CA",117700,"124X",,,,-8.001,-9.313,"BOTH","HIGH","CYVV"
95887,"Eyrewell_VOR-DME_NZ","YW","Eyrewell","VOR-DME",116600,-43.398799896240234,172.38499450683594,348,"NZ",116600,"113X",-43.3989,172.385,351,23.007,23.13,"BOTH","HIGH","NZCH"
95889,"Yarrowee_VOR_AU","YWE","Yarrowee","VOR",114300,-37.738399505615234,143.7550048828125,,"AU",,,,,,10.007,11.041,"BOTH","HIGH",
95891,"Winnipeg_VORTAC_CA","YWG","Winnipeg","VORTAC",115500,49.927799224853516,-97.23919677734375,820,"CA",115500,"102X",,,,7.001,4.164,"BOTH","HIGH","CYWG"
95892,"Wabush_VOR-DME_CA","YWK","Wabush","VOR-DME",112300,52.96009826660156,-66.85350036621094,2267,"CA",112300,"070X",,,,-26.001,-22.178,"BOTH","HIGH","CYWK"
95893,"Williams_Lake_VORTAC_CA","YWL","Williams Lake","VORTAC",113600,52.236900329589844,-122.16999816894531,3662,"CA",113600,"083X",,,,23.001,19.207,"BOTH","HIGH","CYWL"
95899,"Cranbrook_VOR-DME_CA","YXC","Cranbrook","VOR-DME",112100,49.55500030517578,-116.08799743652344,7585,"CA",112100,"058X",,,,16.001,16.352,"BOTH","HIGH","CYXC"
95900,"Saskatoon_VORTAC_CA","YXE","Saskatoon","VORTAC",116200,52.18109893798828,-106.72000122070312,1700,"CA",116200,"109X",,,,16.001,12.191,"BOTH","HIGH","CYXE"
95902,"Killaloe_VOR-DME_CA","YXI","Killaloe","VOR-DME",115600,45.66310119628906,-77.60279846191406,587,"CA",115600,"103X",,,,-12.001,-12.37,"BOTH","HIGH",
95903,"Fort_St.jJhn_VOR-DME_CA","YXJ","Fort St.jJhn","VOR-DME",114200,56.28419876098633,-120.89600372314453,2674,"CA",114200,"089X",,,,21.001,20.466,,,"CYXJ"
95910,"Prince_George_VOR-DME_CA","YXS","Prince George","VOR-DME",112300,53.89419937133789,-122.45600128173828,4051,"CA",112300,"070X",,,,21.001,20.057,"BOTH","HIGH","CYXS"
95911,"London_VORTAC_CA","YXU","London","VORTAC",117200,43.03810119628906,-81.14839935302734,910,"CA",117200,"119X",,,,-8.001,-8.542,"BOTH","HIGH","CYXU"
95912,"Whitehorse_VOR-DME_CA","YXY","Whitehorse","VOR-DME",116600,60.618900299072266,-135.13900756835938,5285,"CA",116600,"113X",,,,23.001,23.574,"BOTH","HIGH","CYXY"
95913,"Wawa_VOR-DME_CA","YXZ","Wawa","VOR-DME",112700,47.95000076293945,-84.82330322265625,797,"CA",112700,"074X",,,,-6.001,-7.259,"BOTH","HIGH","CYXZ"
95915,"North_Bay_VOR-DME_CA","YYB","North Bay","VOR-DME",115400,46.36389923095703,-79.4364013671875,1220,"CA",115400,"101X",,,,-11.001,-11.302,"BOTH","HIGH","CYYB"
95916,"Calgary_VOR-DME_CA","YYC","Calgary","VOR-DME",116700,51.1151008606,-113.882003784,3566,"CA",116700,"114X",,,,20,16.1,"BOTH","HIGH","CYYC"
95917,"Houston_VOR-DME_CA","YYD","Houston","VOR-DME",114700,54.45220184326172,-126.6510009765625,4189,"CA",114700,"094X",,,,25.001,21.02,"BOTH","HIGH","CAM5"
95918,"Fort_Nelson_VOR-DME_CA","YYE","Fort Nelson","VOR-DME",112900,58.891700744628906,-123.01599884033203,2040,"CA",112900,"076X",,,,23.002,22.362,"BOTH","HIGH","CYYE"
95920,"Charlottetown_VOR-DME_CA","YYG","Charlottetown","VOR-DME",113800,46.29750061035156,-63.11970138549805,212,"CA",113800,"085X",,,,-22.001,-19.38,"BOTH","HIGH","CYYG"
95922,"Victoria_VOR-DME_CA","YYJ","Victoria","VOR-DME",113700,48.726898193359375,-123.48400115966797,1968,"CA",113700,"084X",,,,21.004,18.169,"BOTH","HIGH","CYYJ"
95923,"Lynn_Lake_VOR-DME_CA","YYL","Lynn Lake","VOR-DME",112600,56.864200592041016,-101.07499694824219,1219,"CA",112600,"073X",,,,7.001,7.398,"BOTH","HIGH","CYYL"
95924,"Swift_Current_VOR-DME_CA","YYN","Swift Current","VOR-DME",117400,50.29719924926758,-107.69100189208984,2680,"CA",117400,"121X",,,,12.001,12.378,"BOTH","HIGH","CYYN"
95925,"Churchill_VOR-DME_CA","YYQ","Churchill","VOR-DME",114100,58.74169921875,-94.13529968261719,45,"CA",114100,"088X",,,,1.012,-1.338,"BOTH","HIGH","CYYQ"
95926,"Goose_VOR-DME_CA","YYR","Goose","VOR-DME",117300,53.319801330566406,-60.29460144042969,92,"CA",117300,"120X",,,,-24.001,-23.395,"BOTH","HIGH","CYYR"
95927,"Torbay_VOR-DME_CA","YYT","Torbay","VOR-DME",113500,47.48529815673828,-52.85219955444336,833,"CA",113500,"082X",,,,-24.001,-20.209,"BOTH","HIGH","CYYT"
95930,"Mont_Joli_VOR-DME_CA","YYY","Mont Joli","VOR-DME",115900,48.612098693847656,-68.20899963378906,190,"CA",115900,"106X",,,,-22.001,-19.172,"BOTH","HIGH","CYYY"
95931,"Toronto_VOR-DME_CA","YYZ","Toronto","VOR-DME",112150,43.65810012817383,-79.63169860839844,541,"CA",112150,"058Y",,,,-10.001,-10.189,"BOTH","HIGH","CYYZ"
95936,"Yazd_Shahid_Sadooghi_VOR-DME_IR","YZD","Yazd Shahid Sadooghi","VOR-DME",117700,31.897600173950195,54.28269958496094,4054,"IR",117700,"124X",,,,2.001,2.553,"BOTH","HIGH","OIYY"
95939,"Yellowknife_VORTAC_CA","YZF","Yellowknife","VORTAC",115500,62.46440124511719,-114.43699645996094,712,"CA",115500,"102X",,,,22.001,21.054,"BOTH","HIGH","CYZF"
95942,"Sandspit_VORTAC_CA","YZP","Sandspit","VORTAC",114100,53.252201080322266,-131.8070068359375,30,"CA",114100,"088X",,,,25.001,20.479,"BOTH","HIGH","CYZP"
95944,"Port_Hardy_VORTAC_CA","YZT","Port Hardy","VORTAC",112000,50.684200286865234,-127.36499786376953,39,"CA",112000,"057X",,,,23.001,19.33,"BOTH","HIGH","CYZT"
95946,"Whitecourt_VOR-DME_CA","YZU","Whitecourt","VOR-DME",112500,54.145599365234375,-115.7969970703125,2604,"CA",112500,"072X",,,,19.001,18.039,"BOTH","HIGH","CYZU"
95947,"Sept_Iles_VOR_CA","YZV","Sept Iles","VOR",114500,50.23210144042969,-66.2739028930664,180,"CA",,,,,,-20.001,-20.478,"BOTH","HIGH","CYZV"
95962,"Zagreb_VOR-DME_HR","ZAG","Zagreb","VOR-DME",113700,45.895599365234375,16.306699752807617,420,"HR",113700,"084X",,,,1.007,2.405,"BOTH","HIGH","LDZA"
95965,"Zanjan_VORTAC_IR","ZAJ","Zanjan","VORTAC",114100,36.591400146484375,48.69049835205078,5705,"IR",114100,"088X",,,,4.001,4.228,"BOTH","HIGH","OITZ"
95967,"Zakinthos_VOR-DME_GR","ZAK","Zakinthos","VOR-DME",110800,37.74480056762695,20.88409996032715,20,"GR",110800,"045X",,,,1.007,2.539,"BOTH","HIGH","LGZA"
95969,"Zamboanga_VOR-DME_PH","ZAM","Zamboanga","VOR-DME",113900,6.924689769744873,122.05500030517578,51,"PH",113900,"086X",,,,0.007,0.074,"BOTH","HIGH","RPMZ"
95970,"Jiuzhou_VOR_MO","ZAO","Jiuzhou","VOR",117200,22.24530029296875,113.61499786376953,,"MO",,,,,,-2.011,-2.105,"BOTH","HIGH","VMMC"
95971,"Zapopan_VOR-DME_MX","ZAP","Zapopan","VOR-DME",113400,20.749799728393555,-103.46499633789062,5333,"MX",113400,"081X",,,,8.011,7.31,"BOTH","HIGH","MMZP"
95972,"Zaragoza_VOR-DME_ES","ZAR","Zaragoza","VOR-DME",113000,41.657901763916016,-1.0308599472045898,876,"ES",113000,"077X",41.6579,-1.03076,876,-3.007,-1.312,"BOTH","HIGH","LEZG"
95976,"Zawia_VOR-DME_LY","ZAW","Zawia","VOR-DME",117700,32.77859878540039,12.646400451660156,56,"LY",117700,"124X",,,,0.007,1.255,"BOTH","HIGH",
95977,"Zhob_VOR-DME_PK","ZB","Zhob","VOR-DME",115700,31.35569953918457,69.45970153808594,4698,"PK",115700,"104X",,,,,1.422,"BOTH","HIGH","OPZB"
95980,"Zabaykalsk_VOR_RU","ZBK","Zabaykalsk","VOR",112300,49.64670181274414,117.33300018310547,2315,"RU",,,,,,,-8.568,"BOTH","HIGH",
95983,"Bimini_VORTAC_BS","ZBV","Bimini","VORTAC",116700,25.70391,-79.29365,10,"BS",116700,"114X",,,,-4,-6.1,"BOTH","HIGH","MYBS"
95987,"Zacatecas_VOR-DME_MX","ZCL","Zacatecas","VOR-DME",117600,22.887399673461914,-102.69300079345703,7141,"MX",117600,"123X",,,,8.001,7.195,"BOTH","HIGH","MMZC"
95988,"Cusco_VOR-DME_PE","ZCO","Cusco","VOR-DME",114900,-13.519200325012207,-72.01000213623047,12745,"PE",114900,"096X",,,,,-3.231,"BOTH","MEDIUM","SPZO"
95991,"Zadar_VOR-DME_HR","ZDA","Zadar","VOR-DME",108600,44.095298767089844,15.3641996383667,278,"HR",108600,"023X",,,,1.007,2.24,"RNAV","HIGH","LDZD"
95993,"Zahedan_VOR-DME_IR","ZDN","Zahedan","VOR-DME",116000,29.4867000579834,60.9015998840332,4528,"IR",116000,"107X",,,,2.001,1.493,"BOTH","HIGH","OIZH"
96001,"Zemmouri_VOR-DME_DZ","ZEM","Zemmouri","VOR-DME",116600,36.79499816894531,3.5708301067352295,154,"DZ",116600,"113X",,,,-2.007,-0.089,"BOTH","HIGH",
96012,"Freeport_VOR-DME_BS","ZFP","Freeport","VOR-DME",113200,26.555299758911133,-78.6978988647461,7,"BS",113200,"079X",,,,-3.002,-6.404,"BOTH","HIGH","MYGF"
96014,"Zofar_VOR-DME_IL","ZFR","Zofar","VOR-DME",115600,30.558300018310547,35.16109848022461,100,"IL",115600,"103X",,,,2.007,3.332,"BOTH","HIGH",
96015,"Ziguinchor_VOR_SN","ZG","Ziguinchor","VOR",112500,12.557499885559082,-16.272600173950195,91,"SN",,,,,,,-8.482,"BOTH","HIGH","GOGG"
96027,"Zhoukou_VOR-DME_CN","ZHO","Zhoukou","VOR-DME",115500,33.66170120239258,114.64199829101562,335,"CN",115500,"102X",,,,,-4.288,"BOTH","HIGH",
96033,"Zihuatanejo_VOR-DME_MX","ZIH","Zihuatanejo","VOR-DME",113800,17.603200912475586,-101.47699737548828,26,"MX",113800,"085X",,,,8.004,6.519,"BOTH","HIGH","MMZH"
96035,"Zipaquira_VOR-DME_CO","ZIP","Zipaquira","VOR-DME",114700,5.018060207366943,-73.98670196533203,8250,"CO",114700,"094X",,,,,-5.455,"BOTH","HIGH","SKBO"
96039,"Khanty_Mansiysk_VOR-DME_RU","ZJ","Khanty Mansiysk","VOR-DME",113800,61.03329849243164,69.13330078125,138,"RU",113800,"085X",,,,15.007,17.029,"BOTH","HIGH","USHH"
96055,"Manzanillo_VOR-DME_MX","ZLO","Manzanillo","VOR-DME",116800,19.150100708007812,-104.5719985961914,30,"MX",116800,"115X",,,,8.006,7.476,"BOTH","HIGH","MMZO"
96064,"Zao-Yamada_VOR_JP","ZMO","Zao-Yamada","VOR",110800,38.189998626708984,140.33599853515625,,"JP",,,,,,-8.011,-7.425,"LO","LOW","RJSC"
96065,"Zamora_VOR-DME_ES","ZMR","Zamora","VOR-DME",117100,41.53020095825195,-5.639699935913086,2093,"ES",117100,"118X",41.5302,-5.63976,2093,-4.007,-2.592,"BOTH","HIGH",
96081,"Sola_VOR-DME_NO","ZOL","Sola","VOR-DME",116850,58.875099182128906,5.64015007019043,56,"NO",116850,"115Y",,,,-3.001,-0.576,"RNAV","HIGH","ENZV"
96091,"Nassau_VOR-DME_BS","ZQA","Nassau","VOR-DME",112700,25.02549934387207,-77.44640350341797,7,"BS",112700,"074X",,,,-6.001,-7.11,"BOTH","HIGH","MYNN"
96098,"Zinder_VOR_NE","ZR","Zinder","VOR",116200,13.770600318908691,8.972390174865723,1509,"NE",,,,,,,-0.552,"BOTH","HIGH","DRZR"
96106,"Zouerat_VOR_MR","ZRT","Zouerat","VOR",112700,22.758499145507812,-12.461600303649902,,"MR",,,,,,,-5.3,"BOTH","HIGH",
96122,"Treasure_Cay_VOR-DME_BS","ZTC","Treasure Cay","VOR-DME",112900,26.734800338745117,-77.37920379638672,8,"BS",112900,"076X",,,,-5.002,-7.343,"BOTH","HIGH","MYAT"
96130,"Zurich_East_VOR-DME_CH","ZUE","Zurich East","VOR-DME",110050,47.592201232910156,8.817669868469238,1730,"CH",110050,"037Y",,,,0.007,0.556,"BOTH","HIGH","LSZH"
96132,"Lianshengwei_VOR-DME_CN","ZUH","Lianshengwei","VOR-DME",116700,22.22170066833496,113.46700286865234,21,"CN",116700,"114X",,,,,-2.102,"BOTH","HIGH","ZGSD"
96135,"Zuni_VORTAC_US","ZUN","Zuni","VORTAC",113400,34.96580123901367,-109.15499877929688,6550,"US",113400,"081X",,,,14.001,10.49,"BOTH","HIGH",
96138,"Yerevan_VOR-DME_AM","ZVR","Yerevan","VOR-DME",112300,40.14720153808594,44.367000579833984,2824,"AM",112300,"070X",,,,5.007,5.176,"TERMINAL","HIGH",
96149,"Zweibrucken_VOR-DME_DE","ZWN","Zweibrucken","VOR-DME",114800,49.22909927368164,7.4178900718688965,1177,"DE",114800,"095X",,,,0.001,0.281,"BOTH","HIGH","EDRZ"
96159,"Zanderij_VOR-DME_SR","ZY","Zanderij","VOR-DME",114300,5.450540065765381,-55.18439865112305,59,"SR",114300,"090X",,,,-14.007,-16.576,"BOTH","HIGH","SMJP"
96163,"Ziyang_VOR-DME_CN","ZYG","Ziyang","VOR-DME",112100,30.114999771118164,104.677001953125,1285,"CN",112100,"058X",,,,,-1.505,"BOTH","HIGH",
96176,"Zanesville_VOR-DME_US","ZZV","Zanesville","VOR-DME",111400,39.94089889526367,-81.8926010131836,900,"US",111400,"051X",,,,-6.001,-7.237,"LO","MEDIUM","KZZV"
